capture_run_id,company,document_year,table_id,pdf_name,table_query,note_number,located_title,row_order,row_type,row_level,parent_section,raw_item,normalized_item,capture_canonical_item,capture_mapping_status,year,scope,restated,header_raw,value_raw,value,value_yuan,unit,original_unit,page,header_source_page,source_method,source_key
交银人寿2022年报__业务及管理费__20260721T162524,交银人寿,2022,交银人寿20222025业务及管理费,eb3bf997bcdc_交银人寿2022年报.pdf,业务及管理费,,48 业务及管理费,1,DETAIL,0,,工资及福利费,工资及福利费,,UNMAPPED,2022.0,,False,2022.0,"366,354,777",366354777.0,,,,91,,spatial_roi+column_anchors,||工资及福利费
交银人寿2022年报__业务及管理费__20260721T162524,交银人寿,2022,交银人寿20222025业务及管理费,eb3bf997bcdc_交银人寿2022年报.pdf,业务及管理费,,48 业务及管理费,1,DETAIL,0,,工资及福利费,工资及福利费,,UNMAPPED,2021.0,,False,2021.0,"405,251,811",405251811.0,,,,91,,spatial_roi+column_anchors,||工资及福利费
交银人寿2022年报__业务及管理费__20260721T162524,交银人寿,2022,交银人寿20222025业务及管理费,eb3bf997bcdc_交银人寿2022年报.pdf,业务及管理费,,48 业务及管理费,1,DETAIL,0,,工资及福利费,工资及福利费,,UNMAPPED,2022.0,,False,2022.0,"321,213,616",321213616.0,,,,91,,spatial_roi+column_anchors,||工资及福利费
交银人寿2022年报__业务及管理费__20260721T162524,交银人寿,2022,交银人寿20222025业务及管理费,eb3bf997bcdc_交银人寿2022年报.pdf,业务及管理费,,48 业务及管理费,1,DETAIL,0,,工资及福利费,工资及福利费,,UNMAPPED,2021.0,,False,2021.0,"349,232,729",349232729.0,,,,91,,spatial_roi+column_anchors,||工资及福利费
交银人寿2022年报__业务及管理费__20260721T162524,交银人寿,2022,交银人寿20222025业务及管理费,eb3bf997bcdc_交银人寿2022年报.pdf,业务及管理费,,48 业务及管理费,2,DETAIL,0,,服务费,服务费,,UNMAPPED,2022.0,,False,2022.0,"100,192,954",100192954.0,,,,91,,spatial_roi+column_anchors,||服务费
交银人寿2022年报__业务及管理费__20260721T162524,交银人寿,2022,交银人寿20222025业务及管理费,eb3bf997bcdc_交银人寿2022年报.pdf,业务及管理费,,48 业务及管理费,2,DETAIL,0,,服务费,服务费,,UNMAPPED,2021.0,,False,2021.0,"128,187,335",128187335.0,,,,91,,spatial_roi+column_anchors,||服务费
交银人寿2022年报__业务及管理费__20260721T162524,交银人寿,2022,交银人寿20222025业务及管理费,eb3bf997bcdc_交银人寿2022年报.pdf,业务及管理费,,48 业务及管理费,2,DETAIL,0,,服务费,服务费,,UNMAPPED,2022.0,,False,2022.0,"90,997,150",90997150.0,,,,91,,spatial_roi+column_anchors,||服务费
交银人寿2022年报__业务及管理费__20260721T162524,交银人寿,2022,交银人寿20222025业务及管理费,eb3bf997bcdc_交银人寿2022年报.pdf,业务及管理费,,48 业务及管理费,2,DETAIL,0,,服务费,服务费,,UNMAPPED,2021.0,,False,2021.0,"121,917,508",121917508.0,,,,91,,spatial_roi+column_anchors,||服务费
交银人寿2022年报__业务及管理费__20260721T162524,交银人寿,2022,交银人寿20222025业务及管理费,eb3bf997bcdc_交银人寿2022年报.pdf,业务及管理费,,48 业务及管理费,3,DETAIL,0,,使用权资产折旧,使用权资产折旧,,UNMAPPED,2022.0,,False,2022.0,"84,362,233",84362233.0,,,,91,,spatial_roi+column_anchors,||使用权资产折旧
交银人寿2022年报__业务及管理费__20260721T162524,交银人寿,2022,交银人寿20222025业务及管理费,eb3bf997bcdc_交银人寿2022年报.pdf,业务及管理费,,48 业务及管理费,3,DETAIL,0,,使用权资产折旧,使用权资产折旧,,UNMAPPED,2021.0,,False,2021.0,"85,419,469",85419469.0,,,,91,,spatial_roi+column_anchors,||使用权资产折旧
交银人寿2022年报__业务及管理费__20260721T162524,交银人寿,2022,交银人寿20222025业务及管理费,eb3bf997bcdc_交银人寿2022年报.pdf,业务及管理费,,48 业务及管理费,3,DETAIL,0,,使用权资产折旧,使用权资产折旧,,UNMAPPED,2022.0,,False,2022.0,"76,246,198",76246198.0,,,,91,,spatial_roi+column_anchors,||使用权资产折旧
交银人寿2022年报__业务及管理费__20260721T162524,交银人寿,2022,交银人寿20222025业务及管理费,eb3bf997bcdc_交银人寿2022年报.pdf,业务及管理费,,48 业务及管理费,3,DETAIL,0,,使用权资产折旧,使用权资产折旧,,UNMAPPED,2021.0,,False,2021.0,"77,303,434",77303434.0,,,,91,,spatial_roi+column_anchors,||使用权资产折旧
交银人寿2022年报__业务及管理费__20260721T162524,交银人寿,2022,交银人寿20222025业务及管理费,eb3bf997bcdc_交银人寿2022年报.pdf,业务及管理费,,48 业务及管理费,4,DETAIL,0,,社会统筹保险费,社会统筹保险费,,UNMAPPED,2022.0,,False,2022.0,"80,307,620",80307620.0,,,,91,,spatial_roi+column_anchors,||社会统筹保险费
交银人寿2022年报__业务及管理费__20260721T162524,交银人寿,2022,交银人寿20222025业务及管理费,eb3bf997bcdc_交银人寿2022年报.pdf,业务及管理费,,48 业务及管理费,4,DETAIL,0,,社会统筹保险费,社会统筹保险费,,UNMAPPED,2021.0,,False,2021.0,"74,744,501",74744501.0,,,,91,,spatial_roi+column_anchors,||社会统筹保险费
交银人寿2022年报__业务及管理费__20260721T162524,交银人寿,2022,交银人寿20222025业务及管理费,eb3bf997bcdc_交银人寿2022年报.pdf,业务及管理费,,48 业务及管理费,4,DETAIL,0,,社会统筹保险费,社会统筹保险费,,UNMAPPED,2022.0,,False,2022.0,"74,919,141",74919141.0,,,,91,,spatial_roi+column_anchors,||社会统筹保险费
交银人寿2022年报__业务及管理费__20260721T162524,交银人寿,2022,交银人寿20222025业务及管理费,eb3bf997bcdc_交银人寿2022年报.pdf,业务及管理费,,48 业务及管理费,4,DETAIL,0,,社会统筹保险费,社会统筹保险费,,UNMAPPED,2021.0,,False,2021.0,"69,826,086",69826086.0,,,,91,,spatial_roi+column_anchors,||社会统筹保险费
交银人寿2022年报__业务及管理费__20260721T162524,交银人寿,2022,交银人寿20222025业务及管理费,eb3bf997bcdc_交银人寿2022年报.pdf,业务及管理费,,48 业务及管理费,5,DETAIL,0,,住房公积金,住房公积金,,UNMAPPED,2022.0,,False,2022.0,"38,748,267",38748267.0,,,,91,,spatial_roi+column_anchors,||住房公积金
交银人寿2022年报__业务及管理费__20260721T162524,交银人寿,2022,交银人寿20222025业务及管理费,eb3bf997bcdc_交银人寿2022年报.pdf,业务及管理费,,48 业务及管理费,5,DETAIL,0,,住房公积金,住房公积金,,UNMAPPED,2021.0,,False,2021.0,"35,451,755",35451755.0,,,,91,,spatial_roi+column_anchors,||住房公积金
交银人寿2022年报__业务及管理费__20260721T162524,交银人寿,2022,交银人寿20222025业务及管理费,eb3bf997bcdc_交银人寿2022年报.pdf,业务及管理费,,48 业务及管理费,5,DETAIL,0,,住房公积金,住房公积金,,UNMAPPED,2022.0,,False,2022.0,"36,352,290",36352290.0,,,,91,,spatial_roi+column_anchors,||住房公积金
交银人寿2022年报__业务及管理费__20260721T162524,交银人寿,2022,交银人寿20222025业务及管理费,eb3bf997bcdc_交银人寿2022年报.pdf,业务及管理费,,48 业务及管理费,5,DETAIL,0,,住房公积金,住房公积金,,UNMAPPED,2021.0,,False,2021.0,"33,299,119",33299119.0,,,,91,,spatial_roi+column_anchors,||住房公积金
交银人寿2022年报__业务及管理费__20260721T162524,交银人寿,2022,交银人寿20222025业务及管理费,eb3bf997bcdc_交银人寿2022年报.pdf,业务及管理费,,48 业务及管理费,6,DETAIL,0,,保险保障基金,保险保障基金,,UNMAPPED,2022.0,,False,2022.0,"29,282,896",29282896.0,,,,91,,spatial_roi+column_anchors,||保险保障基金
交银人寿2022年报__业务及管理费__20260721T162524,交银人寿,2022,交银人寿20222025业务及管理费,eb3bf997bcdc_交银人寿2022年报.pdf,业务及管理费,,48 业务及管理费,6,DETAIL,0,,保险保障基金,保险保障基金,,UNMAPPED,2021.0,,False,2021.0,"26,335,143",26335143.0,,,,91,,spatial_roi+column_anchors,||保险保障基金
交银人寿2022年报__业务及管理费__20260721T162524,交银人寿,2022,交银人寿20222025业务及管理费,eb3bf997bcdc_交银人寿2022年报.pdf,业务及管理费,,48 业务及管理费,6,DETAIL,0,,保险保障基金,保险保障基金,,UNMAPPED,2022.0,,False,2022.0,"29,282,896",29282896.0,,,,91,,spatial_roi+column_anchors,||保险保障基金
交银人寿2022年报__业务及管理费__20260721T162524,交银人寿,2022,交银人寿20222025业务及管理费,eb3bf997bcdc_交银人寿2022年报.pdf,业务及管理费,,48 业务及管理费,6,DETAIL,0,,保险保障基金,保险保障基金,,UNMAPPED,2021.0,,False,2021.0,"26,335,143",26335143.0,,,,91,,spatial_roi+column_anchors,||保险保障基金
交银人寿2022年报__业务及管理费__20260721T162524,交银人寿,2022,交银人寿20222025业务及管理费,eb3bf997bcdc_交银人寿2022年报.pdf,业务及管理费,,48 业务及管理费,7,DETAIL,0,,物业及公杂费,物业及公杂费,,UNMAPPED,2022.0,,False,2022.0,"27,270,111",27270111.0,,,,91,,spatial_roi+column_anchors,||物业及公杂费
交银人寿2022年报__业务及管理费__20260721T162524,交银人寿,2022,交银人寿20222025业务及管理费,eb3bf997bcdc_交银人寿2022年报.pdf,业务及管理费,,48 业务及管理费,7,DETAIL,0,,物业及公杂费,物业及公杂费,,UNMAPPED,2021.0,,False,2021.0,"27,326,532",27326532.0,,,,91,,spatial_roi+column_anchors,||物业及公杂费
交银人寿2022年报__业务及管理费__20260721T162524,交银人寿,2022,交银人寿20222025业务及管理费,eb3bf997bcdc_交银人寿2022年报.pdf,业务及管理费,,48 业务及管理费,7,DETAIL,0,,物业及公杂费,物业及公杂费,,UNMAPPED,2022.0,,False,2022.0,"25,463,367",25463367.0,,,,91,,spatial_roi+column_anchors,||物业及公杂费
交银人寿2022年报__业务及管理费__20260721T162524,交银人寿,2022,交银人寿20222025业务及管理费,eb3bf997bcdc_交银人寿2022年报.pdf,业务及管理费,,48 业务及管理费,7,DETAIL,0,,物业及公杂费,物业及公杂费,,UNMAPPED,2021.0,,False,2021.0,"25,468,489",25468489.0,,,,91,,spatial_roi+column_anchors,||物业及公杂费
交银人寿2022年报__业务及管理费__20260721T162524,交银人寿,2022,交银人寿20222025业务及管理费,eb3bf997bcdc_交银人寿2022年报.pdf,业务及管理费,,48 业务及管理费,8,DETAIL,0,,委托投资管理费,委托投资管理费,,UNMAPPED,2022.0,,False,2022.0,"19,733,902",19733902.0,,,,91,,spatial_roi+column_anchors,||委托投资管理费
交银人寿2022年报__业务及管理费__20260721T162524,交银人寿,2022,交银人寿20222025业务及管理费,eb3bf997bcdc_交银人寿2022年报.pdf,业务及管理费,,48 业务及管理费,8,DETAIL,0,,委托投资管理费,委托投资管理费,,UNMAPPED,2021.0,,False,2021.0,"28,164,036",28164036.0,,,,91,,spatial_roi+column_anchors,||委托投资管理费
交银人寿2022年报__业务及管理费__20260721T162524,交银人寿,2022,交银人寿20222025业务及管理费,eb3bf997bcdc_交银人寿2022年报.pdf,业务及管理费,,48 业务及管理费,8,DETAIL,0,,委托投资管理费,委托投资管理费,,UNMAPPED,2022.0,,False,2022.0,"114,456,877",114456877.0,,,,91,,spatial_roi+column_anchors,||委托投资管理费
交银人寿2022年报__业务及管理费__20260721T162524,交银人寿,2022,交银人寿20222025业务及管理费,eb3bf997bcdc_交银人寿2022年报.pdf,业务及管理费,,48 业务及管理费,8,DETAIL,0,,委托投资管理费,委托投资管理费,,UNMAPPED,2021.0,,False,2021.0,"121,681,028",121681028.0,,,,91,,spatial_roi+column_anchors,||委托投资管理费
交银人寿2022年报__业务及管理费__20260721T162524,交银人寿,2022,交银人寿20222025业务及管理费,eb3bf997bcdc_交银人寿2022年报.pdf,业务及管理费,,48 业务及管理费,9,DETAIL,0,,业务宣传费,业务宣传费,,UNMAPPED,2022.0,,False,2022.0,"16,874,749",16874749.0,,,,91,,spatial_roi+column_anchors,||业务宣传费
交银人寿2022年报__业务及管理费__20260721T162524,交银人寿,2022,交银人寿20222025业务及管理费,eb3bf997bcdc_交银人寿2022年报.pdf,业务及管理费,,48 业务及管理费,9,DETAIL,0,,业务宣传费,业务宣传费,,UNMAPPED,2021.0,,False,2021.0,"28,298,546",28298546.0,,,,91,,spatial_roi+column_anchors,||业务宣传费
交银人寿2022年报__业务及管理费__20260721T162524,交银人寿,2022,交银人寿20222025业务及管理费,eb3bf997bcdc_交银人寿2022年报.pdf,业务及管理费,,48 业务及管理费,9,DETAIL,0,,业务宣传费,业务宣传费,,UNMAPPED,2022.0,,False,2022.0,"16,868,537",16868537.0,,,,91,,spatial_roi+column_anchors,||业务宣传费
交银人寿2022年报__业务及管理费__20260721T162524,交银人寿,2022,交银人寿20222025业务及管理费,eb3bf997bcdc_交银人寿2022年报.pdf,业务及管理费,,48 业务及管理费,9,DETAIL,0,,业务宣传费,业务宣传费,,UNMAPPED,2021.0,,False,2021.0,"28,298,546",28298546.0,,,,91,,spatial_roi+column_anchors,||业务宣传费
交银人寿2022年报__业务及管理费__20260721T162524,交银人寿,2022,交银人寿20222025业务及管理费,eb3bf997bcdc_交银人寿2022年报.pdf,业务及管理费,,48 业务及管理费,10,DETAIL,0,,无形资产摊销,无形资产摊销,,UNMAPPED,2022.0,,False,2022.0,"16,677,074",16677074.0,,,,91,,spatial_roi+column_anchors,||无形资产摊销
交银人寿2022年报__业务及管理费__20260721T162524,交银人寿,2022,交银人寿20222025业务及管理费,eb3bf997bcdc_交银人寿2022年报.pdf,业务及管理费,,48 业务及管理费,10,DETAIL,0,,无形资产摊销,无形资产摊销,,UNMAPPED,2021.0,,False,2021.0,"14,015,707",14015707.0,,,,91,,spatial_roi+column_anchors,||无形资产摊销
交银人寿2022年报__业务及管理费__20260721T162524,交银人寿,2022,交银人寿20222025业务及管理费,eb3bf997bcdc_交银人寿2022年报.pdf,业务及管理费,,48 业务及管理费,10,DETAIL,0,,无形资产摊销,无形资产摊销,,UNMAPPED,2022.0,,False,2022.0,"14,803,172",14803172.0,,,,91,,spatial_roi+column_anchors,||无形资产摊销
交银人寿2022年报__业务及管理费__20260721T162524,交银人寿,2022,交银人寿20222025业务及管理费,eb3bf997bcdc_交银人寿2022年报.pdf,业务及管理费,,48 业务及管理费,10,DETAIL,0,,无形资产摊销,无形资产摊销,,UNMAPPED,2021.0,,False,2021.0,"12,743,792",12743792.0,,,,91,,spatial_roi+column_anchors,||无形资产摊销
交银人寿2022年报__业务及管理费__20260721T162524,交银人寿,2022,交银人寿20222025业务及管理费,eb3bf997bcdc_交银人寿2022年报.pdf,业务及管理费,,48 业务及管理费,11,DETAIL,0,,业务招待费,业务招待费,,UNMAPPED,2022.0,,False,2022.0,"15,801,956",15801956.0,,,,91,,spatial_roi+column_anchors,||业务招待费
交银人寿2022年报__业务及管理费__20260721T162524,交银人寿,2022,交银人寿20222025业务及管理费,eb3bf997bcdc_交银人寿2022年报.pdf,业务及管理费,,48 业务及管理费,11,DETAIL,0,,业务招待费,业务招待费,,UNMAPPED,2021.0,,False,2021.0,"25,419,815",25419815.0,,,,91,,spatial_roi+column_anchors,||业务招待费
交银人寿2022年报__业务及管理费__20260721T162524,交银人寿,2022,交银人寿20222025业务及管理费,eb3bf997bcdc_交银人寿2022年报.pdf,业务及管理费,,48 业务及管理费,11,DETAIL,0,,业务招待费,业务招待费,,UNMAPPED,2022.0,,False,2022.0,"15,720,140",15720140.0,,,,91,,spatial_roi+column_anchors,||业务招待费
交银人寿2022年报__业务及管理费__20260721T162524,交银人寿,2022,交银人寿20222025业务及管理费,eb3bf997bcdc_交银人寿2022年报.pdf,业务及管理费,,48 业务及管理费,11,DETAIL,0,,业务招待费,业务招待费,,UNMAPPED,2021.0,,False,2021.0,"25,236,194",25236194.0,,,,91,,spatial_roi+column_anchors,||业务招待费
交银人寿2022年报__业务及管理费__20260721T162524,交银人寿,2022,交银人寿20222025业务及管理费,eb3bf997bcdc_交银人寿2022年报.pdf,业务及管理费,,48 业务及管理费,12,DETAIL,0,,培训费,培训费,,UNMAPPED,2022.0,,False,2022.0,"15,238,883",15238883.0,,,,91,,spatial_roi+column_anchors,||培训费
交银人寿2022年报__业务及管理费__20260721T162524,交银人寿,2022,交银人寿20222025业务及管理费,eb3bf997bcdc_交银人寿2022年报.pdf,业务及管理费,,48 业务及管理费,12,DETAIL,0,,培训费,培训费,,UNMAPPED,2021.0,,False,2021.0,"16,509,113",16509113.0,,,,91,,spatial_roi+column_anchors,||培训费
交银人寿2022年报__业务及管理费__20260721T162524,交银人寿,2022,交银人寿20222025业务及管理费,eb3bf997bcdc_交银人寿2022年报.pdf,业务及管理费,,48 业务及管理费,12,DETAIL,0,,培训费,培训费,,UNMAPPED,2022.0,,False,2022.0,"15,238,883",15238883.0,,,,91,,spatial_roi+column_anchors,||培训费
交银人寿2022年报__业务及管理费__20260721T162524,交银人寿,2022,交银人寿20222025业务及管理费,eb3bf997bcdc_交银人寿2022年报.pdf,业务及管理费,,48 业务及管理费,12,DETAIL,0,,培训费,培训费,,UNMAPPED,2021.0,,False,2021.0,"16,509,113",16509113.0,,,,91,,spatial_roi+column_anchors,||培训费
交银人寿2022年报__业务及管理费__20260721T162524,交银人寿,2022,交银人寿20222025业务及管理费,eb3bf997bcdc_交银人寿2022年报.pdf,业务及管理费,,48 业务及管理费,13,DETAIL,0,,会议费,会议费,,UNMAPPED,2022.0,,False,2022.0,"10,339,761",10339761.0,,,,91,,spatial_roi+column_anchors,||会议费
交银人寿2022年报__业务及管理费__20260721T162524,交银人寿,2022,交银人寿20222025业务及管理费,eb3bf997bcdc_交银人寿2022年报.pdf,业务及管理费,,48 业务及管理费,13,DETAIL,0,,会议费,会议费,,UNMAPPED,2021.0,,False,2021.0,"12,373,546",12373546.0,,,,91,,spatial_roi+column_anchors,||会议费
交银人寿2022年报__业务及管理费__20260721T162524,交银人寿,2022,交银人寿20222025业务及管理费,eb3bf997bcdc_交银人寿2022年报.pdf,业务及管理费,,48 业务及管理费,13,DETAIL,0,,会议费,会议费,,UNMAPPED,2022.0,,False,2022.0,"9,859,761",9859761.0,,,,91,,spatial_roi+column_anchors,||会议费
交银人寿2022年报__业务及管理费__20260721T162524,交银人寿,2022,交银人寿20222025业务及管理费,eb3bf997bcdc_交银人寿2022年报.pdf,业务及管理费,,48 业务及管理费,13,DETAIL,0,,会议费,会议费,,UNMAPPED,2021.0,,False,2021.0,"11,881,681",11881681.0,,,,91,,spatial_roi+column_anchors,||会议费
交银人寿2022年报__业务及管理费__20260721T162524,交银人寿,2022,交银人寿20222025业务及管理费,eb3bf997bcdc_交银人寿2022年报.pdf,业务及管理费,,48 业务及管理费,14,DETAIL,0,,软件维护修理费,软件维护修理费,,UNMAPPED,2022.0,,False,2022.0,"9,508,847",9508847.0,,,,91,,spatial_roi+column_anchors,||软件维护修理费
交银人寿2022年报__业务及管理费__20260721T162524,交银人寿,2022,交银人寿20222025业务及管理费,eb3bf997bcdc_交银人寿2022年报.pdf,业务及管理费,,48 业务及管理费,14,DETAIL,0,,软件维护修理费,软件维护修理费,,UNMAPPED,2021.0,,False,2021.0,"8,019,790",8019790.0,,,,91,,spatial_roi+column_anchors,||软件维护修理费
交银人寿2022年报__业务及管理费__20260721T162524,交银人寿,2022,交银人寿20222025业务及管理费,eb3bf997bcdc_交银人寿2022年报.pdf,业务及管理费,,48 业务及管理费,14,DETAIL,0,,软件维护修理费,软件维护修理费,,UNMAPPED,2022.0,,False,2022.0,"8,938,145",8938145.0,,,,91,,spatial_roi+column_anchors,||软件维护修理费
交银人寿2022年报__业务及管理费__20260721T162524,交银人寿,2022,交银人寿20222025业务及管理费,eb3bf997bcdc_交银人寿2022年报.pdf,业务及管理费,,48 业务及管理费,14,DETAIL,0,,软件维护修理费,软件维护修理费,,UNMAPPED,2021.0,,False,2021.0,"7,720,870",7720870.0,,,,91,,spatial_roi+column_anchors,||软件维护修理费
交银人寿2022年报__业务及管理费__20260721T162524,交银人寿,2022,交银人寿20222025业务及管理费,eb3bf997bcdc_交银人寿2022年报.pdf,业务及管理费,,48 业务及管理费,15,DETAIL,0,,邮电费,邮电费,,UNMAPPED,2022.0,,False,2022.0,"8,559,527",8559527.0,,,,91,,spatial_roi+column_anchors,||邮电费
交银人寿2022年报__业务及管理费__20260721T162524,交银人寿,2022,交银人寿20222025业务及管理费,eb3bf997bcdc_交银人寿2022年报.pdf,业务及管理费,,48 业务及管理费,15,DETAIL,0,,邮电费,邮电费,,UNMAPPED,2021.0,,False,2021.0,"8,898,089",8898089.0,,,,91,,spatial_roi+column_anchors,||邮电费
交银人寿2022年报__业务及管理费__20260721T162524,交银人寿,2022,交银人寿20222025业务及管理费,eb3bf997bcdc_交银人寿2022年报.pdf,业务及管理费,,48 业务及管理费,15,DETAIL,0,,邮电费,邮电费,,UNMAPPED,2022.0,,False,2022.0,"8,559,527",8559527.0,,,,91,,spatial_roi+column_anchors,||邮电费
交银人寿2022年报__业务及管理费__20260721T162524,交银人寿,2022,交银人寿20222025业务及管理费,eb3bf997bcdc_交银人寿2022年报.pdf,业务及管理费,,48 业务及管理费,15,DETAIL,0,,邮电费,邮电费,,UNMAPPED,2021.0,,False,2021.0,"8,898,089",8898089.0,,,,91,,spatial_roi+column_anchors,||邮电费
交银人寿2022年报__业务及管理费__20260721T162524,交银人寿,2022,交银人寿20222025业务及管理费,eb3bf997bcdc_交银人寿2022年报.pdf,业务及管理费,,48 业务及管理费,16,DETAIL,0,,工会经费和职工教育经费,工会经费和职工教育经费,,UNMAPPED,2022.0,,False,2022.0,"8,139,837",8139837.0,,,,91,,spatial_roi+column_anchors,||工会经费和职工教育经费
交银人寿2022年报__业务及管理费__20260721T162524,交银人寿,2022,交银人寿20222025业务及管理费,eb3bf997bcdc_交银人寿2022年报.pdf,业务及管理费,,48 业务及管理费,16,DETAIL,0,,工会经费和职工教育经费,工会经费和职工教育经费,,UNMAPPED,2021.0,,False,2021.0,"7,453,815",7453815.0,,,,91,,spatial_roi+column_anchors,||工会经费和职工教育经费
交银人寿2022年报__业务及管理费__20260721T162524,交银人寿,2022,交银人寿20222025业务及管理费,eb3bf997bcdc_交银人寿2022年报.pdf,业务及管理费,,48 业务及管理费,16,DETAIL,0,,工会经费和职工教育经费,工会经费和职工教育经费,,UNMAPPED,2022.0,,False,2022.0,"7,227,635",7227635.0,,,,91,,spatial_roi+column_anchors,||工会经费和职工教育经费
交银人寿2022年报__业务及管理费__20260721T162524,交银人寿,2022,交银人寿20222025业务及管理费,eb3bf997bcdc_交银人寿2022年报.pdf,业务及管理费,,48 业务及管理费,16,DETAIL,0,,工会经费和职工教育经费,工会经费和职工教育经费,,UNMAPPED,2021.0,,False,2021.0,"6,442,205",6442205.0,,,,91,,spatial_roi+column_anchors,||工会经费和职工教育经费
交银人寿2022年报__业务及管理费__20260721T162524,交银人寿,2022,交银人寿20222025业务及管理费,eb3bf997bcdc_交银人寿2022年报.pdf,业务及管理费,,48 业务及管理费,17,DETAIL,0,,长期摊销费用,长期摊销费用,,UNMAPPED,2022.0,,False,2022.0,"7,905,396",7905396.0,,,,91,,spatial_roi+column_anchors,||长期摊销费用
交银人寿2022年报__业务及管理费__20260721T162524,交银人寿,2022,交银人寿20222025业务及管理费,eb3bf997bcdc_交银人寿2022年报.pdf,业务及管理费,,48 业务及管理费,17,DETAIL,0,,长期摊销费用,长期摊销费用,,UNMAPPED,2021.0,,False,2021.0,"7,201,878",7201878.0,,,,91,,spatial_roi+column_anchors,||长期摊销费用
交银人寿2022年报__业务及管理费__20260721T162524,交银人寿,2022,交银人寿20222025业务及管理费,eb3bf997bcdc_交银人寿2022年报.pdf,业务及管理费,,48 业务及管理费,17,DETAIL,0,,长期摊销费用,长期摊销费用,,UNMAPPED,2022.0,,False,2022.0,"7,905,396",7905396.0,,,,91,,spatial_roi+column_anchors,||长期摊销费用
交银人寿2022年报__业务及管理费__20260721T162524,交银人寿,2022,交银人寿20222025业务及管理费,eb3bf997bcdc_交银人寿2022年报.pdf,业务及管理费,,48 业务及管理费,17,DETAIL,0,,长期摊销费用,长期摊销费用,,UNMAPPED,2021.0,,False,2021.0,"6,602,067",6602067.0,,,,91,,spatial_roi+column_anchors,||长期摊销费用
交银人寿2022年报__业务及管理费__20260721T162524,交银人寿,2022,交银人寿20222025业务及管理费,eb3bf997bcdc_交银人寿2022年报.pdf,业务及管理费,,48 业务及管理费,18,DETAIL,0,,固定资产折旧,固定资产折旧,,UNMAPPED,2022.0,,False,2022.0,"7,096,977",7096977.0,,,,91,,spatial_roi+column_anchors,||固定资产折旧
交银人寿2022年报__业务及管理费__20260721T162524,交银人寿,2022,交银人寿20222025业务及管理费,eb3bf997bcdc_交银人寿2022年报.pdf,业务及管理费,,48 业务及管理费,18,DETAIL,0,,固定资产折旧,固定资产折旧,,UNMAPPED,2021.0,,False,2021.0,"7,501,736",7501736.0,,,,91,,spatial_roi+column_anchors,||固定资产折旧
交银人寿2022年报__业务及管理费__20260721T162524,交银人寿,2022,交银人寿20222025业务及管理费,eb3bf997bcdc_交银人寿2022年报.pdf,业务及管理费,,48 业务及管理费,18,DETAIL,0,,固定资产折旧,固定资产折旧,,UNMAPPED,2022.0,,False,2022.0,"6,585,788",6585788.0,,,,91,,spatial_roi+column_anchors,||固定资产折旧
交银人寿2022年报__业务及管理费__20260721T162524,交银人寿,2022,交银人寿20222025业务及管理费,eb3bf997bcdc_交银人寿2022年报.pdf,业务及管理费,,48 业务及管理费,18,DETAIL,0,,固定资产折旧,固定资产折旧,,UNMAPPED,2021.0,,False,2021.0,"6,895,387",6895387.0,,,,91,,spatial_roi+column_anchors,||固定资产折旧
交银人寿2022年报__业务及管理费__20260721T162524,交银人寿,2022,交银人寿20222025业务及管理费,eb3bf997bcdc_交银人寿2022年报.pdf,业务及管理费,,48 业务及管理费,19,DETAIL,0,,差旅费,差旅费,,UNMAPPED,2022.0,,False,2022.0,"5,994,930",5994930.0,,,,91,,spatial_roi+column_anchors,||差旅费
交银人寿2022年报__业务及管理费__20260721T162524,交银人寿,2022,交银人寿20222025业务及管理费,eb3bf997bcdc_交银人寿2022年报.pdf,业务及管理费,,48 业务及管理费,19,DETAIL,0,,差旅费,差旅费,,UNMAPPED,2021.0,,False,2021.0,"10,403,769",10403769.0,,,,91,,spatial_roi+column_anchors,||差旅费
交银人寿2022年报__业务及管理费__20260721T162524,交银人寿,2022,交银人寿20222025业务及管理费,eb3bf997bcdc_交银人寿2022年报.pdf,业务及管理费,,48 业务及管理费,19,DETAIL,0,,差旅费,差旅费,,UNMAPPED,2022.0,,False,2022.0,"5,716,214",5716214.0,,,,91,,spatial_roi+column_anchors,||差旅费
交银人寿2022年报__业务及管理费__20260721T162524,交银人寿,2022,交银人寿20222025业务及管理费,eb3bf997bcdc_交银人寿2022年报.pdf,业务及管理费,,48 业务及管理费,19,DETAIL,0,,差旅费,差旅费,,UNMAPPED,2021.0,,False,2021.0,"9,674,125",9674125.0,,,,91,,spatial_roi+column_anchors,||差旅费
交银人寿2022年报__业务及管理费__20260721T162524,交银人寿,2022,交银人寿20222025业务及管理费,eb3bf997bcdc_交银人寿2022年报.pdf,业务及管理费,,48 业务及管理费,20,DETAIL,0,,租赁费,租赁费,,UNMAPPED,2022.0,,False,2022.0,"2,200,322",2200322.0,,,,91,,spatial_roi+column_anchors,||租赁费
交银人寿2022年报__业务及管理费__20260721T162524,交银人寿,2022,交银人寿20222025业务及管理费,eb3bf997bcdc_交银人寿2022年报.pdf,业务及管理费,,48 业务及管理费,20,DETAIL,0,,租赁费,租赁费,,UNMAPPED,2021.0,,False,2021.0,"6,422,408",6422408.0,,,,91,,spatial_roi+column_anchors,||租赁费
交银人寿2022年报__业务及管理费__20260721T162524,交银人寿,2022,交银人寿20222025业务及管理费,eb3bf997bcdc_交银人寿2022年报.pdf,业务及管理费,,48 业务及管理费,20,DETAIL,0,,租赁费,租赁费,,UNMAPPED,2022.0,,False,2022.0,"1,056,327",1056327.0,,,,91,,spatial_roi+column_anchors,||租赁费
交银人寿2022年报__业务及管理费__20260721T162524,交银人寿,2022,交银人寿20222025业务及管理费,eb3bf997bcdc_交银人寿2022年报.pdf,业务及管理费,,48 业务及管理费,20,DETAIL,0,,租赁费,租赁费,,UNMAPPED,2021.0,,False,2021.0,"4,773,837",4773837.0,,,,91,,spatial_roi+column_anchors,||租赁费
交银人寿2022年报__业务及管理费__20260721T162524,交银人寿,2022,交银人寿20222025业务及管理费,eb3bf997bcdc_交银人寿2022年报.pdf,业务及管理费,,48 业务及管理费,21,DETAIL,0,,其他,其他,,UNMAPPED,2022.0,,False,2022.0,"38,450,064",38450064.0,,,,91,,spatial_roi+column_anchors,||其他
交银人寿2022年报__业务及管理费__20260721T162524,交银人寿,2022,交银人寿20222025业务及管理费,eb3bf997bcdc_交银人寿2022年报.pdf,业务及管理费,,48 业务及管理费,21,DETAIL,0,,其他,其他,,UNMAPPED,2021.0,,False,2021.0,"24,436,129",24436129.0,,,,91,,spatial_roi+column_anchors,||其他
交银人寿2022年报__业务及管理费__20260721T162524,交银人寿,2022,交银人寿20222025业务及管理费,eb3bf997bcdc_交银人寿2022年报.pdf,业务及管理费,,48 业务及管理费,21,DETAIL,0,,其他,其他,,UNMAPPED,2022.0,,False,2022.0,"35,415,822",35415822.0,,,,91,,spatial_roi+column_anchors,||其他
交银人寿2022年报__业务及管理费__20260721T162524,交银人寿,2022,交银人寿20222025业务及管理费,eb3bf997bcdc_交银人寿2022年报.pdf,业务及管理费,,48 业务及管理费,21,DETAIL,0,,其他,其他,,UNMAPPED,2021.0,,False,2021.0,"21,905,438",21905438.0,,,,91,,spatial_roi+column_anchors,||其他
交银人寿2022年报__业务及管理费__20260721T162524,交银人寿,2022,交银人寿20222025业务及管理费,eb3bf997bcdc_交银人寿2022年报.pdf,业务及管理费,,48 业务及管理费,22,TOTAL,0,,总计,总计,,UNMAPPED,2022.0,,False,2022.0,"909,041,083",909041083.0,,,,91,,spatial_roi+column_anchors,||总计
交银人寿2022年报__业务及管理费__20260721T162524,交银人寿,2022,交银人寿20222025业务及管理费,eb3bf997bcdc_交银人寿2022年报.pdf,业务及管理费,,48 业务及管理费,22,TOTAL,0,,总计,总计,,UNMAPPED,2021.0,,False,2021.0,"987,834,923",987834923.0,,,,91,,spatial_roi+column_anchors,||总计
交银人寿2022年报__业务及管理费__20260721T162524,交银人寿,2022,交银人寿20222025业务及管理费,eb3bf997bcdc_交银人寿2022年报.pdf,业务及管理费,,48 业务及管理费,22,TOTAL,0,,总计,总计,,UNMAPPED,2022.0,,False,2022.0,"922,826,882",922826882.0,,,,91,,spatial_roi+column_anchors,||总计
交银人寿2022年报__业务及管理费__20260721T162524,交银人寿,2022,交银人寿20222025业务及管理费,eb3bf997bcdc_交银人寿2022年报.pdf,业务及管理费,,48 业务及管理费,22,TOTAL,0,,总计,总计,,UNMAPPED,2021.0,,False,2021.0,"992,644,880",992644880.0,,,,91,,spatial_roi+column_anchors,||总计
交银人寿2023年报__业务及管理费__20260721T162522,交银人寿,2023,交银人寿20222025业务及管理费,eb85fed15107_交银人寿2023年报.pdf,业务及管理费,,48 业务及管理费,1,DETAIL,0,,工资及福利费,工资及福利费,,UNMAPPED,2023.0,,False,2023.0,"400,219,248",400219248.0,,,,100,,spatial_roi+column_anchors,||工资及福利费
交银人寿2023年报__业务及管理费__20260721T162522,交银人寿,2023,交银人寿20222025业务及管理费,eb85fed15107_交银人寿2023年报.pdf,业务及管理费,,48 业务及管理费,1,DETAIL,0,,工资及福利费,工资及福利费,,UNMAPPED,2022.0,,False,2022.0,"366,354,777",366354777.0,,,,100,,spatial_roi+column_anchors,||工资及福利费
交银人寿2023年报__业务及管理费__20260721T162522,交银人寿,2023,交银人寿20222025业务及管理费,eb85fed15107_交银人寿2023年报.pdf,业务及管理费,,48 业务及管理费,1,DETAIL,0,,工资及福利费,工资及福利费,,UNMAPPED,2023.0,,False,2023.0,"364,635,392",364635392.0,,,,100,,spatial_roi+column_anchors,||工资及福利费
交银人寿2023年报__业务及管理费__20260721T162522,交银人寿,2023,交银人寿20222025业务及管理费,eb85fed15107_交银人寿2023年报.pdf,业务及管理费,,48 业务及管理费,1,DETAIL,0,,工资及福利费,工资及福利费,,UNMAPPED,2022.0,,False,2022.0,"321,213,616",321213616.0,,,,100,,spatial_roi+column_anchors,||工资及福利费
交银人寿2023年报__业务及管理费__20260721T162522,交银人寿,2023,交银人寿20222025业务及管理费,eb85fed15107_交银人寿2023年报.pdf,业务及管理费,,48 业务及管理费,2,DETAIL,0,,服务费,服务费,,UNMAPPED,2023.0,,False,2023.0,"93,215,390",93215390.0,,,,100,,spatial_roi+column_anchors,||服务费
交银人寿2023年报__业务及管理费__20260721T162522,交银人寿,2023,交银人寿20222025业务及管理费,eb85fed15107_交银人寿2023年报.pdf,业务及管理费,,48 业务及管理费,2,DETAIL,0,,服务费,服务费,,UNMAPPED,2022.0,,False,2022.0,"100,887,523",100887523.0,,,,100,,spatial_roi+column_anchors,||服务费
交银人寿2023年报__业务及管理费__20260721T162522,交银人寿,2023,交银人寿20222025业务及管理费,eb85fed15107_交银人寿2023年报.pdf,业务及管理费,,48 业务及管理费,2,DETAIL,0,,服务费,服务费,,UNMAPPED,2023.0,,False,2023.0,"84,247,166",84247166.0,,,,100,,spatial_roi+column_anchors,||服务费
交银人寿2023年报__业务及管理费__20260721T162522,交银人寿,2023,交银人寿20222025业务及管理费,eb85fed15107_交银人寿2023年报.pdf,业务及管理费,,48 业务及管理费,2,DETAIL,0,,服务费,服务费,,UNMAPPED,2022.0,,False,2022.0,"91,691,719",91691719.0,,,,100,,spatial_roi+column_anchors,||服务费
交银人寿2023年报__业务及管理费__20260721T162522,交银人寿,2023,交银人寿20222025业务及管理费,eb85fed15107_交银人寿2023年报.pdf,业务及管理费,,48 业务及管理费,3,DETAIL,0,,社会统筹保险费,社会统筹保险费,,UNMAPPED,2023.0,,False,2023.0,"86,485,664",86485664.0,,,,100,,spatial_roi+column_anchors,||社会统筹保险费
交银人寿2023年报__业务及管理费__20260721T162522,交银人寿,2023,交银人寿20222025业务及管理费,eb85fed15107_交银人寿2023年报.pdf,业务及管理费,,48 业务及管理费,3,DETAIL,0,,社会统筹保险费,社会统筹保险费,,UNMAPPED,2022.0,,False,2022.0,"80,307,620",80307620.0,,,,100,,spatial_roi+column_anchors,||社会统筹保险费
交银人寿2023年报__业务及管理费__20260721T162522,交银人寿,2023,交银人寿20222025业务及管理费,eb85fed15107_交银人寿2023年报.pdf,业务及管理费,,48 业务及管理费,3,DETAIL,0,,社会统筹保险费,社会统筹保险费,,UNMAPPED,2023.0,,False,2023.0,"80,909,946",80909946.0,,,,100,,spatial_roi+column_anchors,||社会统筹保险费
交银人寿2023年报__业务及管理费__20260721T162522,交银人寿,2023,交银人寿20222025业务及管理费,eb85fed15107_交银人寿2023年报.pdf,业务及管理费,,48 业务及管理费,3,DETAIL,0,,社会统筹保险费,社会统筹保险费,,UNMAPPED,2022.0,,False,2022.0,"74,919,141",74919141.0,,,,100,,spatial_roi+column_anchors,||社会统筹保险费
交银人寿2023年报__业务及管理费__20260721T162522,交银人寿,2023,交银人寿20222025业务及管理费,eb85fed15107_交银人寿2023年报.pdf,业务及管理费,,48 业务及管理费,4,DETAIL,0,,使用权资产折旧,使用权资产折旧,,UNMAPPED,2023.0,,False,2023.0,"83,525,836",83525836.0,,,,100,,spatial_roi+column_anchors,||使用权资产折旧
交银人寿2023年报__业务及管理费__20260721T162522,交银人寿,2023,交银人寿20222025业务及管理费,eb85fed15107_交银人寿2023年报.pdf,业务及管理费,,48 业务及管理费,4,DETAIL,0,,使用权资产折旧,使用权资产折旧,,UNMAPPED,2022.0,,False,2022.0,"84,362,233",84362233.0,,,,100,,spatial_roi+column_anchors,||使用权资产折旧
交银人寿2023年报__业务及管理费__20260721T162522,交银人寿,2023,交银人寿20222025业务及管理费,eb85fed15107_交银人寿2023年报.pdf,业务及管理费,,48 业务及管理费,4,DETAIL,0,,使用权资产折旧,使用权资产折旧,,UNMAPPED,2023.0,,False,2023.0,"74,913,512",74913512.0,,,,100,,spatial_roi+column_anchors,||使用权资产折旧
交银人寿2023年报__业务及管理费__20260721T162522,交银人寿,2023,交银人寿20222025业务及管理费,eb85fed15107_交银人寿2023年报.pdf,业务及管理费,,48 业务及管理费,4,DETAIL,0,,使用权资产折旧,使用权资产折旧,,UNMAPPED,2022.0,,False,2022.0,"76,246,198",76246198.0,,,,100,,spatial_roi+column_anchors,||使用权资产折旧
交银人寿2023年报__业务及管理费__20260721T162522,交银人寿,2023,交银人寿20222025业务及管理费,eb85fed15107_交银人寿2023年报.pdf,业务及管理费,,48 业务及管理费,5,DETAIL,0,,保险保障基金,保险保障基金,,UNMAPPED,2023.0,,False,2023.0,"69,255,914",69255914.0,,,,100,,spatial_roi+column_anchors,||保险保障基金
交银人寿2023年报__业务及管理费__20260721T162522,交银人寿,2023,交银人寿20222025业务及管理费,eb85fed15107_交银人寿2023年报.pdf,业务及管理费,,48 业务及管理费,5,DETAIL,0,,保险保障基金,保险保障基金,,UNMAPPED,2022.0,,False,2022.0,"29,282,896",29282896.0,,,,100,,spatial_roi+column_anchors,||保险保障基金
交银人寿2023年报__业务及管理费__20260721T162522,交银人寿,2023,交银人寿20222025业务及管理费,eb85fed15107_交银人寿2023年报.pdf,业务及管理费,,48 业务及管理费,5,DETAIL,0,,保险保障基金,保险保障基金,,UNMAPPED,2023.0,,False,2023.0,"69,255,914",69255914.0,,,,100,,spatial_roi+column_anchors,||保险保障基金
交银人寿2023年报__业务及管理费__20260721T162522,交银人寿,2023,交银人寿20222025业务及管理费,eb85fed15107_交银人寿2023年报.pdf,业务及管理费,,48 业务及管理费,5,DETAIL,0,,保险保障基金,保险保障基金,,UNMAPPED,2022.0,,False,2022.0,"29,282,896",29282896.0,,,,100,,spatial_roi+column_anchors,||保险保障基金
交银人寿2023年报__业务及管理费__20260721T162522,交银人寿,2023,交银人寿20222025业务及管理费,eb85fed15107_交银人寿2023年报.pdf,业务及管理费,,48 业务及管理费,6,DETAIL,0,,住房公积金,住房公积金,,UNMAPPED,2023.0,,False,2023.0,"41,809,403",41809403.0,,,,100,,spatial_roi+column_anchors,||住房公积金
交银人寿2023年报__业务及管理费__20260721T162522,交银人寿,2023,交银人寿20222025业务及管理费,eb85fed15107_交银人寿2023年报.pdf,业务及管理费,,48 业务及管理费,6,DETAIL,0,,住房公积金,住房公积金,,UNMAPPED,2022.0,,False,2022.0,"38,748,267",38748267.0,,,,100,,spatial_roi+column_anchors,||住房公积金
交银人寿2023年报__业务及管理费__20260721T162522,交银人寿,2023,交银人寿20222025业务及管理费,eb85fed15107_交银人寿2023年报.pdf,业务及管理费,,48 业务及管理费,6,DETAIL,0,,住房公积金,住房公积金,,UNMAPPED,2023.0,,False,2023.0,"39,291,870",39291870.0,,,,100,,spatial_roi+column_anchors,||住房公积金
交银人寿2023年报__业务及管理费__20260721T162522,交银人寿,2023,交银人寿20222025业务及管理费,eb85fed15107_交银人寿2023年报.pdf,业务及管理费,,48 业务及管理费,6,DETAIL,0,,住房公积金,住房公积金,,UNMAPPED,2022.0,,False,2022.0,"36,352,290",36352290.0,,,,100,,spatial_roi+column_anchors,||住房公积金
交银人寿2023年报__业务及管理费__20260721T162522,交银人寿,2023,交银人寿20222025业务及管理费,eb85fed15107_交银人寿2023年报.pdf,业务及管理费,,48 业务及管理费,7,DETAIL,0,,物业及公杂费,物业及公杂费,,UNMAPPED,2023.0,,False,2023.0,"23,826,140",23826140.0,,,,100,,spatial_roi+column_anchors,||物业及公杂费
交银人寿2023年报__业务及管理费__20260721T162522,交银人寿,2023,交银人寿20222025业务及管理费,eb85fed15107_交银人寿2023年报.pdf,业务及管理费,,48 业务及管理费,7,DETAIL,0,,物业及公杂费,物业及公杂费,,UNMAPPED,2022.0,,False,2022.0,"27,270,111",27270111.0,,,,100,,spatial_roi+column_anchors,||物业及公杂费
交银人寿2023年报__业务及管理费__20260721T162522,交银人寿,2023,交银人寿20222025业务及管理费,eb85fed15107_交银人寿2023年报.pdf,业务及管理费,,48 业务及管理费,7,DETAIL,0,,物业及公杂费,物业及公杂费,,UNMAPPED,2023.0,,False,2023.0,"21,962,214",21962214.0,,,,100,,spatial_roi+column_anchors,||物业及公杂费
交银人寿2023年报__业务及管理费__20260721T162522,交银人寿,2023,交银人寿20222025业务及管理费,eb85fed15107_交银人寿2023年报.pdf,业务及管理费,,48 业务及管理费,7,DETAIL,0,,物业及公杂费,物业及公杂费,,UNMAPPED,2022.0,,False,2022.0,"25,463,367",25463367.0,,,,100,,spatial_roi+column_anchors,||物业及公杂费
交银人寿2023年报__业务及管理费__20260721T162522,交银人寿,2023,交银人寿20222025业务及管理费,eb85fed15107_交银人寿2023年报.pdf,业务及管理费,,48 业务及管理费,8,DETAIL,0,,委托投资管理费,委托投资管理费,,UNMAPPED,2023.0,,False,2023.0,"22,752,804",22752804.0,,,,100,,spatial_roi+column_anchors,||委托投资管理费
交银人寿2023年报__业务及管理费__20260721T162522,交银人寿,2023,交银人寿20222025业务及管理费,eb85fed15107_交银人寿2023年报.pdf,业务及管理费,,48 业务及管理费,8,DETAIL,0,,委托投资管理费,委托投资管理费,,UNMAPPED,2022.0,,False,2022.0,"19,733,902",19733902.0,,,,100,,spatial_roi+column_anchors,||委托投资管理费
交银人寿2023年报__业务及管理费__20260721T162522,交银人寿,2023,交银人寿20222025业务及管理费,eb85fed15107_交银人寿2023年报.pdf,业务及管理费,,48 业务及管理费,8,DETAIL,0,,委托投资管理费,委托投资管理费,,UNMAPPED,2023.0,,False,2023.0,"101,103,832",101103832.0,,,,100,,spatial_roi+column_anchors,||委托投资管理费
交银人寿2023年报__业务及管理费__20260721T162522,交银人寿,2023,交银人寿20222025业务及管理费,eb85fed15107_交银人寿2023年报.pdf,业务及管理费,,48 业务及管理费,8,DETAIL,0,,委托投资管理费,委托投资管理费,,UNMAPPED,2022.0,,False,2022.0,"114,456,877",114456877.0,,,,100,,spatial_roi+column_anchors,||委托投资管理费
交银人寿2023年报__业务及管理费__20260721T162522,交银人寿,2023,交银人寿20222025业务及管理费,eb85fed15107_交银人寿2023年报.pdf,业务及管理费,,48 业务及管理费,9,DETAIL,0,,会议费,会议费,,UNMAPPED,2023.0,,False,2023.0,"22,484,904",22484904.0,,,,100,,spatial_roi+column_anchors,||会议费
交银人寿2023年报__业务及管理费__20260721T162522,交银人寿,2023,交银人寿20222025业务及管理费,eb85fed15107_交银人寿2023年报.pdf,业务及管理费,,48 业务及管理费,9,DETAIL,0,,会议费,会议费,,UNMAPPED,2022.0,,False,2022.0,"10,339,761",10339761.0,,,,100,,spatial_roi+column_anchors,||会议费
交银人寿2023年报__业务及管理费__20260721T162522,交银人寿,2023,交银人寿20222025业务及管理费,eb85fed15107_交银人寿2023年报.pdf,业务及管理费,,48 业务及管理费,9,DETAIL,0,,会议费,会议费,,UNMAPPED,2023.0,,False,2023.0,"22,004,904",22004904.0,,,,100,,spatial_roi+column_anchors,||会议费
交银人寿2023年报__业务及管理费__20260721T162522,交银人寿,2023,交银人寿20222025业务及管理费,eb85fed15107_交银人寿2023年报.pdf,业务及管理费,,48 业务及管理费,9,DETAIL,0,,会议费,会议费,,UNMAPPED,2022.0,,False,2022.0,"9,859,761",9859761.0,,,,100,,spatial_roi+column_anchors,||会议费
交银人寿2023年报__业务及管理费__20260721T162522,交银人寿,2023,交银人寿20222025业务及管理费,eb85fed15107_交银人寿2023年报.pdf,业务及管理费,,48 业务及管理费,10,DETAIL,0,,无形资产摊销,无形资产摊销,,UNMAPPED,2023.0,,False,2023.0,"20,520,814",20520814.0,,,,100,,spatial_roi+column_anchors,||无形资产摊销
交银人寿2023年报__业务及管理费__20260721T162522,交银人寿,2023,交银人寿20222025业务及管理费,eb85fed15107_交银人寿2023年报.pdf,业务及管理费,,48 业务及管理费,10,DETAIL,0,,无形资产摊销,无形资产摊销,,UNMAPPED,2022.0,,False,2022.0,"16,677,074",16677074.0,,,,100,,spatial_roi+column_anchors,||无形资产摊销
交银人寿2023年报__业务及管理费__20260721T162522,交银人寿,2023,交银人寿20222025业务及管理费,eb85fed15107_交银人寿2023年报.pdf,业务及管理费,,48 业务及管理费,10,DETAIL,0,,无形资产摊销,无形资产摊销,,UNMAPPED,2023.0,,False,2023.0,"18,374,671",18374671.0,,,,100,,spatial_roi+column_anchors,||无形资产摊销
交银人寿2023年报__业务及管理费__20260721T162522,交银人寿,2023,交银人寿20222025业务及管理费,eb85fed15107_交银人寿2023年报.pdf,业务及管理费,,48 业务及管理费,10,DETAIL,0,,无形资产摊销,无形资产摊销,,UNMAPPED,2022.0,,False,2022.0,"14,803,172",14803172.0,,,,100,,spatial_roi+column_anchors,||无形资产摊销
交银人寿2023年报__业务及管理费__20260721T162522,交银人寿,2023,交银人寿20222025业务及管理费,eb85fed15107_交银人寿2023年报.pdf,业务及管理费,,48 业务及管理费,11,DETAIL,0,,培训费,培训费,,UNMAPPED,2023.0,,False,2023.0,"19,207,847",19207847.0,,,,100,,spatial_roi+column_anchors,||培训费
交银人寿2023年报__业务及管理费__20260721T162522,交银人寿,2023,交银人寿20222025业务及管理费,eb85fed15107_交银人寿2023年报.pdf,业务及管理费,,48 业务及管理费,11,DETAIL,0,,培训费,培训费,,UNMAPPED,2022.0,,False,2022.0,"15,238,883",15238883.0,,,,100,,spatial_roi+column_anchors,||培训费
交银人寿2023年报__业务及管理费__20260721T162522,交银人寿,2023,交银人寿20222025业务及管理费,eb85fed15107_交银人寿2023年报.pdf,业务及管理费,,48 业务及管理费,11,DETAIL,0,,培训费,培训费,,UNMAPPED,2023.0,,False,2023.0,"19,207,847",19207847.0,,,,100,,spatial_roi+column_anchors,||培训费
交银人寿2023年报__业务及管理费__20260721T162522,交银人寿,2023,交银人寿20222025业务及管理费,eb85fed15107_交银人寿2023年报.pdf,业务及管理费,,48 业务及管理费,11,DETAIL,0,,培训费,培训费,,UNMAPPED,2022.0,,False,2022.0,"15,238,883",15238883.0,,,,100,,spatial_roi+column_anchors,||培训费
交银人寿2023年报__业务及管理费__20260721T162522,交银人寿,2023,交银人寿20222025业务及管理费,eb85fed15107_交银人寿2023年报.pdf,业务及管理费,,48 业务及管理费,12,DETAIL,0,,业务宣传费,业务宣传费,,UNMAPPED,2023.0,,False,2023.0,"15,961,738",15961738.0,,,,100,,spatial_roi+column_anchors,||业务宣传费
交银人寿2023年报__业务及管理费__20260721T162522,交银人寿,2023,交银人寿20222025业务及管理费,eb85fed15107_交银人寿2023年报.pdf,业务及管理费,,48 业务及管理费,12,DETAIL,0,,业务宣传费,业务宣传费,,UNMAPPED,2022.0,,False,2022.0,"16,874,749",16874749.0,,,,100,,spatial_roi+column_anchors,||业务宣传费
交银人寿2023年报__业务及管理费__20260721T162522,交银人寿,2023,交银人寿20222025业务及管理费,eb85fed15107_交银人寿2023年报.pdf,业务及管理费,,48 业务及管理费,12,DETAIL,0,,业务宣传费,业务宣传费,,UNMAPPED,2023.0,,False,2023.0,"15,886,589",15886589.0,,,,100,,spatial_roi+column_anchors,||业务宣传费
交银人寿2023年报__业务及管理费__20260721T162522,交银人寿,2023,交银人寿20222025业务及管理费,eb85fed15107_交银人寿2023年报.pdf,业务及管理费,,48 业务及管理费,12,DETAIL,0,,业务宣传费,业务宣传费,,UNMAPPED,2022.0,,False,2022.0,"16,868,537",16868537.0,,,,100,,spatial_roi+column_anchors,||业务宣传费
交银人寿2023年报__业务及管理费__20260721T162522,交银人寿,2023,交银人寿20222025业务及管理费,eb85fed15107_交银人寿2023年报.pdf,业务及管理费,,48 业务及管理费,13,DETAIL,0,,差旅费,差旅费,,UNMAPPED,2023.0,,False,2023.0,"13,665,317",13665317.0,,,,100,,spatial_roi+column_anchors,||差旅费
交银人寿2023年报__业务及管理费__20260721T162522,交银人寿,2023,交银人寿20222025业务及管理费,eb85fed15107_交银人寿2023年报.pdf,业务及管理费,,48 业务及管理费,13,DETAIL,0,,差旅费,差旅费,,UNMAPPED,2022.0,,False,2022.0,"5,994,930",5994930.0,,,,100,,spatial_roi+column_anchors,||差旅费
交银人寿2023年报__业务及管理费__20260721T162522,交银人寿,2023,交银人寿20222025业务及管理费,eb85fed15107_交银人寿2023年报.pdf,业务及管理费,,48 业务及管理费,13,DETAIL,0,,差旅费,差旅费,,UNMAPPED,2023.0,,False,2023.0,"12,982,002",12982002.0,,,,100,,spatial_roi+column_anchors,||差旅费
交银人寿2023年报__业务及管理费__20260721T162522,交银人寿,2023,交银人寿20222025业务及管理费,eb85fed15107_交银人寿2023年报.pdf,业务及管理费,,48 业务及管理费,13,DETAIL,0,,差旅费,差旅费,,UNMAPPED,2022.0,,False,2022.0,"5,716,214",5716214.0,,,,100,,spatial_roi+column_anchors,||差旅费
交银人寿2023年报__业务及管理费__20260721T162522,交银人寿,2023,交银人寿20222025业务及管理费,eb85fed15107_交银人寿2023年报.pdf,业务及管理费,,48 业务及管理费,14,DETAIL,0,,业务招待费,业务招待费,,UNMAPPED,2023.0,,False,2023.0,"11,882,469",11882469.0,,,,100,,spatial_roi+column_anchors,||业务招待费
交银人寿2023年报__业务及管理费__20260721T162522,交银人寿,2023,交银人寿20222025业务及管理费,eb85fed15107_交银人寿2023年报.pdf,业务及管理费,,48 业务及管理费,14,DETAIL,0,,业务招待费,业务招待费,,UNMAPPED,2022.0,,False,2022.0,"15,801,956",15801956.0,,,,100,,spatial_roi+column_anchors,||业务招待费
交银人寿2023年报__业务及管理费__20260721T162522,交银人寿,2023,交银人寿20222025业务及管理费,eb85fed15107_交银人寿2023年报.pdf,业务及管理费,,48 业务及管理费,14,DETAIL,0,,业务招待费,业务招待费,,UNMAPPED,2023.0,,False,2023.0,"11,877,032",11877032.0,,,,100,,spatial_roi+column_anchors,||业务招待费
交银人寿2023年报__业务及管理费__20260721T162522,交银人寿,2023,交银人寿20222025业务及管理费,eb85fed15107_交银人寿2023年报.pdf,业务及管理费,,48 业务及管理费,14,DETAIL,0,,业务招待费,业务招待费,,UNMAPPED,2022.0,,False,2022.0,"15,720,140",15720140.0,,,,100,,spatial_roi+column_anchors,||业务招待费
交银人寿2023年报__业务及管理费__20260721T162522,交银人寿,2023,交银人寿20222025业务及管理费,eb85fed15107_交银人寿2023年报.pdf,业务及管理费,,48 业务及管理费,15,DETAIL,0,,邮电费,邮电费,,UNMAPPED,2023.0,,False,2023.0,"10,130,550",10130550.0,,,,100,,spatial_roi+column_anchors,||邮电费
交银人寿2023年报__业务及管理费__20260721T162522,交银人寿,2023,交银人寿20222025业务及管理费,eb85fed15107_交银人寿2023年报.pdf,业务及管理费,,48 业务及管理费,15,DETAIL,0,,邮电费,邮电费,,UNMAPPED,2022.0,,False,2022.0,"8,559,527",8559527.0,,,,100,,spatial_roi+column_anchors,||邮电费
交银人寿2023年报__业务及管理费__20260721T162522,交银人寿,2023,交银人寿20222025业务及管理费,eb85fed15107_交银人寿2023年报.pdf,业务及管理费,,48 业务及管理费,15,DETAIL,0,,邮电费,邮电费,,UNMAPPED,2023.0,,False,2023.0,"9,911,239",9911239.0,,,,100,,spatial_roi+column_anchors,||邮电费
交银人寿2023年报__业务及管理费__20260721T162522,交银人寿,2023,交银人寿20222025业务及管理费,eb85fed15107_交银人寿2023年报.pdf,业务及管理费,,48 业务及管理费,15,DETAIL,0,,邮电费,邮电费,,UNMAPPED,2022.0,,False,2022.0,"8,559,527",8559527.0,,,,100,,spatial_roi+column_anchors,||邮电费
交银人寿2023年报__业务及管理费__20260721T162522,交银人寿,2023,交银人寿20222025业务及管理费,eb85fed15107_交银人寿2023年报.pdf,业务及管理费,,48 业务及管理费,16,DETAIL,0,,软件维护修理费,软件维护修理费,,UNMAPPED,2023.0,,False,2023.0,"9,690,385",9690385.0,,,,100,,spatial_roi+column_anchors,||软件维护修理费
交银人寿2023年报__业务及管理费__20260721T162522,交银人寿,2023,交银人寿20222025业务及管理费,eb85fed15107_交银人寿2023年报.pdf,业务及管理费,,48 业务及管理费,16,DETAIL,0,,软件维护修理费,软件维护修理费,,UNMAPPED,2022.0,,False,2022.0,"9,508,847",9508847.0,,,,100,,spatial_roi+column_anchors,||软件维护修理费
交银人寿2023年报__业务及管理费__20260721T162522,交银人寿,2023,交银人寿20222025业务及管理费,eb85fed15107_交银人寿2023年报.pdf,业务及管理费,,48 业务及管理费,16,DETAIL,0,,软件维护修理费,软件维护修理费,,UNMAPPED,2023.0,,False,2023.0,"7,558,202",7558202.0,,,,100,,spatial_roi+column_anchors,||软件维护修理费
交银人寿2023年报__业务及管理费__20260721T162522,交银人寿,2023,交银人寿20222025业务及管理费,eb85fed15107_交银人寿2023年报.pdf,业务及管理费,,48 业务及管理费,16,DETAIL,0,,软件维护修理费,软件维护修理费,,UNMAPPED,2022.0,,False,2022.0,"8,938,145",8938145.0,,,,100,,spatial_roi+column_anchors,||软件维护修理费
交银人寿2023年报__业务及管理费__20260721T162522,交银人寿,2023,交银人寿20222025业务及管理费,eb85fed15107_交银人寿2023年报.pdf,业务及管理费,,48 业务及管理费,17,DETAIL,0,,长期摊销费用,长期摊销费用,,UNMAPPED,2023.0,,False,2023.0,"8,473,458",8473458.0,,,,100,,spatial_roi+column_anchors,||长期摊销费用
交银人寿2023年报__业务及管理费__20260721T162522,交银人寿,2023,交银人寿20222025业务及管理费,eb85fed15107_交银人寿2023年报.pdf,业务及管理费,,48 业务及管理费,17,DETAIL,0,,长期摊销费用,长期摊销费用,,UNMAPPED,2022.0,,False,2022.0,"7,905,396",7905396.0,,,,100,,spatial_roi+column_anchors,||长期摊销费用
交银人寿2023年报__业务及管理费__20260721T162522,交银人寿,2023,交银人寿20222025业务及管理费,eb85fed15107_交银人寿2023年报.pdf,业务及管理费,,48 业务及管理费,17,DETAIL,0,,长期摊销费用,长期摊销费用,,UNMAPPED,2023.0,,False,2023.0,"8,473,458",8473458.0,,,,100,,spatial_roi+column_anchors,||长期摊销费用
交银人寿2023年报__业务及管理费__20260721T162522,交银人寿,2023,交银人寿20222025业务及管理费,eb85fed15107_交银人寿2023年报.pdf,业务及管理费,,48 业务及管理费,17,DETAIL,0,,长期摊销费用,长期摊销费用,,UNMAPPED,2022.0,,False,2022.0,"7,905,396",7905396.0,,,,100,,spatial_roi+column_anchors,||长期摊销费用
交银人寿2023年报__业务及管理费__20260721T162522,交银人寿,2023,交银人寿20222025业务及管理费,eb85fed15107_交银人寿2023年报.pdf,业务及管理费,,48 业务及管理费,18,DETAIL,0,,工会经费和职工教育经费,工会经费和职工教育经费,,UNMAPPED,2023.0,,False,2023.0,"8,315,811",8315811.0,,,,100,,spatial_roi+column_anchors,||工会经费和职工教育经费
交银人寿2023年报__业务及管理费__20260721T162522,交银人寿,2023,交银人寿20222025业务及管理费,eb85fed15107_交银人寿2023年报.pdf,业务及管理费,,48 业务及管理费,18,DETAIL,0,,工会经费和职工教育经费,工会经费和职工教育经费,,UNMAPPED,2022.0,,False,2022.0,"8,139,837",8139837.0,,,,100,,spatial_roi+column_anchors,||工会经费和职工教育经费
交银人寿2023年报__业务及管理费__20260721T162522,交银人寿,2023,交银人寿20222025业务及管理费,eb85fed15107_交银人寿2023年报.pdf,业务及管理费,,48 业务及管理费,18,DETAIL,0,,工会经费和职工教育经费,工会经费和职工教育经费,,UNMAPPED,2023.0,,False,2023.0,"7,550,795",7550795.0,,,,100,,spatial_roi+column_anchors,||工会经费和职工教育经费
交银人寿2023年报__业务及管理费__20260721T162522,交银人寿,2023,交银人寿20222025业务及管理费,eb85fed15107_交银人寿2023年报.pdf,业务及管理费,,48 业务及管理费,18,DETAIL,0,,工会经费和职工教育经费,工会经费和职工教育经费,,UNMAPPED,2022.0,,False,2022.0,"7,227,635",7227635.0,,,,100,,spatial_roi+column_anchors,||工会经费和职工教育经费
交银人寿2023年报__业务及管理费__20260721T162522,交银人寿,2023,交银人寿20222025业务及管理费,eb85fed15107_交银人寿2023年报.pdf,业务及管理费,,48 业务及管理费,19,DETAIL,0,,固定资产折旧,固定资产折旧,,UNMAPPED,2023.0,,False,2023.0,"6,502,953",6502953.0,,,,100,,spatial_roi+column_anchors,||固定资产折旧
交银人寿2023年报__业务及管理费__20260721T162522,交银人寿,2023,交银人寿20222025业务及管理费,eb85fed15107_交银人寿2023年报.pdf,业务及管理费,,48 业务及管理费,19,DETAIL,0,,固定资产折旧,固定资产折旧,,UNMAPPED,2022.0,,False,2022.0,"7,096,977",7096977.0,,,,100,,spatial_roi+column_anchors,||固定资产折旧
交银人寿2023年报__业务及管理费__20260721T162522,交银人寿,2023,交银人寿20222025业务及管理费,eb85fed15107_交银人寿2023年报.pdf,业务及管理费,,48 业务及管理费,19,DETAIL,0,,固定资产折旧,固定资产折旧,,UNMAPPED,2023.0,,False,2023.0,"6,082,436",6082436.0,,,,100,,spatial_roi+column_anchors,||固定资产折旧
交银人寿2023年报__业务及管理费__20260721T162522,交银人寿,2023,交银人寿20222025业务及管理费,eb85fed15107_交银人寿2023年报.pdf,业务及管理费,,48 业务及管理费,19,DETAIL,0,,固定资产折旧,固定资产折旧,,UNMAPPED,2022.0,,False,2022.0,"6,585,788",6585788.0,,,,100,,spatial_roi+column_anchors,||固定资产折旧
交银人寿2023年报__业务及管理费__20260721T162522,交银人寿,2023,交银人寿20222025业务及管理费,eb85fed15107_交银人寿2023年报.pdf,业务及管理费,,48 业务及管理费,20,DETAIL,0,,租赁费,租赁费,,UNMAPPED,2023.0,,False,2023.0,"1,065,081",1065081.0,,,,100,,spatial_roi+column_anchors,||租赁费
交银人寿2023年报__业务及管理费__20260721T162522,交银人寿,2023,交银人寿20222025业务及管理费,eb85fed15107_交银人寿2023年报.pdf,业务及管理费,,48 业务及管理费,20,DETAIL,0,,租赁费,租赁费,,UNMAPPED,2022.0,,False,2022.0,"2,200,322",2200322.0,,,,100,,spatial_roi+column_anchors,||租赁费
交银人寿2023年报__业务及管理费__20260721T162522,交银人寿,2023,交银人寿20222025业务及管理费,eb85fed15107_交银人寿2023年报.pdf,业务及管理费,,48 业务及管理费,20,DETAIL,0,,租赁费,租赁费,,UNMAPPED,2023.0,,False,2023.0,"361,454",361454.0,,,,100,,spatial_roi+column_anchors,||租赁费
交银人寿2023年报__业务及管理费__20260721T162522,交银人寿,2023,交银人寿20222025业务及管理费,eb85fed15107_交银人寿2023年报.pdf,业务及管理费,,48 业务及管理费,20,DETAIL,0,,租赁费,租赁费,,UNMAPPED,2022.0,,False,2022.0,"1,056,327",1056327.0,,,,100,,spatial_roi+column_anchors,||租赁费
交银人寿2023年报__业务及管理费__20260721T162522,交银人寿,2023,交银人寿20222025业务及管理费,eb85fed15107_交银人寿2023年报.pdf,业务及管理费,,48 业务及管理费,21,DETAIL,0,,其他,其他,,UNMAPPED,2023.0,,False,2023.0,"29,810,673",29810673.0,,,,100,,spatial_roi+column_anchors,||其他
交银人寿2023年报__业务及管理费__20260721T162522,交银人寿,2023,交银人寿20222025业务及管理费,eb85fed15107_交银人寿2023年报.pdf,业务及管理费,,48 业务及管理费,21,DETAIL,0,,其他,其他,,UNMAPPED,2022.0,,False,2022.0,"37,755,495",37755495.0,,,,100,,spatial_roi+column_anchors,||其他
交银人寿2023年报__业务及管理费__20260721T162522,交银人寿,2023,交银人寿20222025业务及管理费,eb85fed15107_交银人寿2023年报.pdf,业务及管理费,,48 业务及管理费,21,DETAIL,0,,其他,其他,,UNMAPPED,2023.0,,False,2023.0,"28,242,193",28242193.0,,,,100,,spatial_roi+column_anchors,||其他
交银人寿2023年报__业务及管理费__20260721T162522,交银人寿,2023,交银人寿20222025业务及管理费,eb85fed15107_交银人寿2023年报.pdf,业务及管理费,,48 业务及管理费,21,DETAIL,0,,其他,其他,,UNMAPPED,2022.0,,False,2022.0,"34,721,253",34721253.0,,,,100,,spatial_roi+column_anchors,||其他
交银人寿2023年报__业务及管理费__20260721T162522,交银人寿,2023,交银人寿20222025业务及管理费,eb85fed15107_交银人寿2023年报.pdf,业务及管理费,,48 业务及管理费,22,TOTAL,0,,总计,总计,,UNMAPPED,2023.0,,False,2023.0,"998,802,399",998802399.0,,,,100,,spatial_roi+column_anchors,||总计
交银人寿2023年报__业务及管理费__20260721T162522,交银人寿,2023,交银人寿20222025业务及管理费,eb85fed15107_交银人寿2023年报.pdf,业务及管理费,,48 业务及管理费,22,TOTAL,0,,总计,总计,,UNMAPPED,2022.0,,False,2022.0,"909,041,083",909041083.0,,,,100,,spatial_roi+column_anchors,||总计
交银人寿2023年报__业务及管理费__20260721T162522,交银人寿,2023,交银人寿20222025业务及管理费,eb85fed15107_交银人寿2023年报.pdf,业务及管理费,,48 业务及管理费,22,TOTAL,0,,总计,总计,,UNMAPPED,2023.0,,False,2023.0,"1,004,832,668",1004832668.0,,,,100,,spatial_roi+column_anchors,||总计
交银人寿2023年报__业务及管理费__20260721T162522,交银人寿,2023,交银人寿20222025业务及管理费,eb85fed15107_交银人寿2023年报.pdf,业务及管理费,,48 业务及管理费,22,TOTAL,0,,总计,总计,,UNMAPPED,2022.0,,False,2022.0,"922,826,882",922826882.0,,,,100,,spatial_roi+column_anchors,||总计
交银人寿2024年报__业务及管理费__20260721T162518,交银人寿,2024,交银人寿20222025业务及管理费,131df196d14b_交银人寿2024年报.pdf,业务及管理费,,32 业务及管理费,1,DETAIL,0,,工资及福利费,工资及福利费,,UNMAPPED,2024.0,,False,2024,"450,070,257",450070257.0,,,,121,,spatial_roi+column_anchors,||工资及福利费
交银人寿2024年报__业务及管理费__20260721T162518,交银人寿,2024,交银人寿20222025业务及管理费,131df196d14b_交银人寿2024年报.pdf,业务及管理费,,32 业务及管理费,1,DETAIL,0,,工资及福利费,工资及福利费,,UNMAPPED,2023.0,,True,2023 | (已重述),"400,219,248",400219248.0,,,,121,,spatial_roi+column_anchors,||工资及福利费
交银人寿2024年报__业务及管理费__20260721T162518,交银人寿,2024,交银人寿20222025业务及管理费,131df196d14b_交银人寿2024年报.pdf,业务及管理费,,32 业务及管理费,1,DETAIL,0,,工资及福利费,工资及福利费,,UNMAPPED,2024.0,,False,2024,"405,062,799",405062799.0,,,,121,,spatial_roi+column_anchors,||工资及福利费
交银人寿2024年报__业务及管理费__20260721T162518,交银人寿,2024,交银人寿20222025业务及管理费,131df196d14b_交银人寿2024年报.pdf,业务及管理费,,32 业务及管理费,1,DETAIL,0,,工资及福利费,工资及福利费,,UNMAPPED,2023.0,,True,2023 | (已重述),"364,635,392",364635392.0,,,,121,,spatial_roi+column_anchors,||工资及福利费
交银人寿2024年报__业务及管理费__20260721T162518,交银人寿,2024,交银人寿20222025业务及管理费,131df196d14b_交银人寿2024年报.pdf,业务及管理费,,32 业务及管理费,2,DETAIL,0,,服务费,服务费,,UNMAPPED,2024.0,,False,2024,"105,996,040",105996040.0,,,,121,,spatial_roi+column_anchors,||服务费
交银人寿2024年报__业务及管理费__20260721T162518,交银人寿,2024,交银人寿20222025业务及管理费,131df196d14b_交银人寿2024年报.pdf,业务及管理费,,32 业务及管理费,2,DETAIL,0,,服务费,服务费,,UNMAPPED,2023.0,,True,2023 | (已重述),"93,215,390",93215390.0,,,,121,,spatial_roi+column_anchors,||服务费
交银人寿2024年报__业务及管理费__20260721T162518,交银人寿,2024,交银人寿20222025业务及管理费,131df196d14b_交银人寿2024年报.pdf,业务及管理费,,32 业务及管理费,2,DETAIL,0,,服务费,服务费,,UNMAPPED,2024.0,,False,2024,"91,631,416",91631416.0,,,,121,,spatial_roi+column_anchors,||服务费
交银人寿2024年报__业务及管理费__20260721T162518,交银人寿,2024,交银人寿20222025业务及管理费,131df196d14b_交银人寿2024年报.pdf,业务及管理费,,32 业务及管理费,2,DETAIL,0,,服务费,服务费,,UNMAPPED,2023.0,,True,2023 | (已重述),"84,247,166",84247166.0,,,,121,,spatial_roi+column_anchors,||服务费
交银人寿2024年报__业务及管理费__20260721T162518,交银人寿,2024,交银人寿20222025业务及管理费,131df196d14b_交银人寿2024年报.pdf,业务及管理费,,32 业务及管理费,3,DETAIL,0,,社会统筹保险费,社会统筹保险费,,UNMAPPED,2024.0,,False,2024,"87,610,784",87610784.0,,,,121,,spatial_roi+column_anchors,||社会统筹保险费
交银人寿2024年报__业务及管理费__20260721T162518,交银人寿,2024,交银人寿20222025业务及管理费,131df196d14b_交银人寿2024年报.pdf,业务及管理费,,32 业务及管理费,3,DETAIL,0,,社会统筹保险费,社会统筹保险费,,UNMAPPED,2023.0,,True,2023 | (已重述),"86,485,664",86485664.0,,,,121,,spatial_roi+column_anchors,||社会统筹保险费
交银人寿2024年报__业务及管理费__20260721T162518,交银人寿,2024,交银人寿20222025业务及管理费,131df196d14b_交银人寿2024年报.pdf,业务及管理费,,32 业务及管理费,3,DETAIL,0,,社会统筹保险费,社会统筹保险费,,UNMAPPED,2024.0,,False,2024,"81,944,368",81944368.0,,,,121,,spatial_roi+column_anchors,||社会统筹保险费
交银人寿2024年报__业务及管理费__20260721T162518,交银人寿,2024,交银人寿20222025业务及管理费,131df196d14b_交银人寿2024年报.pdf,业务及管理费,,32 业务及管理费,3,DETAIL,0,,社会统筹保险费,社会统筹保险费,,UNMAPPED,2023.0,,True,2023 | (已重述),"80,909,946",80909946.0,,,,121,,spatial_roi+column_anchors,||社会统筹保险费
交银人寿2024年报__业务及管理费__20260721T162518,交银人寿,2024,交银人寿20222025业务及管理费,131df196d14b_交银人寿2024年报.pdf,业务及管理费,,32 业务及管理费,4,DETAIL,0,,使用权资产折旧,使用权资产折旧,,UNMAPPED,2024.0,,False,2024,"82,793,640",82793640.0,,,,121,,spatial_roi+column_anchors,||使用权资产折旧
交银人寿2024年报__业务及管理费__20260721T162518,交银人寿,2024,交银人寿20222025业务及管理费,131df196d14b_交银人寿2024年报.pdf,业务及管理费,,32 业务及管理费,4,DETAIL,0,,使用权资产折旧,使用权资产折旧,,UNMAPPED,2023.0,,True,2023 | (已重述),"83,525,836",83525836.0,,,,121,,spatial_roi+column_anchors,||使用权资产折旧
交银人寿2024年报__业务及管理费__20260721T162518,交银人寿,2024,交银人寿20222025业务及管理费,131df196d14b_交银人寿2024年报.pdf,业务及管理费,,32 业务及管理费,4,DETAIL,0,,使用权资产折旧,使用权资产折旧,,UNMAPPED,2024.0,,False,2024,"75,567,098",75567098.0,,,,121,,spatial_roi+column_anchors,||使用权资产折旧
交银人寿2024年报__业务及管理费__20260721T162518,交银人寿,2024,交银人寿20222025业务及管理费,131df196d14b_交银人寿2024年报.pdf,业务及管理费,,32 业务及管理费,4,DETAIL,0,,使用权资产折旧,使用权资产折旧,,UNMAPPED,2023.0,,True,2023 | (已重述),"74,913,512",74913512.0,,,,121,,spatial_roi+column_anchors,||使用权资产折旧
交银人寿2024年报__业务及管理费__20260721T162518,交银人寿,2024,交银人寿20222025业务及管理费,131df196d14b_交银人寿2024年报.pdf,业务及管理费,,32 业务及管理费,5,DETAIL,0,,保险保障基金,保险保障基金,,UNMAPPED,2024.0,,False,2024,"58,239,088",58239088.0,,,,121,,spatial_roi+column_anchors,||保险保障基金
交银人寿2024年报__业务及管理费__20260721T162518,交银人寿,2024,交银人寿20222025业务及管理费,131df196d14b_交银人寿2024年报.pdf,业务及管理费,,32 业务及管理费,5,DETAIL,0,,保险保障基金,保险保障基金,,UNMAPPED,2023.0,,True,2023 | (已重述),"69,255,914",69255914.0,,,,121,,spatial_roi+column_anchors,||保险保障基金
交银人寿2024年报__业务及管理费__20260721T162518,交银人寿,2024,交银人寿20222025业务及管理费,131df196d14b_交银人寿2024年报.pdf,业务及管理费,,32 业务及管理费,5,DETAIL,0,,保险保障基金,保险保障基金,,UNMAPPED,2024.0,,False,2024,"58,239,088",58239088.0,,,,121,,spatial_roi+column_anchors,||保险保障基金
交银人寿2024年报__业务及管理费__20260721T162518,交银人寿,2024,交银人寿20222025业务及管理费,131df196d14b_交银人寿2024年报.pdf,业务及管理费,,32 业务及管理费,5,DETAIL,0,,保险保障基金,保险保障基金,,UNMAPPED,2023.0,,True,2023 | (已重述),"69,255,914",69255914.0,,,,121,,spatial_roi+column_anchors,||保险保障基金
交银人寿2024年报__业务及管理费__20260721T162518,交银人寿,2024,交银人寿20222025业务及管理费,131df196d14b_交银人寿2024年报.pdf,业务及管理费,,32 业务及管理费,6,DETAIL,0,,住房公积金,住房公积金,,UNMAPPED,2024.0,,False,2024,"43,403,173",43403173.0,,,,121,,spatial_roi+column_anchors,||住房公积金
交银人寿2024年报__业务及管理费__20260721T162518,交银人寿,2024,交银人寿20222025业务及管理费,131df196d14b_交银人寿2024年报.pdf,业务及管理费,,32 业务及管理费,6,DETAIL,0,,住房公积金,住房公积金,,UNMAPPED,2023.0,,True,2023 | (已重述),"41,809,403",41809403.0,,,,121,,spatial_roi+column_anchors,||住房公积金
交银人寿2024年报__业务及管理费__20260721T162518,交银人寿,2024,交银人寿20222025业务及管理费,131df196d14b_交银人寿2024年报.pdf,业务及管理费,,32 业务及管理费,6,DETAIL,0,,住房公积金,住房公积金,,UNMAPPED,2024.0,,False,2024,"40,766,927",40766927.0,,,,121,,spatial_roi+column_anchors,||住房公积金
交银人寿2024年报__业务及管理费__20260721T162518,交银人寿,2024,交银人寿20222025业务及管理费,131df196d14b_交银人寿2024年报.pdf,业务及管理费,,32 业务及管理费,6,DETAIL,0,,住房公积金,住房公积金,,UNMAPPED,2023.0,,True,2023 | (已重述),"39,291,870",39291870.0,,,,121,,spatial_roi+column_anchors,||住房公积金
交银人寿2024年报__业务及管理费__20260721T162518,交银人寿,2024,交银人寿20222025业务及管理费,131df196d14b_交银人寿2024年报.pdf,业务及管理费,,32 业务及管理费,7,DETAIL,0,,会议费,会议费,,UNMAPPED,2024.0,,False,2024,"26,676,352",26676352.0,,,,121,,spatial_roi+column_anchors,||会议费
交银人寿2024年报__业务及管理费__20260721T162518,交银人寿,2024,交银人寿20222025业务及管理费,131df196d14b_交银人寿2024年报.pdf,业务及管理费,,32 业务及管理费,7,DETAIL,0,,会议费,会议费,,UNMAPPED,2023.0,,True,2023 | (已重述),"22,484,904",22484904.0,,,,121,,spatial_roi+column_anchors,||会议费
交银人寿2024年报__业务及管理费__20260721T162518,交银人寿,2024,交银人寿20222025业务及管理费,131df196d14b_交银人寿2024年报.pdf,业务及管理费,,32 业务及管理费,7,DETAIL,0,,会议费,会议费,,UNMAPPED,2024.0,,False,2024,"26,196,352",26196352.0,,,,121,,spatial_roi+column_anchors,||会议费
交银人寿2024年报__业务及管理费__20260721T162518,交银人寿,2024,交银人寿20222025业务及管理费,131df196d14b_交银人寿2024年报.pdf,业务及管理费,,32 业务及管理费,7,DETAIL,0,,会议费,会议费,,UNMAPPED,2023.0,,True,2023 | (已重述),"22,004,904",22004904.0,,,,121,,spatial_roi+column_anchors,||会议费
交银人寿2024年报__业务及管理费__20260721T162518,交银人寿,2024,交银人寿20222025业务及管理费,131df196d14b_交银人寿2024年报.pdf,业务及管理费,,32 业务及管理费,8,DETAIL,0,,物业及公杂费,物业及公杂费,,UNMAPPED,2024.0,,False,2024,"25,639,882",25639882.0,,,,121,,spatial_roi+column_anchors,||物业及公杂费
交银人寿2024年报__业务及管理费__20260721T162518,交银人寿,2024,交银人寿20222025业务及管理费,131df196d14b_交银人寿2024年报.pdf,业务及管理费,,32 业务及管理费,8,DETAIL,0,,物业及公杂费,物业及公杂费,,UNMAPPED,2023.0,,True,2023 | (已重述),"23,826,140",23826140.0,,,,121,,spatial_roi+column_anchors,||物业及公杂费
交银人寿2024年报__业务及管理费__20260721T162518,交银人寿,2024,交银人寿20222025业务及管理费,131df196d14b_交银人寿2024年报.pdf,业务及管理费,,32 业务及管理费,8,DETAIL,0,,物业及公杂费,物业及公杂费,,UNMAPPED,2024.0,,False,2024,"24,180,062",24180062.0,,,,121,,spatial_roi+column_anchors,||物业及公杂费
交银人寿2024年报__业务及管理费__20260721T162518,交银人寿,2024,交银人寿20222025业务及管理费,131df196d14b_交银人寿2024年报.pdf,业务及管理费,,32 业务及管理费,8,DETAIL,0,,物业及公杂费,物业及公杂费,,UNMAPPED,2023.0,,True,2023 | (已重述),"21,962,214",21962214.0,,,,121,,spatial_roi+column_anchors,||物业及公杂费
交银人寿2024年报__业务及管理费__20260721T162518,交银人寿,2024,交银人寿20222025业务及管理费,131df196d14b_交银人寿2024年报.pdf,业务及管理费,,32 业务及管理费,9,DETAIL,0,,无形资产摊销,无形资产摊销,,UNMAPPED,2024.0,,False,2024,"25,027,417",25027417.0,,,,121,,spatial_roi+column_anchors,||无形资产摊销
交银人寿2024年报__业务及管理费__20260721T162518,交银人寿,2024,交银人寿20222025业务及管理费,131df196d14b_交银人寿2024年报.pdf,业务及管理费,,32 业务及管理费,9,DETAIL,0,,无形资产摊销,无形资产摊销,,UNMAPPED,2023.0,,True,2023 | (已重述),"20,520,814",20520814.0,,,,121,,spatial_roi+column_anchors,||无形资产摊销
交银人寿2024年报__业务及管理费__20260721T162518,交银人寿,2024,交银人寿20222025业务及管理费,131df196d14b_交银人寿2024年报.pdf,业务及管理费,,32 业务及管理费,9,DETAIL,0,,无形资产摊销,无形资产摊销,,UNMAPPED,2024.0,,False,2024,"22,638,828",22638828.0,,,,121,,spatial_roi+column_anchors,||无形资产摊销
交银人寿2024年报__业务及管理费__20260721T162518,交银人寿,2024,交银人寿20222025业务及管理费,131df196d14b_交银人寿2024年报.pdf,业务及管理费,,32 业务及管理费,9,DETAIL,0,,无形资产摊销,无形资产摊销,,UNMAPPED,2023.0,,True,2023 | (已重述),"18,374,671",18374671.0,,,,121,,spatial_roi+column_anchors,||无形资产摊销
交银人寿2024年报__业务及管理费__20260721T162518,交银人寿,2024,交银人寿20222025业务及管理费,131df196d14b_交银人寿2024年报.pdf,业务及管理费,,32 业务及管理费,10,DETAIL,0,,业务宣传费,业务宣传费,,UNMAPPED,2024.0,,False,2024,"23,775,248",23775248.0,,,,121,,spatial_roi+column_anchors,||业务宣传费
交银人寿2024年报__业务及管理费__20260721T162518,交银人寿,2024,交银人寿20222025业务及管理费,131df196d14b_交银人寿2024年报.pdf,业务及管理费,,32 业务及管理费,10,DETAIL,0,,业务宣传费,业务宣传费,,UNMAPPED,2023.0,,True,2023 | (已重述),"15,961,738",15961738.0,,,,121,,spatial_roi+column_anchors,||业务宣传费
交银人寿2024年报__业务及管理费__20260721T162518,交银人寿,2024,交银人寿20222025业务及管理费,131df196d14b_交银人寿2024年报.pdf,业务及管理费,,32 业务及管理费,10,DETAIL,0,,业务宣传费,业务宣传费,,UNMAPPED,2024.0,,False,2024,"23,775,248",23775248.0,,,,121,,spatial_roi+column_anchors,||业务宣传费
交银人寿2024年报__业务及管理费__20260721T162518,交银人寿,2024,交银人寿20222025业务及管理费,131df196d14b_交银人寿2024年报.pdf,业务及管理费,,32 业务及管理费,10,DETAIL,0,,业务宣传费,业务宣传费,,UNMAPPED,2023.0,,True,2023 | (已重述),"15,886,589",15886589.0,,,,121,,spatial_roi+column_anchors,||业务宣传费
交银人寿2024年报__业务及管理费__20260721T162518,交银人寿,2024,交银人寿20222025业务及管理费,131df196d14b_交银人寿2024年报.pdf,业务及管理费,,32 业务及管理费,11,DETAIL,0,,委托投资管理费,委托投资管理费,,UNMAPPED,2024.0,,False,2024,"21,098,576",21098576.0,,,,121,,spatial_roi+column_anchors,||委托投资管理费
交银人寿2024年报__业务及管理费__20260721T162518,交银人寿,2024,交银人寿20222025业务及管理费,131df196d14b_交银人寿2024年报.pdf,业务及管理费,,32 业务及管理费,11,DETAIL,0,,委托投资管理费,委托投资管理费,,UNMAPPED,2023.0,,True,2023 | (已重述),"22,752,804",22752804.0,,,,121,,spatial_roi+column_anchors,||委托投资管理费
交银人寿2024年报__业务及管理费__20260721T162518,交银人寿,2024,交银人寿20222025业务及管理费,131df196d14b_交银人寿2024年报.pdf,业务及管理费,,32 业务及管理费,11,DETAIL,0,,委托投资管理费,委托投资管理费,,UNMAPPED,2024.0,,False,2024,"111,270,206",111270206.0,,,,121,,spatial_roi+column_anchors,||委托投资管理费
交银人寿2024年报__业务及管理费__20260721T162518,交银人寿,2024,交银人寿20222025业务及管理费,131df196d14b_交银人寿2024年报.pdf,业务及管理费,,32 业务及管理费,11,DETAIL,0,,委托投资管理费,委托投资管理费,,UNMAPPED,2023.0,,True,2023 | (已重述),"101,103,832",101103832.0,,,,121,,spatial_roi+column_anchors,||委托投资管理费
交银人寿2024年报__业务及管理费__20260721T162518,交银人寿,2024,交银人寿20222025业务及管理费,131df196d14b_交银人寿2024年报.pdf,业务及管理费,,32 业务及管理费,12,DETAIL,0,,培训费,培训费,,UNMAPPED,2024.0,,False,2024,"16,806,153",16806153.0,,,,121,,spatial_roi+column_anchors,||培训费
交银人寿2024年报__业务及管理费__20260721T162518,交银人寿,2024,交银人寿20222025业务及管理费,131df196d14b_交银人寿2024年报.pdf,业务及管理费,,32 业务及管理费,12,DETAIL,0,,培训费,培训费,,UNMAPPED,2023.0,,True,2023 | (已重述),"19,207,847",19207847.0,,,,121,,spatial_roi+column_anchors,||培训费
交银人寿2024年报__业务及管理费__20260721T162518,交银人寿,2024,交银人寿20222025业务及管理费,131df196d14b_交银人寿2024年报.pdf,业务及管理费,,32 业务及管理费,12,DETAIL,0,,培训费,培训费,,UNMAPPED,2024.0,,False,2024,"16,806,153",16806153.0,,,,121,,spatial_roi+column_anchors,||培训费
交银人寿2024年报__业务及管理费__20260721T162518,交银人寿,2024,交银人寿20222025业务及管理费,131df196d14b_交银人寿2024年报.pdf,业务及管理费,,32 业务及管理费,12,DETAIL,0,,培训费,培训费,,UNMAPPED,2023.0,,True,2023 | (已重述),"19,207,847",19207847.0,,,,121,,spatial_roi+column_anchors,||培训费
交银人寿2024年报__业务及管理费__20260721T162518,交银人寿,2024,交银人寿20222025业务及管理费,131df196d14b_交银人寿2024年报.pdf,业务及管理费,,32 业务及管理费,13,DETAIL,0,,差旅费,差旅费,,UNMAPPED,2024.0,,False,2024,"13,437,180",13437180.0,,,,121,,spatial_roi+column_anchors,||差旅费
交银人寿2024年报__业务及管理费__20260721T162518,交银人寿,2024,交银人寿20222025业务及管理费,131df196d14b_交银人寿2024年报.pdf,业务及管理费,,32 业务及管理费,13,DETAIL,0,,差旅费,差旅费,,UNMAPPED,2023.0,,True,2023 | (已重述),"13,665,317",13665317.0,,,,121,,spatial_roi+column_anchors,||差旅费
交银人寿2024年报__业务及管理费__20260721T162518,交银人寿,2024,交银人寿20222025业务及管理费,131df196d14b_交银人寿2024年报.pdf,业务及管理费,,32 业务及管理费,13,DETAIL,0,,差旅费,差旅费,,UNMAPPED,2024.0,,False,2024,"12,780,518",12780518.0,,,,121,,spatial_roi+column_anchors,||差旅费
交银人寿2024年报__业务及管理费__20260721T162518,交银人寿,2024,交银人寿20222025业务及管理费,131df196d14b_交银人寿2024年报.pdf,业务及管理费,,32 业务及管理费,13,DETAIL,0,,差旅费,差旅费,,UNMAPPED,2023.0,,True,2023 | (已重述),"12,982,002",12982002.0,,,,121,,spatial_roi+column_anchors,||差旅费
交银人寿2024年报__业务及管理费__20260721T162518,交银人寿,2024,交银人寿20222025业务及管理费,131df196d14b_交银人寿2024年报.pdf,业务及管理费,,32 业务及管理费,14,DETAIL,0,,软件维护修理费,软件维护修理费,,UNMAPPED,2024.0,,False,2024,"10,086,101",10086101.0,,,,121,,spatial_roi+column_anchors,||软件维护修理费
交银人寿2024年报__业务及管理费__20260721T162518,交银人寿,2024,交银人寿20222025业务及管理费,131df196d14b_交银人寿2024年报.pdf,业务及管理费,,32 业务及管理费,14,DETAIL,0,,软件维护修理费,软件维护修理费,,UNMAPPED,2024.0,,False,2024,"9,690,385",9690385.0,,,,121,,spatial_roi+column_anchors,||软件维护修理费
交银人寿2024年报__业务及管理费__20260721T162518,交银人寿,2024,交银人寿20222025业务及管理费,131df196d14b_交银人寿2024年报.pdf,业务及管理费,,32 业务及管理费,14,DETAIL,0,,软件维护修理费,软件维护修理费,,UNMAPPED,2023.0,,True,2023 | (已重述),"7,647,5547,558,202",76475547558202.0,,,,121,,spatial_roi+column_anchors,||软件维护修理费
交银人寿2024年报__业务及管理费__20260721T162518,交银人寿,2024,交银人寿20222025业务及管理费,131df196d14b_交银人寿2024年报.pdf,业务及管理费,,32 业务及管理费,15,DETAIL,0,,业务招待费,业务招待费,,UNMAPPED,2023.0,,True,2023 | (已重述),"8,927,43811,882,469",892743811882469.0,,,,121,,spatial_roi+column_anchors,||业务招待费
交银人寿2024年报__业务及管理费__20260721T162518,交银人寿,2024,交银人寿20222025业务及管理费,131df196d14b_交银人寿2024年报.pdf,业务及管理费,,32 业务及管理费,15,DETAIL,0,,业务招待费,业务招待费,,UNMAPPED,2023.0,,True,2023 | (已重述),"8,927,19811,877,032",892719811877032.0,,,,121,,spatial_roi+column_anchors,||业务招待费
交银人寿2024年报__业务及管理费__20260721T162518,交银人寿,2024,交银人寿20222025业务及管理费,131df196d14b_交银人寿2024年报.pdf,业务及管理费,,32 业务及管理费,16,DETAIL,0,,工会经费和职工教育经费育经费,工会经费和职工教育经费育经费,,UNMAPPED,2023.0,,True,2023 | (已重述),"8,511,823",8511823.0,,,,121,,spatial_roi+column_anchors,||工会经费和职工教育经费育经费
交银人寿2024年报__业务及管理费__20260721T162518,交银人寿,2024,交银人寿20222025业务及管理费,131df196d14b_交银人寿2024年报.pdf,业务及管理费,,32 业务及管理费,16,DETAIL,0,,工会经费和职工教育经费育经费,工会经费和职工教育经费育经费,,UNMAPPED,2024.0,,False,2024,"8,315,811",8315811.0,,,,121,,spatial_roi+column_anchors,||工会经费和职工教育经费育经费
交银人寿2024年报__业务及管理费__20260721T162518,交银人寿,2024,交银人寿20222025业务及管理费,131df196d14b_交银人寿2024年报.pdf,业务及管理费,,32 业务及管理费,16,DETAIL,0,,工会经费和职工教育经费育经费,工会经费和职工教育经费育经费,,UNMAPPED,2023.0,,True,2023 | (已重述),"7,769,0557,550,795",77690557550795.0,,,,121,,spatial_roi+column_anchors,||工会经费和职工教育经费育经费
交银人寿2024年报__业务及管理费__20260721T162518,交银人寿,2024,交银人寿20222025业务及管理费,131df196d14b_交银人寿2024年报.pdf,业务及管理费,,32 业务及管理费,17,DETAIL,0,,邮电费,邮电费,,UNMAPPED,2023.0,,True,2023 | (已重述),"7,868,48310,130,550",786848310130550.0,,,,121,,spatial_roi+column_anchors,||邮电费
交银人寿2024年报__业务及管理费__20260721T162518,交银人寿,2024,交银人寿20222025业务及管理费,131df196d14b_交银人寿2024年报.pdf,业务及管理费,,32 业务及管理费,17,DETAIL,0,,邮电费,邮电费,,UNMAPPED,2023.0,,True,2023 | (已重述),"7,621,9249,911,239",76219249911239.0,,,,121,,spatial_roi+column_anchors,||邮电费
交银人寿2024年报__业务及管理费__20260721T162518,交银人寿,2024,交银人寿20222025业务及管理费,131df196d14b_交银人寿2024年报.pdf,业务及管理费,,32 业务及管理费,18,DETAIL,0,,长期摊销费用,长期摊销费用,,UNMAPPED,2023.0,,True,2023 | (已重述),"6,867,256",6867256.0,,,,121,,spatial_roi+column_anchors,||长期摊销费用
交银人寿2024年报__业务及管理费__20260721T162518,交银人寿,2024,交银人寿20222025业务及管理费,131df196d14b_交银人寿2024年报.pdf,业务及管理费,,32 业务及管理费,18,DETAIL,0,,长期摊销费用,长期摊销费用,,UNMAPPED,2024.0,,False,2024,"8,473,458",8473458.0,,,,121,,spatial_roi+column_anchors,||长期摊销费用
交银人寿2024年报__业务及管理费__20260721T162518,交银人寿,2024,交银人寿20222025业务及管理费,131df196d14b_交银人寿2024年报.pdf,业务及管理费,,32 业务及管理费,18,DETAIL,0,,长期摊销费用,长期摊销费用,,UNMAPPED,2023.0,,True,2023 | (已重述),"6,867,2568,473,458",68672568473458.0,,,,121,,spatial_roi+column_anchors,||长期摊销费用
交银人寿2024年报__业务及管理费__20260721T162518,交银人寿,2024,交银人寿20222025业务及管理费,131df196d14b_交银人寿2024年报.pdf,业务及管理费,,32 业务及管理费,19,DETAIL,0,,固定资产折旧,固定资产折旧,,UNMAPPED,2023.0,,True,2023 | (已重述),"6,382,703",6382703.0,,,,121,,spatial_roi+column_anchors,||固定资产折旧
交银人寿2024年报__业务及管理费__20260721T162518,交银人寿,2024,交银人寿20222025业务及管理费,131df196d14b_交银人寿2024年报.pdf,业务及管理费,,32 业务及管理费,19,DETAIL,0,,固定资产折旧,固定资产折旧,,UNMAPPED,2024.0,,False,2024,"6,502,953",6502953.0,,,,121,,spatial_roi+column_anchors,||固定资产折旧
交银人寿2024年报__业务及管理费__20260721T162518,交银人寿,2024,交银人寿20222025业务及管理费,131df196d14b_交银人寿2024年报.pdf,业务及管理费,,32 业务及管理费,19,DETAIL,0,,固定资产折旧,固定资产折旧,,UNMAPPED,2023.0,,True,2023 | (已重述),"5,996,1476,082,436",59961476082436.0,,,,121,,spatial_roi+column_anchors,||固定资产折旧
交银人寿2024年报__业务及管理费__20260721T162518,交银人寿,2024,交银人寿20222025业务及管理费,131df196d14b_交银人寿2024年报.pdf,业务及管理费,,32 业务及管理费,20,DETAIL,0,,租赁费,租赁费,,UNMAPPED,2023.0,,True,2023 | (已重述),"626,391",626391.0,,,,121,,spatial_roi+column_anchors,||租赁费
交银人寿2024年报__业务及管理费__20260721T162518,交银人寿,2024,交银人寿20222025业务及管理费,131df196d14b_交银人寿2024年报.pdf,业务及管理费,,32 业务及管理费,20,DETAIL,0,,租赁费,租赁费,,UNMAPPED,2024.0,,False,2024,"1,065,081",1065081.0,,,,121,,spatial_roi+column_anchors,||租赁费
交银人寿2024年报__业务及管理费__20260721T162518,交银人寿,2024,交银人寿20222025业务及管理费,131df196d14b_交银人寿2024年报.pdf,业务及管理费,,32 业务及管理费,20,DETAIL,0,,租赁费,租赁费,,UNMAPPED,2023.0,,True,2023 | (已重述),"84,762361,454",84762361454.0,,,,121,,spatial_roi+column_anchors,||租赁费
交银人寿2024年报__业务及管理费__20260721T162518,交银人寿,2024,交银人寿20222025业务及管理费,131df196d14b_交银人寿2024年报.pdf,业务及管理费,,32 业务及管理费,21,DETAIL,0,,其他,其他,,UNMAPPED,2024.0,,False,2024,"31,227,974",31227974.0,,,,121,,spatial_roi+column_anchors,||其他
交银人寿2024年报__业务及管理费__20260721T162518,交银人寿,2024,交银人寿20222025业务及管理费,131df196d14b_交银人寿2024年报.pdf,业务及管理费,,32 业务及管理费,21,DETAIL,0,,其他,其他,,UNMAPPED,2023.0,,True,2023 | (已重述),"29,810,673",29810673.0,,,,121,,spatial_roi+column_anchors,||其他
交银人寿2024年报__业务及管理费__20260721T162518,交银人寿,2024,交银人寿20222025业务及管理费,131df196d14b_交银人寿2024年报.pdf,业务及管理费,,32 业务及管理费,21,DETAIL,0,,其他,其他,,UNMAPPED,2024.0,,False,2024,"28,871,112",28871112.0,,,,121,,spatial_roi+column_anchors,||其他
交银人寿2024年报__业务及管理费__20260721T162518,交银人寿,2024,交银人寿20222025业务及管理费,131df196d14b_交银人寿2024年报.pdf,业务及管理费,,32 业务及管理费,21,DETAIL,0,,其他,其他,,UNMAPPED,2023.0,,True,2023 | (已重述),"28,242,193",28242193.0,,,,121,,spatial_roi+column_anchors,||其他
交银人寿2024年报__业务及管理费__20260721T162518,交银人寿,2024,交银人寿20222025业务及管理费,131df196d14b_交银人寿2024年报.pdf,业务及管理费,,32 业务及管理费,22,DETAIL,0,,减：当期发生的保险获取现金流量,减：当期发生的保险获取现金流量,,UNMAPPED,2024.0,,False,2024,"(558,981,090)",-558981090.0,,,,121,,spatial_roi+column_anchors,||减：当期发生的保险获取现金流量
交银人寿2024年报__业务及管理费__20260721T162518,交银人寿,2024,交银人寿20222025业务及管理费,131df196d14b_交银人寿2024年报.pdf,业务及管理费,,32 业务及管理费,22,DETAIL,0,,减：当期发生的保险获取现金流量,减：当期发生的保险获取现金流量,,UNMAPPED,2023.0,,True,2023 | (已重述),"(470,586,828)",-470586828.0,,,,121,,spatial_roi+column_anchors,||减：当期发生的保险获取现金流量
交银人寿2024年报__业务及管理费__20260721T162518,交银人寿,2024,交银人寿20222025业务及管理费,131df196d14b_交银人寿2024年报.pdf,业务及管理费,,32 业务及管理费,22,DETAIL,0,,减：当期发生的保险获取现金流量,减：当期发生的保险获取现金流量,,UNMAPPED,2024.0,,False,2024,"(558,981,090)",-558981090.0,,,,121,,spatial_roi+column_anchors,||减：当期发生的保险获取现金流量
交银人寿2024年报__业务及管理费__20260721T162518,交银人寿,2024,交银人寿20222025业务及管理费,131df196d14b_交银人寿2024年报.pdf,业务及管理费,,32 业务及管理费,22,DETAIL,0,,减：当期发生的保险获取现金流量,减：当期发生的保险获取现金流量,,UNMAPPED,2023.0,,True,2023 | (已重述),"(470,586,828)",-470586828.0,,,,121,,spatial_roi+column_anchors,||减：当期发生的保险获取现金流量
交银人寿2024年报__业务及管理费__20260721T162518,交银人寿,2024,交银人寿20222025业务及管理费,131df196d14b_交银人寿2024年报.pdf,业务及管理费,,32 业务及管理费,23,DETAIL,0,,当期发生的其他保险履约现金流,当期发生的其他保险履约现金流,,UNMAPPED,2024.0,,False,2024,"(361,553,814)",-361553814.0,,,,121,,spatial_roi+column_anchors,||当期发生的其他保险履约现金流
交银人寿2024年报__业务及管理费__20260721T162518,交银人寿,2024,交银人寿20222025业务及管理费,131df196d14b_交银人寿2024年报.pdf,业务及管理费,,32 业务及管理费,23,DETAIL,0,,当期发生的其他保险履约现金流,当期发生的其他保险履约现金流,,UNMAPPED,2023.0,,True,2023 | (已重述),"(379,523,893)",-379523893.0,,,,121,,spatial_roi+column_anchors,||当期发生的其他保险履约现金流
交银人寿2024年报__业务及管理费__20260721T162518,交银人寿,2024,交银人寿20222025业务及管理费,131df196d14b_交银人寿2024年报.pdf,业务及管理费,,32 业务及管理费,23,DETAIL,0,,当期发生的其他保险履约现金流,当期发生的其他保险履约现金流,,UNMAPPED,2024.0,,False,2024,"(361,553,814)",-361553814.0,,,,121,,spatial_roi+column_anchors,||当期发生的其他保险履约现金流
交银人寿2024年报__业务及管理费__20260721T162518,交银人寿,2024,交银人寿20222025业务及管理费,131df196d14b_交银人寿2024年报.pdf,业务及管理费,,32 业务及管理费,23,DETAIL,0,,当期发生的其他保险履约现金流,当期发生的其他保险履约现金流,,UNMAPPED,2023.0,,True,2023 | (已重述),"(379,523,893)",-379523893.0,,,,121,,spatial_roi+column_anchors,||当期发生的其他保险履约现金流
交银人寿2024年报__业务及管理费__20260721T162518,交银人寿,2024,交银人寿20222025业务及管理费,131df196d14b_交银人寿2024年报.pdf,业务及管理费,,32 业务及管理费,24,TOTAL,0,,合计,合计,,UNMAPPED,2024.0,,False,2024,"140,537,055",140537055.0,,,,121,,spatial_roi+column_anchors,||合计
交银人寿2024年报__业务及管理费__20260721T162518,交银人寿,2024,交银人寿20222025业务及管理费,131df196d14b_交银人寿2024年报.pdf,业务及管理费,,32 业务及管理费,24,TOTAL,0,,合计,合计,,UNMAPPED,2023.0,,True,2023 | (已重述),"148,691,678",148691678.0,,,,121,,spatial_roi+column_anchors,||合计
交银人寿2024年报__业务及管理费__20260721T162518,交银人寿,2024,交银人寿20222025业务及管理费,131df196d14b_交银人寿2024年报.pdf,业务及管理费,,32 业务及管理费,24,TOTAL,0,,合计,合计,,UNMAPPED,2024.0,,False,2024,"144,109,167",144109167.0,,,,121,,spatial_roi+column_anchors,||合计
交银人寿2024年报__业务及管理费__20260721T162518,交银人寿,2024,交银人寿20222025业务及管理费,131df196d14b_交银人寿2024年报.pdf,业务及管理费,,32 业务及管理费,24,TOTAL,0,,合计,合计,,UNMAPPED,2023.0,,True,2023 | (已重述),"154,721,947",154721947.0,,,,121,,spatial_roi+column_anchors,||合计
交银人寿2025年报__业务及管理费__20260721T162218,交银人寿,2025,交银人寿20222025业务及管理费,7ebe4b0597c8_交银人寿2025年报.pdf,业务及管理费,,"合计 321,678,946 287,243,54434 业务及管理费",1,DETAIL,0,,工资及福利费,工资及福利费,,UNMAPPED,2025.0,,False,2025.0,"494,040,164",494040164.0,,,,113,,spatial_roi+column_anchors,||工资及福利费
交银人寿2025年报__业务及管理费__20260721T162218,交银人寿,2025,交银人寿20222025业务及管理费,7ebe4b0597c8_交银人寿2025年报.pdf,业务及管理费,,"合计 321,678,946 287,243,54434 业务及管理费",1,DETAIL,0,,工资及福利费,工资及福利费,,UNMAPPED,2024.0,,False,2024.0,"450,070,257",450070257.0,,,,113,,spatial_roi+column_anchors,||工资及福利费
交银人寿2025年报__业务及管理费__20260721T162218,交银人寿,2025,交银人寿20222025业务及管理费,7ebe4b0597c8_交银人寿2025年报.pdf,业务及管理费,,"合计 321,678,946 287,243,54434 业务及管理费",1,DETAIL,0,,工资及福利费,工资及福利费,,UNMAPPED,2025.0,,False,2025.0,"453,567,201",453567201.0,,,,113,,spatial_roi+column_anchors,||工资及福利费
交银人寿2025年报__业务及管理费__20260721T162218,交银人寿,2025,交银人寿20222025业务及管理费,7ebe4b0597c8_交银人寿2025年报.pdf,业务及管理费,,"合计 321,678,946 287,243,54434 业务及管理费",1,DETAIL,0,,工资及福利费,工资及福利费,,UNMAPPED,2024.0,,False,2024.0,"405,062,799",405062799.0,,,,113,,spatial_roi+column_anchors,||工资及福利费
交银人寿2025年报__业务及管理费__20260721T162218,交银人寿,2025,交银人寿20222025业务及管理费,7ebe4b0597c8_交银人寿2025年报.pdf,业务及管理费,,"合计 321,678,946 287,243,54434 业务及管理费",2,DETAIL,0,,服务费,服务费,,UNMAPPED,2025.0,,False,2025.0,"101,286,372",101286372.0,,,,113,,spatial_roi+column_anchors,||服务费
交银人寿2025年报__业务及管理费__20260721T162218,交银人寿,2025,交银人寿20222025业务及管理费,7ebe4b0597c8_交银人寿2025年报.pdf,业务及管理费,,"合计 321,678,946 287,243,54434 业务及管理费",2,DETAIL,0,,服务费,服务费,,UNMAPPED,2024.0,,False,2024.0,"105,996,040",105996040.0,,,,113,,spatial_roi+column_anchors,||服务费
交银人寿2025年报__业务及管理费__20260721T162218,交银人寿,2025,交银人寿20222025业务及管理费,7ebe4b0597c8_交银人寿2025年报.pdf,业务及管理费,,"合计 321,678,946 287,243,54434 业务及管理费",2,DETAIL,0,,服务费,服务费,,UNMAPPED,2025.0,,False,2025.0,"84,753,451",84753451.0,,,,113,,spatial_roi+column_anchors,||服务费
交银人寿2025年报__业务及管理费__20260721T162218,交银人寿,2025,交银人寿20222025业务及管理费,7ebe4b0597c8_交银人寿2025年报.pdf,业务及管理费,,"合计 321,678,946 287,243,54434 业务及管理费",2,DETAIL,0,,服务费,服务费,,UNMAPPED,2024.0,,False,2024.0,"91,631,416",91631416.0,,,,113,,spatial_roi+column_anchors,||服务费
交银人寿2025年报__业务及管理费__20260721T162218,交银人寿,2025,交银人寿20222025业务及管理费,7ebe4b0597c8_交银人寿2025年报.pdf,业务及管理费,,"合计 321,678,946 287,243,54434 业务及管理费",3,DETAIL,0,,社会统筹保险费,社会统筹保险费,,UNMAPPED,2025.0,,False,2025.0,"83,329,553",83329553.0,,,,113,,spatial_roi+column_anchors,||社会统筹保险费
交银人寿2025年报__业务及管理费__20260721T162218,交银人寿,2025,交银人寿20222025业务及管理费,7ebe4b0597c8_交银人寿2025年报.pdf,业务及管理费,,"合计 321,678,946 287,243,54434 业务及管理费",3,DETAIL,0,,社会统筹保险费,社会统筹保险费,,UNMAPPED,2024.0,,False,2024.0,"87,610,784",87610784.0,,,,113,,spatial_roi+column_anchors,||社会统筹保险费
交银人寿2025年报__业务及管理费__20260721T162218,交银人寿,2025,交银人寿20222025业务及管理费,7ebe4b0597c8_交银人寿2025年报.pdf,业务及管理费,,"合计 321,678,946 287,243,54434 业务及管理费",3,DETAIL,0,,社会统筹保险费,社会统筹保险费,,UNMAPPED,2025.0,,False,2025.0,"77,625,642",77625642.0,,,,113,,spatial_roi+column_anchors,||社会统筹保险费
交银人寿2025年报__业务及管理费__20260721T162218,交银人寿,2025,交银人寿20222025业务及管理费,7ebe4b0597c8_交银人寿2025年报.pdf,业务及管理费,,"合计 321,678,946 287,243,54434 业务及管理费",3,DETAIL,0,,社会统筹保险费,社会统筹保险费,,UNMAPPED,2024.0,,False,2024.0,"81,944,368",81944368.0,,,,113,,spatial_roi+column_anchors,||社会统筹保险费
交银人寿2025年报__业务及管理费__20260721T162218,交银人寿,2025,交银人寿20222025业务及管理费,7ebe4b0597c8_交银人寿2025年报.pdf,业务及管理费,,"合计 321,678,946 287,243,54434 业务及管理费",4,DETAIL,0,,使用权资产折旧,使用权资产折旧,,UNMAPPED,2025.0,,False,2025.0,"78,393,646",78393646.0,,,,113,,spatial_roi+column_anchors,||使用权资产折旧
交银人寿2025年报__业务及管理费__20260721T162218,交银人寿,2025,交银人寿20222025业务及管理费,7ebe4b0597c8_交银人寿2025年报.pdf,业务及管理费,,"合计 321,678,946 287,243,54434 业务及管理费",4,DETAIL,0,,使用权资产折旧,使用权资产折旧,,UNMAPPED,2024.0,,False,2024.0,"82,793,640",82793640.0,,,,113,,spatial_roi+column_anchors,||使用权资产折旧
交银人寿2025年报__业务及管理费__20260721T162218,交银人寿,2025,交银人寿20222025业务及管理费,7ebe4b0597c8_交银人寿2025年报.pdf,业务及管理费,,"合计 321,678,946 287,243,54434 业务及管理费",4,DETAIL,0,,使用权资产折旧,使用权资产折旧,,UNMAPPED,2025.0,,False,2025.0,"71,284,052",71284052.0,,,,113,,spatial_roi+column_anchors,||使用权资产折旧
交银人寿2025年报__业务及管理费__20260721T162218,交银人寿,2025,交银人寿20222025业务及管理费,7ebe4b0597c8_交银人寿2025年报.pdf,业务及管理费,,"合计 321,678,946 287,243,54434 业务及管理费",4,DETAIL,0,,使用权资产折旧,使用权资产折旧,,UNMAPPED,2024.0,,False,2024.0,"75,567,098",75567098.0,,,,113,,spatial_roi+column_anchors,||使用权资产折旧
交银人寿2025年报__业务及管理费__20260721T162218,交银人寿,2025,交银人寿20222025业务及管理费,7ebe4b0597c8_交银人寿2025年报.pdf,业务及管理费,,"合计 321,678,946 287,243,54434 业务及管理费",5,DETAIL,0,,保险保障基金,保险保障基金,,UNMAPPED,2025.0,,False,2025.0,"60,178,186",60178186.0,,,,113,,spatial_roi+column_anchors,||保险保障基金
交银人寿2025年报__业务及管理费__20260721T162218,交银人寿,2025,交银人寿20222025业务及管理费,7ebe4b0597c8_交银人寿2025年报.pdf,业务及管理费,,"合计 321,678,946 287,243,54434 业务及管理费",5,DETAIL,0,,保险保障基金,保险保障基金,,UNMAPPED,2024.0,,False,2024.0,"58,239,088",58239088.0,,,,113,,spatial_roi+column_anchors,||保险保障基金
交银人寿2025年报__业务及管理费__20260721T162218,交银人寿,2025,交银人寿20222025业务及管理费,7ebe4b0597c8_交银人寿2025年报.pdf,业务及管理费,,"合计 321,678,946 287,243,54434 业务及管理费",5,DETAIL,0,,保险保障基金,保险保障基金,,UNMAPPED,2025.0,,False,2025.0,"60,178,186",60178186.0,,,,113,,spatial_roi+column_anchors,||保险保障基金
交银人寿2025年报__业务及管理费__20260721T162218,交银人寿,2025,交银人寿20222025业务及管理费,7ebe4b0597c8_交银人寿2025年报.pdf,业务及管理费,,"合计 321,678,946 287,243,54434 业务及管理费",5,DETAIL,0,,保险保障基金,保险保障基金,,UNMAPPED,2024.0,,False,2024.0,"58,239,088",58239088.0,,,,113,,spatial_roi+column_anchors,||保险保障基金
交银人寿2025年报__业务及管理费__20260721T162218,交银人寿,2025,交银人寿20222025业务及管理费,7ebe4b0597c8_交银人寿2025年报.pdf,业务及管理费,,"合计 321,678,946 287,243,54434 业务及管理费",6,DETAIL,0,,住房公积金,住房公积金,,UNMAPPED,2025.0,,False,2025.0,"41,679,743",41679743.0,,,,113,,spatial_roi+column_anchors,||住房公积金
交银人寿2025年报__业务及管理费__20260721T162218,交银人寿,2025,交银人寿20222025业务及管理费,7ebe4b0597c8_交银人寿2025年报.pdf,业务及管理费,,"合计 321,678,946 287,243,54434 业务及管理费",6,DETAIL,0,,住房公积金,住房公积金,,UNMAPPED,2024.0,,False,2024.0,"43,403,173",43403173.0,,,,113,,spatial_roi+column_anchors,||住房公积金
交银人寿2025年报__业务及管理费__20260721T162218,交银人寿,2025,交银人寿20222025业务及管理费,7ebe4b0597c8_交银人寿2025年报.pdf,业务及管理费,,"合计 321,678,946 287,243,54434 业务及管理费",6,DETAIL,0,,住房公积金,住房公积金,,UNMAPPED,2025.0,,False,2025.0,"39,016,663",39016663.0,,,,113,,spatial_roi+column_anchors,||住房公积金
交银人寿2025年报__业务及管理费__20260721T162218,交银人寿,2025,交银人寿20222025业务及管理费,7ebe4b0597c8_交银人寿2025年报.pdf,业务及管理费,,"合计 321,678,946 287,243,54434 业务及管理费",6,DETAIL,0,,住房公积金,住房公积金,,UNMAPPED,2024.0,,False,2024.0,"40,766,927",40766927.0,,,,113,,spatial_roi+column_anchors,||住房公积金
交银人寿2025年报__业务及管理费__20260721T162218,交银人寿,2025,交银人寿20222025业务及管理费,7ebe4b0597c8_交银人寿2025年报.pdf,业务及管理费,,"合计 321,678,946 287,243,54434 业务及管理费",7,DETAIL,0,,无形资产摊销,无形资产摊销,,UNMAPPED,2025.0,,False,2025.0,"30,115,595",30115595.0,,,,113,,spatial_roi+column_anchors,||无形资产摊销
交银人寿2025年报__业务及管理费__20260721T162218,交银人寿,2025,交银人寿20222025业务及管理费,7ebe4b0597c8_交银人寿2025年报.pdf,业务及管理费,,"合计 321,678,946 287,243,54434 业务及管理费",7,DETAIL,0,,无形资产摊销,无形资产摊销,,UNMAPPED,2024.0,,False,2024.0,"25,027,417",25027417.0,,,,113,,spatial_roi+column_anchors,||无形资产摊销
交银人寿2025年报__业务及管理费__20260721T162218,交银人寿,2025,交银人寿20222025业务及管理费,7ebe4b0597c8_交银人寿2025年报.pdf,业务及管理费,,"合计 321,678,946 287,243,54434 业务及管理费",7,DETAIL,0,,无形资产摊销,无形资产摊销,,UNMAPPED,2025.0,,False,2025.0,"27,559,168",27559168.0,,,,113,,spatial_roi+column_anchors,||无形资产摊销
交银人寿2025年报__业务及管理费__20260721T162218,交银人寿,2025,交银人寿20222025业务及管理费,7ebe4b0597c8_交银人寿2025年报.pdf,业务及管理费,,"合计 321,678,946 287,243,54434 业务及管理费",7,DETAIL,0,,无形资产摊销,无形资产摊销,,UNMAPPED,2024.0,,False,2024.0,"22,638,828",22638828.0,,,,113,,spatial_roi+column_anchors,||无形资产摊销
交银人寿2025年报__业务及管理费__20260721T162218,交银人寿,2025,交银人寿20222025业务及管理费,7ebe4b0597c8_交银人寿2025年报.pdf,业务及管理费,,"合计 321,678,946 287,243,54434 业务及管理费",8,DETAIL,0,,委托投资管理费,委托投资管理费,,UNMAPPED,2025.0,,False,2025.0,"27,039,910",27039910.0,,,,113,,spatial_roi+column_anchors,||委托投资管理费
交银人寿2025年报__业务及管理费__20260721T162218,交银人寿,2025,交银人寿20222025业务及管理费,7ebe4b0597c8_交银人寿2025年报.pdf,业务及管理费,,"合计 321,678,946 287,243,54434 业务及管理费",8,DETAIL,0,,委托投资管理费,委托投资管理费,,UNMAPPED,2024.0,,False,2024.0,"21,098,576",21098576.0,,,,113,,spatial_roi+column_anchors,||委托投资管理费
交银人寿2025年报__业务及管理费__20260721T162218,交银人寿,2025,交银人寿20222025业务及管理费,7ebe4b0597c8_交银人寿2025年报.pdf,业务及管理费,,"合计 321,678,946 287,243,54434 业务及管理费",8,DETAIL,0,,委托投资管理费,委托投资管理费,,UNMAPPED,2025.0,,False,2025.0,"131,714,353",131714353.0,,,,113,,spatial_roi+column_anchors,||委托投资管理费
交银人寿2025年报__业务及管理费__20260721T162218,交银人寿,2025,交银人寿20222025业务及管理费,7ebe4b0597c8_交银人寿2025年报.pdf,业务及管理费,,"合计 321,678,946 287,243,54434 业务及管理费",8,DETAIL,0,,委托投资管理费,委托投资管理费,,UNMAPPED,2024.0,,False,2024.0,"111,270,206",111270206.0,,,,113,,spatial_roi+column_anchors,||委托投资管理费
交银人寿2025年报__业务及管理费__20260721T162218,交银人寿,2025,交银人寿20222025业务及管理费,7ebe4b0597c8_交银人寿2025年报.pdf,业务及管理费,,"合计 321,678,946 287,243,54434 业务及管理费",9,DETAIL,0,,物业及公杂费,物业及公杂费,,UNMAPPED,2025.0,,False,2025.0,"21,070,225",21070225.0,,,,113,,spatial_roi+column_anchors,||物业及公杂费
交银人寿2025年报__业务及管理费__20260721T162218,交银人寿,2025,交银人寿20222025业务及管理费,7ebe4b0597c8_交银人寿2025年报.pdf,业务及管理费,,"合计 321,678,946 287,243,54434 业务及管理费",9,DETAIL,0,,物业及公杂费,物业及公杂费,,UNMAPPED,2024.0,,False,2024.0,"25,639,882",25639882.0,,,,113,,spatial_roi+column_anchors,||物业及公杂费
交银人寿2025年报__业务及管理费__20260721T162218,交银人寿,2025,交银人寿20222025业务及管理费,7ebe4b0597c8_交银人寿2025年报.pdf,业务及管理费,,"合计 321,678,946 287,243,54434 业务及管理费",9,DETAIL,0,,物业及公杂费,物业及公杂费,,UNMAPPED,2025.0,,False,2025.0,"19,506,094",19506094.0,,,,113,,spatial_roi+column_anchors,||物业及公杂费
交银人寿2025年报__业务及管理费__20260721T162218,交银人寿,2025,交银人寿20222025业务及管理费,7ebe4b0597c8_交银人寿2025年报.pdf,业务及管理费,,"合计 321,678,946 287,243,54434 业务及管理费",9,DETAIL,0,,物业及公杂费,物业及公杂费,,UNMAPPED,2024.0,,False,2024.0,"24,180,062",24180062.0,,,,113,,spatial_roi+column_anchors,||物业及公杂费
交银人寿2025年报__业务及管理费__20260721T162218,交银人寿,2025,交银人寿20222025业务及管理费,7ebe4b0597c8_交银人寿2025年报.pdf,业务及管理费,,"合计 321,678,946 287,243,54434 业务及管理费",10,DETAIL,0,,会议费,会议费,,UNMAPPED,2025.0,,False,2025.0,"20,539,971",20539971.0,,,,113,,spatial_roi+column_anchors,||会议费
交银人寿2025年报__业务及管理费__20260721T162218,交银人寿,2025,交银人寿20222025业务及管理费,7ebe4b0597c8_交银人寿2025年报.pdf,业务及管理费,,"合计 321,678,946 287,243,54434 业务及管理费",10,DETAIL,0,,会议费,会议费,,UNMAPPED,2024.0,,False,2024.0,"26,676,352",26676352.0,,,,113,,spatial_roi+column_anchors,||会议费
交银人寿2025年报__业务及管理费__20260721T162218,交银人寿,2025,交银人寿20222025业务及管理费,7ebe4b0597c8_交银人寿2025年报.pdf,业务及管理费,,"合计 321,678,946 287,243,54434 业务及管理费",10,DETAIL,0,,会议费,会议费,,UNMAPPED,2025.0,,False,2025.0,"20,539,707",20539707.0,,,,113,,spatial_roi+column_anchors,||会议费
交银人寿2025年报__业务及管理费__20260721T162218,交银人寿,2025,交银人寿20222025业务及管理费,7ebe4b0597c8_交银人寿2025年报.pdf,业务及管理费,,"合计 321,678,946 287,243,54434 业务及管理费",10,DETAIL,0,,会议费,会议费,,UNMAPPED,2024.0,,False,2024.0,"26,196,352",26196352.0,,,,113,,spatial_roi+column_anchors,||会议费
交银人寿2025年报__业务及管理费__20260721T162218,交银人寿,2025,交银人寿20222025业务及管理费,7ebe4b0597c8_交银人寿2025年报.pdf,业务及管理费,,"合计 321,678,946 287,243,54434 业务及管理费",11,DETAIL,0,,业务宣传费,业务宣传费,,UNMAPPED,2025.0,,False,2025.0,"16,000,653",16000653.0,,,,113,,spatial_roi+column_anchors,||业务宣传费
交银人寿2025年报__业务及管理费__20260721T162218,交银人寿,2025,交银人寿20222025业务及管理费,7ebe4b0597c8_交银人寿2025年报.pdf,业务及管理费,,"合计 321,678,946 287,243,54434 业务及管理费",11,DETAIL,0,,业务宣传费,业务宣传费,,UNMAPPED,2024.0,,False,2024.0,"23,775,248",23775248.0,,,,113,,spatial_roi+column_anchors,||业务宣传费
交银人寿2025年报__业务及管理费__20260721T162218,交银人寿,2025,交银人寿20222025业务及管理费,7ebe4b0597c8_交银人寿2025年报.pdf,业务及管理费,,"合计 321,678,946 287,243,54434 业务及管理费",11,DETAIL,0,,业务宣传费,业务宣传费,,UNMAPPED,2025.0,,False,2025.0,"15,985,558",15985558.0,,,,113,,spatial_roi+column_anchors,||业务宣传费
交银人寿2025年报__业务及管理费__20260721T162218,交银人寿,2025,交银人寿20222025业务及管理费,7ebe4b0597c8_交银人寿2025年报.pdf,业务及管理费,,"合计 321,678,946 287,243,54434 业务及管理费",11,DETAIL,0,,业务宣传费,业务宣传费,,UNMAPPED,2024.0,,False,2024.0,"23,775,248",23775248.0,,,,113,,spatial_roi+column_anchors,||业务宣传费
交银人寿2025年报__业务及管理费__20260721T162218,交银人寿,2025,交银人寿20222025业务及管理费,7ebe4b0597c8_交银人寿2025年报.pdf,业务及管理费,,"合计 321,678,946 287,243,54434 业务及管理费",12,DETAIL,0,,差旅费,差旅费,,UNMAPPED,2025.0,,False,2025.0,"11,263,223",11263223.0,,,,113,,spatial_roi+column_anchors,||差旅费
交银人寿2025年报__业务及管理费__20260721T162218,交银人寿,2025,交银人寿20222025业务及管理费,7ebe4b0597c8_交银人寿2025年报.pdf,业务及管理费,,"合计 321,678,946 287,243,54434 业务及管理费",12,DETAIL,0,,差旅费,差旅费,,UNMAPPED,2024.0,,False,2024.0,"13,437,180",13437180.0,,,,113,,spatial_roi+column_anchors,||差旅费
交银人寿2025年报__业务及管理费__20260721T162218,交银人寿,2025,交银人寿20222025业务及管理费,7ebe4b0597c8_交银人寿2025年报.pdf,业务及管理费,,"合计 321,678,946 287,243,54434 业务及管理费",12,DETAIL,0,,差旅费,差旅费,,UNMAPPED,2025.0,,False,2025.0,"10,741,171",10741171.0,,,,113,,spatial_roi+column_anchors,||差旅费
交银人寿2025年报__业务及管理费__20260721T162218,交银人寿,2025,交银人寿20222025业务及管理费,7ebe4b0597c8_交银人寿2025年报.pdf,业务及管理费,,"合计 321,678,946 287,243,54434 业务及管理费",12,DETAIL,0,,差旅费,差旅费,,UNMAPPED,2024.0,,False,2024.0,"12,780,518",12780518.0,,,,113,,spatial_roi+column_anchors,||差旅费
交银人寿2025年报__业务及管理费__20260721T162218,交银人寿,2025,交银人寿20222025业务及管理费,7ebe4b0597c8_交银人寿2025年报.pdf,业务及管理费,,"合计 321,678,946 287,243,54434 业务及管理费",13,DETAIL,0,,培训费,培训费,,UNMAPPED,2025.0,,False,2025.0,"10,216,592",10216592.0,,,,113,,spatial_roi+column_anchors,||培训费
交银人寿2025年报__业务及管理费__20260721T162218,交银人寿,2025,交银人寿20222025业务及管理费,7ebe4b0597c8_交银人寿2025年报.pdf,业务及管理费,,"合计 321,678,946 287,243,54434 业务及管理费",13,DETAIL,0,,培训费,培训费,,UNMAPPED,2024.0,,False,2024.0,"16,806,153",16806153.0,,,,113,,spatial_roi+column_anchors,||培训费
交银人寿2025年报__业务及管理费__20260721T162218,交银人寿,2025,交银人寿20222025业务及管理费,7ebe4b0597c8_交银人寿2025年报.pdf,业务及管理费,,"合计 321,678,946 287,243,54434 业务及管理费",13,DETAIL,0,,培训费,培训费,,UNMAPPED,2025.0,,False,2025.0,"10,216,592",10216592.0,,,,113,,spatial_roi+column_anchors,||培训费
交银人寿2025年报__业务及管理费__20260721T162218,交银人寿,2025,交银人寿20222025业务及管理费,7ebe4b0597c8_交银人寿2025年报.pdf,业务及管理费,,"合计 321,678,946 287,243,54434 业务及管理费",13,DETAIL,0,,培训费,培训费,,UNMAPPED,2024.0,,False,2024.0,"16,806,153",16806153.0,,,,113,,spatial_roi+column_anchors,||培训费
交银人寿2025年报__业务及管理费__20260721T162218,交银人寿,2025,交银人寿20222025业务及管理费,7ebe4b0597c8_交银人寿2025年报.pdf,业务及管理费,,"合计 321,678,946 287,243,54434 业务及管理费",14,DETAIL,0,,邮电费,邮电费,,UNMAPPED,2025.0,,False,2025.0,"9,513,452",9513452.0,,,,113,,spatial_roi+column_anchors,||邮电费
交银人寿2025年报__业务及管理费__20260721T162218,交银人寿,2025,交银人寿20222025业务及管理费,7ebe4b0597c8_交银人寿2025年报.pdf,业务及管理费,,"合计 321,678,946 287,243,54434 业务及管理费",14,DETAIL,0,,邮电费,邮电费,,UNMAPPED,2024.0,,False,2024.0,"7,868,483",7868483.0,,,,113,,spatial_roi+column_anchors,||邮电费
交银人寿2025年报__业务及管理费__20260721T162218,交银人寿,2025,交银人寿20222025业务及管理费,7ebe4b0597c8_交银人寿2025年报.pdf,业务及管理费,,"合计 321,678,946 287,243,54434 业务及管理费",14,DETAIL,0,,邮电费,邮电费,,UNMAPPED,2025.0,,False,2025.0,"9,128,007",9128007.0,,,,113,,spatial_roi+column_anchors,||邮电费
交银人寿2025年报__业务及管理费__20260721T162218,交银人寿,2025,交银人寿20222025业务及管理费,7ebe4b0597c8_交银人寿2025年报.pdf,业务及管理费,,"合计 321,678,946 287,243,54434 业务及管理费",14,DETAIL,0,,邮电费,邮电费,,UNMAPPED,2024.0,,False,2024.0,"7,621,924",7621924.0,,,,113,,spatial_roi+column_anchors,||邮电费
交银人寿2025年报__业务及管理费__20260721T162218,交银人寿,2025,交银人寿20222025业务及管理费,7ebe4b0597c8_交银人寿2025年报.pdf,业务及管理费,,"合计 321,678,946 287,243,54434 业务及管理费",15,DETAIL,0,,固定资产折旧,固定资产折旧,,UNMAPPED,2025.0,,False,2025.0,"8,016,583",8016583.0,,,,113,,spatial_roi+column_anchors,||固定资产折旧
交银人寿2025年报__业务及管理费__20260721T162218,交银人寿,2025,交银人寿20222025业务及管理费,7ebe4b0597c8_交银人寿2025年报.pdf,业务及管理费,,"合计 321,678,946 287,243,54434 业务及管理费",15,DETAIL,0,,固定资产折旧,固定资产折旧,,UNMAPPED,2024.0,,False,2024.0,"6,382,703",6382703.0,,,,113,,spatial_roi+column_anchors,||固定资产折旧
交银人寿2025年报__业务及管理费__20260721T162218,交银人寿,2025,交银人寿20222025业务及管理费,7ebe4b0597c8_交银人寿2025年报.pdf,业务及管理费,,"合计 321,678,946 287,243,54434 业务及管理费",15,DETAIL,0,,固定资产折旧,固定资产折旧,,UNMAPPED,2025.0,,False,2025.0,"7,383,834",7383834.0,,,,113,,spatial_roi+column_anchors,||固定资产折旧
交银人寿2025年报__业务及管理费__20260721T162218,交银人寿,2025,交银人寿20222025业务及管理费,7ebe4b0597c8_交银人寿2025年报.pdf,业务及管理费,,"合计 321,678,946 287,243,54434 业务及管理费",15,DETAIL,0,,固定资产折旧,固定资产折旧,,UNMAPPED,2024.0,,False,2024.0,"5,996,147",5996147.0,,,,113,,spatial_roi+column_anchors,||固定资产折旧
交银人寿2025年报__业务及管理费__20260721T162218,交银人寿,2025,交银人寿20222025业务及管理费,7ebe4b0597c8_交银人寿2025年报.pdf,业务及管理费,,"合计 321,678,946 287,243,54434 业务及管理费",16,DETAIL,0,,业务招待费,业务招待费,,UNMAPPED,2025.0,,False,2025.0,"3,725,574",3725574.0,,,,113,,spatial_roi+column_anchors,||业务招待费
交银人寿2025年报__业务及管理费__20260721T162218,交银人寿,2025,交银人寿20222025业务及管理费,7ebe4b0597c8_交银人寿2025年报.pdf,业务及管理费,,"合计 321,678,946 287,243,54434 业务及管理费",16,DETAIL,0,,业务招待费,业务招待费,,UNMAPPED,2024.0,,False,2024.0,"8,927,438",8927438.0,,,,113,,spatial_roi+column_anchors,||业务招待费
交银人寿2025年报__业务及管理费__20260721T162218,交银人寿,2025,交银人寿20222025业务及管理费,7ebe4b0597c8_交银人寿2025年报.pdf,业务及管理费,,"合计 321,678,946 287,243,54434 业务及管理费",16,DETAIL,0,,业务招待费,业务招待费,,UNMAPPED,2025.0,,False,2025.0,"3,725,574",3725574.0,,,,113,,spatial_roi+column_anchors,||业务招待费
交银人寿2025年报__业务及管理费__20260721T162218,交银人寿,2025,交银人寿20222025业务及管理费,7ebe4b0597c8_交银人寿2025年报.pdf,业务及管理费,,"合计 321,678,946 287,243,54434 业务及管理费",16,DETAIL,0,,业务招待费,业务招待费,,UNMAPPED,2024.0,,False,2024.0,"8,927,198",8927198.0,,,,113,,spatial_roi+column_anchors,||业务招待费
交银人寿2025年报__业务及管理费__20260721T162218,交银人寿,2025,交银人寿20222025业务及管理费,7ebe4b0597c8_交银人寿2025年报.pdf,业务及管理费,,"合计 321,678,946 287,243,54434 业务及管理费",17,DETAIL,0,,工会经费和职工教育经费,工会经费和职工教育经费,,UNMAPPED,2025.0,,False,2025.0,"7,607,566",7607566.0,,,,113,,spatial_roi+column_anchors,||工会经费和职工教育经费
交银人寿2025年报__业务及管理费__20260721T162218,交银人寿,2025,交银人寿20222025业务及管理费,7ebe4b0597c8_交银人寿2025年报.pdf,业务及管理费,,"合计 321,678,946 287,243,54434 业务及管理费",17,DETAIL,0,,工会经费和职工教育经费,工会经费和职工教育经费,,UNMAPPED,2024.0,,False,2024.0,"8,511,823",8511823.0,,,,113,,spatial_roi+column_anchors,||工会经费和职工教育经费
交银人寿2025年报__业务及管理费__20260721T162218,交银人寿,2025,交银人寿20222025业务及管理费,7ebe4b0597c8_交银人寿2025年报.pdf,业务及管理费,,"合计 321,678,946 287,243,54434 业务及管理费",17,DETAIL,0,,工会经费和职工教育经费,工会经费和职工教育经费,,UNMAPPED,2025.0,,False,2025.0,"6,893,727",6893727.0,,,,113,,spatial_roi+column_anchors,||工会经费和职工教育经费
交银人寿2025年报__业务及管理费__20260721T162218,交银人寿,2025,交银人寿20222025业务及管理费,7ebe4b0597c8_交银人寿2025年报.pdf,业务及管理费,,"合计 321,678,946 287,243,54434 业务及管理费",17,DETAIL,0,,工会经费和职工教育经费,工会经费和职工教育经费,,UNMAPPED,2024.0,,False,2024.0,"7,769,055",7769055.0,,,,113,,spatial_roi+column_anchors,||工会经费和职工教育经费
交银人寿2025年报__业务及管理费__20260721T162218,交银人寿,2025,交银人寿20222025业务及管理费,7ebe4b0597c8_交银人寿2025年报.pdf,业务及管理费,,"合计 321,678,946 287,243,54434 业务及管理费",18,DETAIL,0,,长期摊销费用,长期摊销费用,,UNMAPPED,2025.0,,False,2025.0,"4,943,763",4943763.0,,,,113,,spatial_roi+column_anchors,||长期摊销费用
交银人寿2025年报__业务及管理费__20260721T162218,交银人寿,2025,交银人寿20222025业务及管理费,7ebe4b0597c8_交银人寿2025年报.pdf,业务及管理费,,"合计 321,678,946 287,243,54434 业务及管理费",18,DETAIL,0,,长期摊销费用,长期摊销费用,,UNMAPPED,2024.0,,False,2024.0,"6,867,256",6867256.0,,,,113,,spatial_roi+column_anchors,||长期摊销费用
交银人寿2025年报__业务及管理费__20260721T162218,交银人寿,2025,交银人寿20222025业务及管理费,7ebe4b0597c8_交银人寿2025年报.pdf,业务及管理费,,"合计 321,678,946 287,243,54434 业务及管理费",18,DETAIL,0,,长期摊销费用,长期摊销费用,,UNMAPPED,2025.0,,False,2025.0,"4,899,343",4899343.0,,,,113,,spatial_roi+column_anchors,||长期摊销费用
交银人寿2025年报__业务及管理费__20260721T162218,交银人寿,2025,交银人寿20222025业务及管理费,7ebe4b0597c8_交银人寿2025年报.pdf,业务及管理费,,"合计 321,678,946 287,243,54434 业务及管理费",18,DETAIL,0,,长期摊销费用,长期摊销费用,,UNMAPPED,2024.0,,False,2024.0,"6,867,256",6867256.0,,,,113,,spatial_roi+column_anchors,||长期摊销费用
交银人寿2025年报__业务及管理费__20260721T162218,交银人寿,2025,交银人寿20222025业务及管理费,7ebe4b0597c8_交银人寿2025年报.pdf,业务及管理费,,"合计 321,678,946 287,243,54434 业务及管理费",19,DETAIL,0,,租赁费,租赁费,,UNMAPPED,2025.0,,False,2025.0,"3,475,664",3475664.0,,,,113,,spatial_roi+column_anchors,||租赁费
交银人寿2025年报__业务及管理费__20260721T162218,交银人寿,2025,交银人寿20222025业务及管理费,7ebe4b0597c8_交银人寿2025年报.pdf,业务及管理费,,"合计 321,678,946 287,243,54434 业务及管理费",19,DETAIL,0,,租赁费,租赁费,,UNMAPPED,2024.0,,False,2024.0,"626,391",626391.0,,,,113,,spatial_roi+column_anchors,||租赁费
交银人寿2025年报__业务及管理费__20260721T162218,交银人寿,2025,交银人寿20222025业务及管理费,7ebe4b0597c8_交银人寿2025年报.pdf,业务及管理费,,"合计 321,678,946 287,243,54434 业务及管理费",19,DETAIL,0,,租赁费,租赁费,,UNMAPPED,2025.0,,False,2025.0,"3,106,577",3106577.0,,,,113,,spatial_roi+column_anchors,||租赁费
交银人寿2025年报__业务及管理费__20260721T162218,交银人寿,2025,交银人寿20222025业务及管理费,7ebe4b0597c8_交银人寿2025年报.pdf,业务及管理费,,"合计 321,678,946 287,243,54434 业务及管理费",19,DETAIL,0,,租赁费,租赁费,,UNMAPPED,2024.0,,False,2024.0,"84,762",84762.0,,,,113,,spatial_roi+column_anchors,||租赁费
交银人寿2025年报__业务及管理费__20260721T162218,交银人寿,2025,交银人寿20222025业务及管理费,7ebe4b0597c8_交银人寿2025年报.pdf,业务及管理费,,"合计 321,678,946 287,243,54434 业务及管理费",20,DETAIL,0,,其他,其他,,UNMAPPED,2025.0,,False,2025.0,"43,994,675",43994675.0,,,,113,,spatial_roi+column_anchors,||其他
交银人寿2025年报__业务及管理费__20260721T162218,交银人寿,2025,交银人寿20222025业务及管理费,7ebe4b0597c8_交银人寿2025年报.pdf,业务及管理费,,"合计 321,678,946 287,243,54434 业务及管理费",20,DETAIL,0,,其他,其他,,UNMAPPED,2024.0,,False,2024.0,"41,314,075",41314075.0,,,,113,,spatial_roi+column_anchors,||其他
交银人寿2025年报__业务及管理费__20260721T162218,交银人寿,2025,交银人寿20222025业务及管理费,7ebe4b0597c8_交银人寿2025年报.pdf,业务及管理费,,"合计 321,678,946 287,243,54434 业务及管理费",20,DETAIL,0,,其他,其他,,UNMAPPED,2025.0,,False,2025.0,"39,353,175",39353175.0,,,,113,,spatial_roi+column_anchors,||其他
交银人寿2025年报__业务及管理费__20260721T162218,交银人寿,2025,交银人寿20222025业务及管理费,7ebe4b0597c8_交银人寿2025年报.pdf,业务及管理费,,"合计 321,678,946 287,243,54434 业务及管理费",20,DETAIL,0,,其他,其他,,UNMAPPED,2024.0,,False,2024.0,"36,518,666",36518666.0,,,,113,,spatial_roi+column_anchors,||其他
交银人寿2025年报__业务及管理费__20260721T162218,交银人寿,2025,交银人寿20222025业务及管理费,7ebe4b0597c8_交银人寿2025年报.pdf,业务及管理费,,"合计 321,678,946 287,243,54434 业务及管理费",21,DETAIL,0,,减：当期发生的保险获取现金流量,减：当期发生的保险获取现金流量,,UNMAPPED,2025.0,,False,2025.0,"(499,786,509)",-499786509.0,,,,113,,spatial_roi+column_anchors,||减：当期发生的保险获取现金流量
交银人寿2025年报__业务及管理费__20260721T162218,交银人寿,2025,交银人寿20222025业务及管理费,7ebe4b0597c8_交银人寿2025年报.pdf,业务及管理费,,"合计 321,678,946 287,243,54434 业务及管理费",21,DETAIL,0,,减：当期发生的保险获取现金流量,减：当期发生的保险获取现金流量,,UNMAPPED,2024.0,,False,2024.0,"(558,981,090)",-558981090.0,,,,113,,spatial_roi+column_anchors,||减：当期发生的保险获取现金流量
交银人寿2025年报__业务及管理费__20260721T162218,交银人寿,2025,交银人寿20222025业务及管理费,7ebe4b0597c8_交银人寿2025年报.pdf,业务及管理费,,"合计 321,678,946 287,243,54434 业务及管理费",21,DETAIL,0,,减：当期发生的保险获取现金流量,减：当期发生的保险获取现金流量,,UNMAPPED,2025.0,,False,2025.0,"(499,786,509)",-499786509.0,,,,113,,spatial_roi+column_anchors,||减：当期发生的保险获取现金流量
交银人寿2025年报__业务及管理费__20260721T162218,交银人寿,2025,交银人寿20222025业务及管理费,7ebe4b0597c8_交银人寿2025年报.pdf,业务及管理费,,"合计 321,678,946 287,243,54434 业务及管理费",21,DETAIL,0,,减：当期发生的保险获取现金流量,减：当期发生的保险获取现金流量,,UNMAPPED,2024.0,,False,2024.0,"(558,981,090)",-558981090.0,,,,113,,spatial_roi+column_anchors,||减：当期发生的保险获取现金流量
交银人寿2025年报__业务及管理费__20260721T162218,交银人寿,2025,交银人寿20222025业务及管理费,7ebe4b0597c8_交银人寿2025年报.pdf,业务及管理费,,"合计 321,678,946 287,243,54434 业务及管理费",22,DETAIL,0,,当期发生的其他保险履约现金流,当期发生的其他保险履约现金流,,UNMAPPED,2025.0,,False,2025.0,"(425,932,281)",-425932281.0,,,,113,,spatial_roi+column_anchors,||当期发生的其他保险履约现金流
交银人寿2025年报__业务及管理费__20260721T162218,交银人寿,2025,交银人寿20222025业务及管理费,7ebe4b0597c8_交银人寿2025年报.pdf,业务及管理费,,"合计 321,678,946 287,243,54434 业务及管理费",22,DETAIL,0,,当期发生的其他保险履约现金流,当期发生的其他保险履约现金流,,UNMAPPED,2024.0,,False,2024.0,"(361,553,814)",-361553814.0,,,,113,,spatial_roi+column_anchors,||当期发生的其他保险履约现金流
交银人寿2025年报__业务及管理费__20260721T162218,交银人寿,2025,交银人寿20222025业务及管理费,7ebe4b0597c8_交银人寿2025年报.pdf,业务及管理费,,"合计 321,678,946 287,243,54434 业务及管理费",22,DETAIL,0,,当期发生的其他保险履约现金流,当期发生的其他保险履约现金流,,UNMAPPED,2025.0,,False,2025.0,"(425,932,281)",-425932281.0,,,,113,,spatial_roi+column_anchors,||当期发生的其他保险履约现金流
交银人寿2025年报__业务及管理费__20260721T162218,交银人寿,2025,交银人寿20222025业务及管理费,7ebe4b0597c8_交银人寿2025年报.pdf,业务及管理费,,"合计 321,678,946 287,243,54434 业务及管理费",22,DETAIL,0,,当期发生的其他保险履约现金流,当期发生的其他保险履约现金流,,UNMAPPED,2024.0,,False,2024.0,"(361,553,814)",-361553814.0,,,,113,,spatial_roi+column_anchors,||当期发生的其他保险履约现金流
交银人寿2025年报__业务及管理费__20260721T162218,交银人寿,2025,交银人寿20222025业务及管理费,7ebe4b0597c8_交银人寿2025年报.pdf,业务及管理费,,"合计 321,678,946 287,243,54434 业务及管理费",23,TOTAL,0,,合计,合计,,UNMAPPED,2025.0,,False,2025.0,"150,712,320",150712320.0,,,,113,,spatial_roi+column_anchors,||合计
交银人寿2025年报__业务及管理费__20260721T162218,交银人寿,2025,交银人寿20222025业务及管理费,7ebe4b0597c8_交银人寿2025年报.pdf,业务及管理费,,"合计 321,678,946 287,243,54434 业务及管理费",23,TOTAL,0,,合计,合计,,UNMAPPED,2024.0,,False,2024.0,"140,537,055",140537055.0,,,,113,,spatial_roi+column_anchors,||合计
交银人寿2025年报__业务及管理费__20260721T162218,交银人寿,2025,交银人寿20222025业务及管理费,7ebe4b0597c8_交银人寿2025年报.pdf,业务及管理费,,"合计 321,678,946 287,243,54434 业务及管理费",23,TOTAL,0,,合计,合计,,UNMAPPED,2025.0,,False,2025.0,"171,459,285",171459285.0,,,,113,,spatial_roi+column_anchors,||合计
交银人寿2025年报__业务及管理费__20260721T162218,交银人寿,2025,交银人寿20222025业务及管理费,7ebe4b0597c8_交银人寿2025年报.pdf,业务及管理费,,"合计 321,678,946 287,243,54434 业务及管理费",23,TOTAL,0,,合计,合计,,UNMAPPED,2024.0,,False,2024.0,"144,109,167",144109167.0,,,,113,,spatial_roi+column_anchors,||合计
