capture_run_id,company,document_year,table_id,pdf_name,table_query,note_number,located_title,row_order,row_type,row_level,parent_section,raw_item,normalized_item,capture_canonical_item,capture_mapping_status,year,scope,restated,header_raw,value_raw,value,value_yuan,unit,original_unit,page,header_source_page,source_method,source_key,canonical_section,canonical_item,category,mapping_status,mapping_note,canonical_key
建信人寿2022年报__业务及管理费__20260721T155348,建信人寿,2022,建信人寿业务及管理费20222025,e7eec2489f81_建信人寿2022年报.pdf,业务及管理费,,"合计 4,051,761,120 3,369,170,56749. 业务及管理费",1,DETAIL,0,,工资及福利费,工资及福利费,,UNMAPPED,2022.0,,False,2022.0,"1,788,536,878",1788536878.0,,,,144,,spatial_roi+column_anchors,||工资及福利费,,工资及福利费,,AUTO_EXACT_IDENTITY,,CANON::建信人寿业务及管理费20222025::::工资及福利费
建信人寿2022年报__业务及管理费__20260721T155348,建信人寿,2022,建信人寿业务及管理费20222025,e7eec2489f81_建信人寿2022年报.pdf,业务及管理费,,"合计 4,051,761,120 3,369,170,56749. 业务及管理费",1,DETAIL,0,,工资及福利费,工资及福利费,,UNMAPPED,2021.0,,False,2021.0,"1,819,078,893",1819078893.0,,,,144,,spatial_roi+column_anchors,||工资及福利费,,工资及福利费,,AUTO_EXACT_IDENTITY,,CANON::建信人寿业务及管理费20222025::::工资及福利费
建信人寿2022年报__业务及管理费__20260721T155348,建信人寿,2022,建信人寿业务及管理费20222025,e7eec2489f81_建信人寿2022年报.pdf,业务及管理费,,"合计 4,051,761,120 3,369,170,56749. 业务及管理费",2,DETAIL,0,,使用权资产折旧,使用权资产折旧,,UNMAPPED,2022.0,,False,2022.0,"153,754,901",153754901.0,,,,144,,spatial_roi+column_anchors,||使用权资产折旧,,使用权资产折旧,,AUTO_EXACT_IDENTITY,,CANON::建信人寿业务及管理费20222025::::使用权资产折旧
建信人寿2022年报__业务及管理费__20260721T155348,建信人寿,2022,建信人寿业务及管理费20222025,e7eec2489f81_建信人寿2022年报.pdf,业务及管理费,,"合计 4,051,761,120 3,369,170,56749. 业务及管理费",2,DETAIL,0,,使用权资产折旧,使用权资产折旧,,UNMAPPED,2021.0,,False,2021.0,"146,556,345",146556345.0,,,,144,,spatial_roi+column_anchors,||使用权资产折旧,,使用权资产折旧,,AUTO_EXACT_IDENTITY,,CANON::建信人寿业务及管理费20222025::::使用权资产折旧
建信人寿2022年报__业务及管理费__20260721T155348,建信人寿,2022,建信人寿业务及管理费20222025,e7eec2489f81_建信人寿2022年报.pdf,业务及管理费,,"合计 4,051,761,120 3,369,170,56749. 业务及管理费",3,DETAIL,0,,无形资产摊销,无形资产摊销,,UNMAPPED,2022.0,,False,2022.0,"123,487,155",123487155.0,,,,144,,spatial_roi+column_anchors,||无形资产摊销,,无形资产摊销,,AUTO_EXACT_IDENTITY,,CANON::建信人寿业务及管理费20222025::::无形资产摊销
建信人寿2022年报__业务及管理费__20260721T155348,建信人寿,2022,建信人寿业务及管理费20222025,e7eec2489f81_建信人寿2022年报.pdf,业务及管理费,,"合计 4,051,761,120 3,369,170,56749. 业务及管理费",3,DETAIL,0,,无形资产摊销,无形资产摊销,,UNMAPPED,2021.0,,False,2021.0,"103,461,244",103461244.0,,,,144,,spatial_roi+column_anchors,||无形资产摊销,,无形资产摊销,,AUTO_EXACT_IDENTITY,,CANON::建信人寿业务及管理费20222025::::无形资产摊销
建信人寿2022年报__业务及管理费__20260721T155348,建信人寿,2022,建信人寿业务及管理费20222025,e7eec2489f81_建信人寿2022年报.pdf,业务及管理费,,"合计 4,051,761,120 3,369,170,56749. 业务及管理费",4,DETAIL,0,,修理及维护费用,修理及维护费用,,UNMAPPED,2022.0,,False,2022.0,"103,952,695",103952695.0,,,,144,,spatial_roi+column_anchors,||修理及维护费用,,修理及维护费用,,AUTO_EXACT_IDENTITY,,CANON::建信人寿业务及管理费20222025::::修理及维护费用
建信人寿2022年报__业务及管理费__20260721T155348,建信人寿,2022,建信人寿业务及管理费20222025,e7eec2489f81_建信人寿2022年报.pdf,业务及管理费,,"合计 4,051,761,120 3,369,170,56749. 业务及管理费",4,DETAIL,0,,修理及维护费用,修理及维护费用,,UNMAPPED,2021.0,,False,2021.0,"45,206,931",45206931.0,,,,144,,spatial_roi+column_anchors,||修理及维护费用,,修理及维护费用,,AUTO_EXACT_IDENTITY,,CANON::建信人寿业务及管理费20222025::::修理及维护费用
建信人寿2022年报__业务及管理费__20260721T155348,建信人寿,2022,建信人寿业务及管理费20222025,e7eec2489f81_建信人寿2022年报.pdf,业务及管理费,,"合计 4,051,761,120 3,369,170,56749. 业务及管理费",5,DETAIL,0,,提取保险保障基金,提取保险保障基金,,UNMAPPED,2022.0,,False,2022.0,"96,691,138",96691138.0,,,,144,,spatial_roi+column_anchors,||提取保险保障基金,,提取保险保障基金,,AUTO_EXACT_IDENTITY,,CANON::建信人寿业务及管理费20222025::::提取保险保障基金
建信人寿2022年报__业务及管理费__20260721T155348,建信人寿,2022,建信人寿业务及管理费20222025,e7eec2489f81_建信人寿2022年报.pdf,业务及管理费,,"合计 4,051,761,120 3,369,170,56749. 业务及管理费",5,DETAIL,0,,提取保险保障基金,提取保险保障基金,,UNMAPPED,2021.0,,False,2021.0,"94,734,297",94734297.0,,,,144,,spatial_roi+column_anchors,||提取保险保障基金,,提取保险保障基金,,AUTO_EXACT_IDENTITY,,CANON::建信人寿业务及管理费20222025::::提取保险保障基金
建信人寿2022年报__业务及管理费__20260721T155348,建信人寿,2022,建信人寿业务及管理费20222025,e7eec2489f81_建信人寿2022年报.pdf,业务及管理费,,"合计 4,051,761,120 3,369,170,56749. 业务及管理费",6,DETAIL,0,,资产托管费,资产托管费,,UNMAPPED,2022.0,,False,2022.0,"92,444,402",92444402.0,,,,144,,spatial_roi+column_anchors,||资产托管费,,资产托管费,,AUTO_EXACT_IDENTITY,,CANON::建信人寿业务及管理费20222025::::资产托管费
建信人寿2022年报__业务及管理费__20260721T155348,建信人寿,2022,建信人寿业务及管理费20222025,e7eec2489f81_建信人寿2022年报.pdf,业务及管理费,,"合计 4,051,761,120 3,369,170,56749. 业务及管理费",6,DETAIL,0,,资产托管费,资产托管费,,UNMAPPED,2021.0,,False,2021.0,"106,275,812",106275812.0,,,,144,,spatial_roi+column_anchors,||资产托管费,,资产托管费,,AUTO_EXACT_IDENTITY,,CANON::建信人寿业务及管理费20222025::::资产托管费
建信人寿2022年报__业务及管理费__20260721T155348,建信人寿,2022,建信人寿业务及管理费20222025,e7eec2489f81_建信人寿2022年报.pdf,业务及管理费,,"合计 4,051,761,120 3,369,170,56749. 业务及管理费",7,DETAIL,0,,固定资产折旧,固定资产折旧,,UNMAPPED,2022.0,,False,2022.0,"66,954,817",66954817.0,,,,144,,spatial_roi+column_anchors,||固定资产折旧,,固定资产折旧,,AUTO_EXACT_IDENTITY,,CANON::建信人寿业务及管理费20222025::::固定资产折旧
建信人寿2022年报__业务及管理费__20260721T155348,建信人寿,2022,建信人寿业务及管理费20222025,e7eec2489f81_建信人寿2022年报.pdf,业务及管理费,,"合计 4,051,761,120 3,369,170,56749. 业务及管理费",7,DETAIL,0,,固定资产折旧,固定资产折旧,,UNMAPPED,2021.0,,False,2021.0,"68,760,234",68760234.0,,,,144,,spatial_roi+column_anchors,||固定资产折旧,,固定资产折旧,,AUTO_EXACT_IDENTITY,,CANON::建信人寿业务及管理费20222025::::固定资产折旧
建信人寿2022年报__业务及管理费__20260721T155348,建信人寿,2022,建信人寿业务及管理费20222025,e7eec2489f81_建信人寿2022年报.pdf,业务及管理费,,"合计 4,051,761,120 3,369,170,56749. 业务及管理费",8,DETAIL,0,,租赁费用,租赁费用,,UNMAPPED,2022.0,,False,2022.0,"55,367,233",55367233.0,,,,144,,spatial_roi+column_anchors,||租赁费用,,租赁费用,,AUTO_EXACT_IDENTITY,,CANON::建信人寿业务及管理费20222025::::租赁费用
建信人寿2022年报__业务及管理费__20260721T155348,建信人寿,2022,建信人寿业务及管理费20222025,e7eec2489f81_建信人寿2022年报.pdf,业务及管理费,,"合计 4,051,761,120 3,369,170,56749. 业务及管理费",8,DETAIL,0,,租赁费用,租赁费用,,UNMAPPED,2021.0,,False,2021.0,"59,179,126",59179126.0,,,,144,,spatial_roi+column_anchors,||租赁费用,,租赁费用,,AUTO_EXACT_IDENTITY,,CANON::建信人寿业务及管理费20222025::::租赁费用
建信人寿2022年报__业务及管理费__20260721T155348,建信人寿,2022,建信人寿业务及管理费20222025,e7eec2489f81_建信人寿2022年报.pdf,业务及管理费,,"合计 4,051,761,120 3,369,170,56749. 业务及管理费",9,DETAIL,0,,业务活动费,业务活动费,,UNMAPPED,2022.0,,False,2022.0,"42,177,299",42177299.0,,,,144,,spatial_roi+column_anchors,||业务活动费,,业务活动费,,AUTO_EXACT_IDENTITY,,CANON::建信人寿业务及管理费20222025::::业务活动费
建信人寿2022年报__业务及管理费__20260721T155348,建信人寿,2022,建信人寿业务及管理费20222025,e7eec2489f81_建信人寿2022年报.pdf,业务及管理费,,"合计 4,051,761,120 3,369,170,56749. 业务及管理费",9,DETAIL,0,,业务活动费,业务活动费,,UNMAPPED,2021.0,,False,2021.0,"43,598,997",43598997.0,,,,144,,spatial_roi+column_anchors,||业务活动费,,业务活动费,,AUTO_EXACT_IDENTITY,,CANON::建信人寿业务及管理费20222025::::业务活动费
建信人寿2022年报__业务及管理费__20260721T155348,建信人寿,2022,建信人寿业务及管理费20222025,e7eec2489f81_建信人寿2022年报.pdf,业务及管理费,,"合计 4,051,761,120 3,369,170,56749. 业务及管理费",10,DETAIL,0,,长期待摊费用摊销,长期待摊费用摊销,,UNMAPPED,2022.0,,False,2022.0,"35,562,258",35562258.0,,,,144,,spatial_roi+column_anchors,||长期待摊费用摊销,,长期待摊费用摊销,,AUTO_EXACT_IDENTITY,,CANON::建信人寿业务及管理费20222025::::长期待摊费用摊销
建信人寿2022年报__业务及管理费__20260721T155348,建信人寿,2022,建信人寿业务及管理费20222025,e7eec2489f81_建信人寿2022年报.pdf,业务及管理费,,"合计 4,051,761,120 3,369,170,56749. 业务及管理费",10,DETAIL,0,,长期待摊费用摊销,长期待摊费用摊销,,UNMAPPED,2021.0,,False,2021.0,"35,502,652",35502652.0,,,,144,,spatial_roi+column_anchors,||长期待摊费用摊销,,长期待摊费用摊销,,AUTO_EXACT_IDENTITY,,CANON::建信人寿业务及管理费20222025::::长期待摊费用摊销
建信人寿2022年报__业务及管理费__20260721T155348,建信人寿,2022,建信人寿业务及管理费20222025,e7eec2489f81_建信人寿2022年报.pdf,业务及管理费,,"合计 4,051,761,120 3,369,170,56749. 业务及管理费",11,DETAIL,0,,专业服务费,专业服务费,,UNMAPPED,2022.0,,False,2022.0,"34,700,464",34700464.0,,,,144,,spatial_roi+column_anchors,||专业服务费,,专业服务费,,AUTO_EXACT_IDENTITY,,CANON::建信人寿业务及管理费20222025::::专业服务费
建信人寿2022年报__业务及管理费__20260721T155348,建信人寿,2022,建信人寿业务及管理费20222025,e7eec2489f81_建信人寿2022年报.pdf,业务及管理费,,"合计 4,051,761,120 3,369,170,56749. 业务及管理费",11,DETAIL,0,,专业服务费,专业服务费,,UNMAPPED,2021.0,,False,2021.0,"38,418,023",38418023.0,,,,144,,spatial_roi+column_anchors,||专业服务费,,专业服务费,,AUTO_EXACT_IDENTITY,,CANON::建信人寿业务及管理费20222025::::专业服务费
建信人寿2022年报__业务及管理费__20260721T155348,建信人寿,2022,建信人寿业务及管理费20222025,e7eec2489f81_建信人寿2022年报.pdf,业务及管理费,,"合计 4,051,761,120 3,369,170,56749. 业务及管理费",12,DETAIL,0,,培训费,培训费,,UNMAPPED,2022.0,,False,2022.0,"34,509,669",34509669.0,,,,144,,spatial_roi+column_anchors,||培训费,,培训费,,AUTO_EXACT_IDENTITY,,CANON::建信人寿业务及管理费20222025::::培训费
建信人寿2022年报__业务及管理费__20260721T155348,建信人寿,2022,建信人寿业务及管理费20222025,e7eec2489f81_建信人寿2022年报.pdf,业务及管理费,,"合计 4,051,761,120 3,369,170,56749. 业务及管理费",12,DETAIL,0,,培训费,培训费,,UNMAPPED,2021.0,,False,2021.0,"42,309,627",42309627.0,,,,144,,spatial_roi+column_anchors,||培训费,,培训费,,AUTO_EXACT_IDENTITY,,CANON::建信人寿业务及管理费20222025::::培训费
建信人寿2022年报__业务及管理费__20260721T155348,建信人寿,2022,建信人寿业务及管理费20222025,e7eec2489f81_建信人寿2022年报.pdf,业务及管理费,,"合计 4,051,761,120 3,369,170,56749. 业务及管理费",13,DETAIL,0,,通讯费,通讯费,,UNMAPPED,2022.0,,False,2022.0,"31,134,818",31134818.0,,,,144,,spatial_roi+column_anchors,||通讯费,,通讯费,,AUTO_EXACT_IDENTITY,,CANON::建信人寿业务及管理费20222025::::通讯费
建信人寿2022年报__业务及管理费__20260721T155348,建信人寿,2022,建信人寿业务及管理费20222025,e7eec2489f81_建信人寿2022年报.pdf,业务及管理费,,"合计 4,051,761,120 3,369,170,56749. 业务及管理费",13,DETAIL,0,,通讯费,通讯费,,UNMAPPED,2021.0,,False,2021.0,"30,938,213",30938213.0,,,,144,,spatial_roi+column_anchors,||通讯费,,通讯费,,AUTO_EXACT_IDENTITY,,CANON::建信人寿业务及管理费20222025::::通讯费
建信人寿2022年报__业务及管理费__20260721T155348,建信人寿,2022,建信人寿业务及管理费20222025,e7eec2489f81_建信人寿2022年报.pdf,业务及管理费,,"合计 4,051,761,120 3,369,170,56749. 业务及管理费",14,DETAIL,0,,广告宣传费,广告宣传费,,UNMAPPED,2022.0,,False,2022.0,"24,476,049",24476049.0,,,,144,,spatial_roi+column_anchors,||广告宣传费,,广告宣传费,,AUTO_EXACT_IDENTITY,,CANON::建信人寿业务及管理费20222025::::广告宣传费
建信人寿2022年报__业务及管理费__20260721T155348,建信人寿,2022,建信人寿业务及管理费20222025,e7eec2489f81_建信人寿2022年报.pdf,业务及管理费,,"合计 4,051,761,120 3,369,170,56749. 业务及管理费",14,DETAIL,0,,广告宣传费,广告宣传费,,UNMAPPED,2021.0,,False,2021.0,"32,713,363",32713363.0,,,,144,,spatial_roi+column_anchors,||广告宣传费,,广告宣传费,,AUTO_EXACT_IDENTITY,,CANON::建信人寿业务及管理费20222025::::广告宣传费
建信人寿2022年报__业务及管理费__20260721T155348,建信人寿,2022,建信人寿业务及管理费20222025,e7eec2489f81_建信人寿2022年报.pdf,业务及管理费,,"合计 4,051,761,120 3,369,170,56749. 业务及管理费",15,DETAIL,0,,业务招待费,业务招待费,,UNMAPPED,2022.0,,False,2022.0,"20,437,410",20437410.0,,,,144,,spatial_roi+column_anchors,||业务招待费,,业务招待费,,AUTO_EXACT_IDENTITY,,CANON::建信人寿业务及管理费20222025::::业务招待费
建信人寿2022年报__业务及管理费__20260721T155348,建信人寿,2022,建信人寿业务及管理费20222025,e7eec2489f81_建信人寿2022年报.pdf,业务及管理费,,"合计 4,051,761,120 3,369,170,56749. 业务及管理费",15,DETAIL,0,,业务招待费,业务招待费,,UNMAPPED,2021.0,,False,2021.0,"35,047,382",35047382.0,,,,144,,spatial_roi+column_anchors,||业务招待费,,业务招待费,,AUTO_EXACT_IDENTITY,,CANON::建信人寿业务及管理费20222025::::业务招待费
建信人寿2022年报__业务及管理费__20260721T155348,建信人寿,2022,建信人寿业务及管理费20222025,e7eec2489f81_建信人寿2022年报.pdf,业务及管理费,,"合计 4,051,761,120 3,369,170,56749. 业务及管理费",16,DETAIL,0,,公杂费,公杂费,,UNMAPPED,2022.0,,False,2022.0,"18,938,952",18938952.0,,,,144,,spatial_roi+column_anchors,||公杂费,,公杂费,,AUTO_EXACT_IDENTITY,,CANON::建信人寿业务及管理费20222025::::公杂费
建信人寿2022年报__业务及管理费__20260721T155348,建信人寿,2022,建信人寿业务及管理费20222025,e7eec2489f81_建信人寿2022年报.pdf,业务及管理费,,"合计 4,051,761,120 3,369,170,56749. 业务及管理费",16,DETAIL,0,,公杂费,公杂费,,UNMAPPED,2021.0,,False,2021.0,"18,071,042",18071042.0,,,,144,,spatial_roi+column_anchors,||公杂费,,公杂费,,AUTO_EXACT_IDENTITY,,CANON::建信人寿业务及管理费20222025::::公杂费
建信人寿2022年报__业务及管理费__20260721T155348,建信人寿,2022,建信人寿业务及管理费20222025,e7eec2489f81_建信人寿2022年报.pdf,业务及管理费,,"合计 4,051,761,120 3,369,170,56749. 业务及管理费",17,DETAIL,0,,差旅费,差旅费,,UNMAPPED,2022.0,,False,2022.0,"15,413,220",15413220.0,,,,144,,spatial_roi+column_anchors,||差旅费,,差旅费,,AUTO_EXACT_IDENTITY,,CANON::建信人寿业务及管理费20222025::::差旅费
建信人寿2022年报__业务及管理费__20260721T155348,建信人寿,2022,建信人寿业务及管理费20222025,e7eec2489f81_建信人寿2022年报.pdf,业务及管理费,,"合计 4,051,761,120 3,369,170,56749. 业务及管理费",17,DETAIL,0,,差旅费,差旅费,,UNMAPPED,2021.0,,False,2021.0,"26,765,551",26765551.0,,,,144,,spatial_roi+column_anchors,||差旅费,,差旅费,,AUTO_EXACT_IDENTITY,,CANON::建信人寿业务及管理费20222025::::差旅费
建信人寿2022年报__业务及管理费__20260721T155348,建信人寿,2022,建信人寿业务及管理费20222025,e7eec2489f81_建信人寿2022年报.pdf,业务及管理费,,"合计 4,051,761,120 3,369,170,56749. 业务及管理费",18,DETAIL,0,,水电费,水电费,,UNMAPPED,2022.0,,False,2022.0,"11,244,764",11244764.0,,,,144,,spatial_roi+column_anchors,||水电费,,水电费,,AUTO_EXACT_IDENTITY,,CANON::建信人寿业务及管理费20222025::::水电费
建信人寿2022年报__业务及管理费__20260721T155348,建信人寿,2022,建信人寿业务及管理费20222025,e7eec2489f81_建信人寿2022年报.pdf,业务及管理费,,"合计 4,051,761,120 3,369,170,56749. 业务及管理费",18,DETAIL,0,,水电费,水电费,,UNMAPPED,2021.0,,False,2021.0,"8,814,545",8814545.0,,,,144,,spatial_roi+column_anchors,||水电费,,水电费,,AUTO_EXACT_IDENTITY,,CANON::建信人寿业务及管理费20222025::::水电费
建信人寿2022年报__业务及管理费__20260721T155348,建信人寿,2022,建信人寿业务及管理费20222025,e7eec2489f81_建信人寿2022年报.pdf,业务及管理费,,"合计 4,051,761,120 3,369,170,56749. 业务及管理费",19,DETAIL,0,,租赁负债利息支出,租赁负债利息支出,,UNMAPPED,2022.0,,False,2022.0,"8,315,377",8315377.0,,,,144,,spatial_roi+column_anchors,||租赁负债利息支出,,租赁负债利息支出,,AUTO_EXACT_IDENTITY,,CANON::建信人寿业务及管理费20222025::::租赁负债利息支出
建信人寿2022年报__业务及管理费__20260721T155348,建信人寿,2022,建信人寿业务及管理费20222025,e7eec2489f81_建信人寿2022年报.pdf,业务及管理费,,"合计 4,051,761,120 3,369,170,56749. 业务及管理费",19,DETAIL,0,,租赁负债利息支出,租赁负债利息支出,,UNMAPPED,2021.0,,False,2021.0,"7,047,723",7047723.0,,,,144,,spatial_roi+column_anchors,||租赁负债利息支出,,租赁负债利息支出,,AUTO_EXACT_IDENTITY,,CANON::建信人寿业务及管理费20222025::::租赁负债利息支出
建信人寿2022年报__业务及管理费__20260721T155348,建信人寿,2022,建信人寿业务及管理费20222025,e7eec2489f81_建信人寿2022年报.pdf,业务及管理费,,"合计 4,051,761,120 3,369,170,56749. 业务及管理费",20,DETAIL,0,,印刷费,印刷费,,UNMAPPED,2022.0,,False,2022.0,"6,616,015",6616015.0,,,,144,,spatial_roi+column_anchors,||印刷费,,印刷费,,AUTO_EXACT_IDENTITY,,CANON::建信人寿业务及管理费20222025::::印刷费
建信人寿2022年报__业务及管理费__20260721T155348,建信人寿,2022,建信人寿业务及管理费20222025,e7eec2489f81_建信人寿2022年报.pdf,业务及管理费,,"合计 4,051,761,120 3,369,170,56749. 业务及管理费",20,DETAIL,0,,印刷费,印刷费,,UNMAPPED,2021.0,,False,2021.0,"9,563,143",9563143.0,,,,144,,spatial_roi+column_anchors,||印刷费,,印刷费,,AUTO_EXACT_IDENTITY,,CANON::建信人寿业务及管理费20222025::::印刷费
建信人寿2022年报__业务及管理费__20260721T155348,建信人寿,2022,建信人寿业务及管理费20222025,e7eec2489f81_建信人寿2022年报.pdf,业务及管理费,,"合计 4,051,761,120 3,369,170,56749. 业务及管理费",21,DETAIL,0,,银行结算费,银行结算费,,UNMAPPED,2022.0,,False,2022.0,"5,543,677",5543677.0,,,,144,,spatial_roi+column_anchors,||银行结算费,,银行结算费,,AUTO_EXACT_IDENTITY,,CANON::建信人寿业务及管理费20222025::::银行结算费
建信人寿2022年报__业务及管理费__20260721T155348,建信人寿,2022,建信人寿业务及管理费20222025,e7eec2489f81_建信人寿2022年报.pdf,业务及管理费,,"合计 4,051,761,120 3,369,170,56749. 业务及管理费",21,DETAIL,0,,银行结算费,银行结算费,,UNMAPPED,2021.0,,False,2021.0,"5,520,049",5520049.0,,,,144,,spatial_roi+column_anchors,||银行结算费,,银行结算费,,AUTO_EXACT_IDENTITY,,CANON::建信人寿业务及管理费20222025::::银行结算费
建信人寿2022年报__业务及管理费__20260721T155348,建信人寿,2022,建信人寿业务及管理费20222025,e7eec2489f81_建信人寿2022年报.pdf,业务及管理费,,"合计 4,051,761,120 3,369,170,56749. 业务及管理费",22,DETAIL,0,,会议费,会议费,,UNMAPPED,2022.0,,False,2022.0,"4,444,698",4444698.0,,,,144,,spatial_roi+column_anchors,||会议费,,会议费,,AUTO_EXACT_IDENTITY,,CANON::建信人寿业务及管理费20222025::::会议费
建信人寿2022年报__业务及管理费__20260721T155348,建信人寿,2022,建信人寿业务及管理费20222025,e7eec2489f81_建信人寿2022年报.pdf,业务及管理费,,"合计 4,051,761,120 3,369,170,56749. 业务及管理费",22,DETAIL,0,,会议费,会议费,,UNMAPPED,2021.0,,False,2021.0,"8,414,574",8414574.0,,,,144,,spatial_roi+column_anchors,||会议费,,会议费,,AUTO_EXACT_IDENTITY,,CANON::建信人寿业务及管理费20222025::::会议费
建信人寿2022年报__业务及管理费__20260721T155348,建信人寿,2022,建信人寿业务及管理费20222025,e7eec2489f81_建信人寿2022年报.pdf,业务及管理费,,"合计 4,051,761,120 3,369,170,56749. 业务及管理费",23,DETAIL,0,,其他税费,其他税费,,UNMAPPED,2022.0,,False,2022.0,"1,016,349",1016349.0,,,,144,,spatial_roi+column_anchors,||其他税费,,其他税费,,AUTO_EXACT_IDENTITY,,CANON::建信人寿业务及管理费20222025::::其他税费
建信人寿2022年报__业务及管理费__20260721T155348,建信人寿,2022,建信人寿业务及管理费20222025,e7eec2489f81_建信人寿2022年报.pdf,业务及管理费,,"合计 4,051,761,120 3,369,170,56749. 业务及管理费",23,DETAIL,0,,其他税费,其他税费,,UNMAPPED,2021.0,,False,2021.0,"1,919,606",1919606.0,,,,144,,spatial_roi+column_anchors,||其他税费,,其他税费,,AUTO_EXACT_IDENTITY,,CANON::建信人寿业务及管理费20222025::::其他税费
建信人寿2022年报__业务及管理费__20260721T155348,建信人寿,2022,建信人寿业务及管理费20222025,e7eec2489f81_建信人寿2022年报.pdf,业务及管理费,,"合计 4,051,761,120 3,369,170,56749. 业务及管理费",24,DETAIL,0,,其他,其他,,UNMAPPED,2022.0,,False,2022.0,"148,325,734",148325734.0,,,,144,,spatial_roi+column_anchors,||其他,,其他,,AUTO_EXACT_IDENTITY,,CANON::建信人寿业务及管理费20222025::::其他
建信人寿2022年报__业务及管理费__20260721T155348,建信人寿,2022,建信人寿业务及管理费20222025,e7eec2489f81_建信人寿2022年报.pdf,业务及管理费,,"合计 4,051,761,120 3,369,170,56749. 业务及管理费",24,DETAIL,0,,其他,其他,,UNMAPPED,2021.0,,False,2021.0,"155,521,296",155521296.0,,,,144,,spatial_roi+column_anchors,||其他,,其他,,AUTO_EXACT_IDENTITY,,CANON::建信人寿业务及管理费20222025::::其他
建信人寿2022年报__业务及管理费__20260721T155348,建信人寿,2022,建信人寿业务及管理费20222025,e7eec2489f81_建信人寿2022年报.pdf,业务及管理费,,"合计 4,051,761,120 3,369,170,56749. 业务及管理费",25,TOTAL,0,,合计,合计,,UNMAPPED,2022.0,,False,2022.0,"2,924,045,972",2924045972.0,,,,144,,spatial_roi+column_anchors,||合计,,合计,,AUTO_EXACT_IDENTITY,,CANON::建信人寿业务及管理费20222025::::合计
建信人寿2022年报__业务及管理费__20260721T155348,建信人寿,2022,建信人寿业务及管理费20222025,e7eec2489f81_建信人寿2022年报.pdf,业务及管理费,,"合计 4,051,761,120 3,369,170,56749. 业务及管理费",25,TOTAL,0,,合计,合计,,UNMAPPED,2021.0,,False,2021.0,"2,943,418,668",2943418668.0,,,,144,,spatial_roi+column_anchors,||合计,,合计,,AUTO_EXACT_IDENTITY,,CANON::建信人寿业务及管理费20222025::::合计
建信人寿2023年报__业务及管理费__20260721T155259,建信人寿,2023,建信人寿业务及管理费20222025,5b964aca9e47_建信人寿2023年报.pdf,业务及管理费,,"合计 4,293,319,539 4,051,761,12049. 业务及管理费",1,DETAIL,0,,工资及福利费,工资及福利费,,UNMAPPED,2023.0,,False,2023.0,"1,679,050,597",1679050597.0,1679050597.0,元,元,143,,spatial_roi+column_anchors,||工资及福利费,,工资及福利费,,AUTO_EXACT_IDENTITY,,CANON::建信人寿业务及管理费20222025::::工资及福利费
建信人寿2023年报__业务及管理费__20260721T155259,建信人寿,2023,建信人寿业务及管理费20222025,5b964aca9e47_建信人寿2023年报.pdf,业务及管理费,,"合计 4,293,319,539 4,051,761,12049. 业务及管理费",1,DETAIL,0,,工资及福利费,工资及福利费,,UNMAPPED,2022.0,,False,2022.0,"1,788,536,878",1788536878.0,1788536878.0,元,元,143,,spatial_roi+column_anchors,||工资及福利费,,工资及福利费,,AUTO_EXACT_IDENTITY,,CANON::建信人寿业务及管理费20222025::::工资及福利费
建信人寿2023年报__业务及管理费__20260721T155259,建信人寿,2023,建信人寿业务及管理费20222025,5b964aca9e47_建信人寿2023年报.pdf,业务及管理费,,"合计 4,293,319,539 4,051,761,12049. 业务及管理费",2,DETAIL,0,,无形资产摊销,无形资产摊销,,UNMAPPED,2023.0,,False,2023.0,"180,577,641",180577641.0,180577641.0,元,元,143,,spatial_roi+column_anchors,||无形资产摊销,,无形资产摊销,,AUTO_EXACT_IDENTITY,,CANON::建信人寿业务及管理费20222025::::无形资产摊销
建信人寿2023年报__业务及管理费__20260721T155259,建信人寿,2023,建信人寿业务及管理费20222025,5b964aca9e47_建信人寿2023年报.pdf,业务及管理费,,"合计 4,293,319,539 4,051,761,12049. 业务及管理费",2,DETAIL,0,,无形资产摊销,无形资产摊销,,UNMAPPED,2022.0,,False,2022.0,"123,487,155",123487155.0,123487155.0,元,元,143,,spatial_roi+column_anchors,||无形资产摊销,,无形资产摊销,,AUTO_EXACT_IDENTITY,,CANON::建信人寿业务及管理费20222025::::无形资产摊销
建信人寿2023年报__业务及管理费__20260721T155259,建信人寿,2023,建信人寿业务及管理费20222025,5b964aca9e47_建信人寿2023年报.pdf,业务及管理费,,"合计 4,293,319,539 4,051,761,12049. 业务及管理费",3,DETAIL,0,,使用权资产折旧,使用权资产折旧,,UNMAPPED,2023.0,,False,2023.0,"147,585,594",147585594.0,147585594.0,元,元,143,,spatial_roi+column_anchors,||使用权资产折旧,,使用权资产折旧,,AUTO_EXACT_IDENTITY,,CANON::建信人寿业务及管理费20222025::::使用权资产折旧
建信人寿2023年报__业务及管理费__20260721T155259,建信人寿,2023,建信人寿业务及管理费20222025,5b964aca9e47_建信人寿2023年报.pdf,业务及管理费,,"合计 4,293,319,539 4,051,761,12049. 业务及管理费",3,DETAIL,0,,使用权资产折旧,使用权资产折旧,,UNMAPPED,2022.0,,False,2022.0,"153,754,901",153754901.0,153754901.0,元,元,143,,spatial_roi+column_anchors,||使用权资产折旧,,使用权资产折旧,,AUTO_EXACT_IDENTITY,,CANON::建信人寿业务及管理费20222025::::使用权资产折旧
建信人寿2023年报__业务及管理费__20260721T155259,建信人寿,2023,建信人寿业务及管理费20222025,5b964aca9e47_建信人寿2023年报.pdf,业务及管理费,,"合计 4,293,319,539 4,051,761,12049. 业务及管理费",4,DETAIL,0,,提取保险保障基金,提取保险保障基金,,UNMAPPED,2023.0,,False,2023.0,"136,823,652",136823652.0,136823652.0,元,元,143,,spatial_roi+column_anchors,||提取保险保障基金,,提取保险保障基金,,AUTO_EXACT_IDENTITY,,CANON::建信人寿业务及管理费20222025::::提取保险保障基金
建信人寿2023年报__业务及管理费__20260721T155259,建信人寿,2023,建信人寿业务及管理费20222025,5b964aca9e47_建信人寿2023年报.pdf,业务及管理费,,"合计 4,293,319,539 4,051,761,12049. 业务及管理费",4,DETAIL,0,,提取保险保障基金,提取保险保障基金,,UNMAPPED,2022.0,,False,2022.0,"96,691,138",96691138.0,96691138.0,元,元,143,,spatial_roi+column_anchors,||提取保险保障基金,,提取保险保障基金,,AUTO_EXACT_IDENTITY,,CANON::建信人寿业务及管理费20222025::::提取保险保障基金
建信人寿2023年报__业务及管理费__20260721T155259,建信人寿,2023,建信人寿业务及管理费20222025,5b964aca9e47_建信人寿2023年报.pdf,业务及管理费,,"合计 4,293,319,539 4,051,761,12049. 业务及管理费",5,DETAIL,0,,修理及维护费用,修理及维护费用,,UNMAPPED,2023.0,,False,2023.0,"100,766,153",100766153.0,100766153.0,元,元,143,,spatial_roi+column_anchors,||修理及维护费用,,修理及维护费用,,AUTO_EXACT_IDENTITY,,CANON::建信人寿业务及管理费20222025::::修理及维护费用
建信人寿2023年报__业务及管理费__20260721T155259,建信人寿,2023,建信人寿业务及管理费20222025,5b964aca9e47_建信人寿2023年报.pdf,业务及管理费,,"合计 4,293,319,539 4,051,761,12049. 业务及管理费",5,DETAIL,0,,修理及维护费用,修理及维护费用,,UNMAPPED,2022.0,,False,2022.0,"103,952,695",103952695.0,103952695.0,元,元,143,,spatial_roi+column_anchors,||修理及维护费用,,修理及维护费用,,AUTO_EXACT_IDENTITY,,CANON::建信人寿业务及管理费20222025::::修理及维护费用
建信人寿2023年报__业务及管理费__20260721T155259,建信人寿,2023,建信人寿业务及管理费20222025,5b964aca9e47_建信人寿2023年报.pdf,业务及管理费,,"合计 4,293,319,539 4,051,761,12049. 业务及管理费",6,DETAIL,0,,资产托管费,资产托管费,,UNMAPPED,2023.0,,False,2023.0,"64,109,388",64109388.0,64109388.0,元,元,143,,spatial_roi+column_anchors,||资产托管费,,资产托管费,,AUTO_EXACT_IDENTITY,,CANON::建信人寿业务及管理费20222025::::资产托管费
建信人寿2023年报__业务及管理费__20260721T155259,建信人寿,2023,建信人寿业务及管理费20222025,5b964aca9e47_建信人寿2023年报.pdf,业务及管理费,,"合计 4,293,319,539 4,051,761,12049. 业务及管理费",6,DETAIL,0,,资产托管费,资产托管费,,UNMAPPED,2022.0,,False,2022.0,"92,444,402",92444402.0,92444402.0,元,元,143,,spatial_roi+column_anchors,||资产托管费,,资产托管费,,AUTO_EXACT_IDENTITY,,CANON::建信人寿业务及管理费20222025::::资产托管费
建信人寿2023年报__业务及管理费__20260721T155259,建信人寿,2023,建信人寿业务及管理费20222025,5b964aca9e47_建信人寿2023年报.pdf,业务及管理费,,"合计 4,293,319,539 4,051,761,12049. 业务及管理费",7,DETAIL,0,,固定资产折旧,固定资产折旧,,UNMAPPED,2023.0,,False,2023.0,"61,968,932",61968932.0,61968932.0,元,元,143,,spatial_roi+column_anchors,||固定资产折旧,,固定资产折旧,,AUTO_EXACT_IDENTITY,,CANON::建信人寿业务及管理费20222025::::固定资产折旧
建信人寿2023年报__业务及管理费__20260721T155259,建信人寿,2023,建信人寿业务及管理费20222025,5b964aca9e47_建信人寿2023年报.pdf,业务及管理费,,"合计 4,293,319,539 4,051,761,12049. 业务及管理费",7,DETAIL,0,,固定资产折旧,固定资产折旧,,UNMAPPED,2022.0,,False,2022.0,"66,954,817",66954817.0,66954817.0,元,元,143,,spatial_roi+column_anchors,||固定资产折旧,,固定资产折旧,,AUTO_EXACT_IDENTITY,,CANON::建信人寿业务及管理费20222025::::固定资产折旧
建信人寿2023年报__业务及管理费__20260721T155259,建信人寿,2023,建信人寿业务及管理费20222025,5b964aca9e47_建信人寿2023年报.pdf,业务及管理费,,"合计 4,293,319,539 4,051,761,12049. 业务及管理费",8,DETAIL,0,,租赁费用,租赁费用,,UNMAPPED,2023.0,,False,2023.0,"56,347,531",56347531.0,56347531.0,元,元,143,,spatial_roi+column_anchors,||租赁费用,,租赁费用,,AUTO_EXACT_IDENTITY,,CANON::建信人寿业务及管理费20222025::::租赁费用
建信人寿2023年报__业务及管理费__20260721T155259,建信人寿,2023,建信人寿业务及管理费20222025,5b964aca9e47_建信人寿2023年报.pdf,业务及管理费,,"合计 4,293,319,539 4,051,761,12049. 业务及管理费",8,DETAIL,0,,租赁费用,租赁费用,,UNMAPPED,2022.0,,False,2022.0,"55,367,233",55367233.0,55367233.0,元,元,143,,spatial_roi+column_anchors,||租赁费用,,租赁费用,,AUTO_EXACT_IDENTITY,,CANON::建信人寿业务及管理费20222025::::租赁费用
建信人寿2023年报__业务及管理费__20260721T155259,建信人寿,2023,建信人寿业务及管理费20222025,5b964aca9e47_建信人寿2023年报.pdf,业务及管理费,,"合计 4,293,319,539 4,051,761,12049. 业务及管理费",9,DETAIL,0,,培训费,培训费,,UNMAPPED,2023.0,,False,2023.0,"54,734,995",54734995.0,54734995.0,元,元,143,,spatial_roi+column_anchors,||培训费,,培训费,,AUTO_EXACT_IDENTITY,,CANON::建信人寿业务及管理费20222025::::培训费
建信人寿2023年报__业务及管理费__20260721T155259,建信人寿,2023,建信人寿业务及管理费20222025,5b964aca9e47_建信人寿2023年报.pdf,业务及管理费,,"合计 4,293,319,539 4,051,761,12049. 业务及管理费",9,DETAIL,0,,培训费,培训费,,UNMAPPED,2022.0,,False,2022.0,"34,509,669",34509669.0,34509669.0,元,元,143,,spatial_roi+column_anchors,||培训费,,培训费,,AUTO_EXACT_IDENTITY,,CANON::建信人寿业务及管理费20222025::::培训费
建信人寿2023年报__业务及管理费__20260721T155259,建信人寿,2023,建信人寿业务及管理费20222025,5b964aca9e47_建信人寿2023年报.pdf,业务及管理费,,"合计 4,293,319,539 4,051,761,12049. 业务及管理费",10,DETAIL,0,,业务活动费,业务活动费,,UNMAPPED,2023.0,,False,2023.0,"48,214,850",48214850.0,48214850.0,元,元,143,,spatial_roi+column_anchors,||业务活动费,,业务活动费,,AUTO_EXACT_IDENTITY,,CANON::建信人寿业务及管理费20222025::::业务活动费
建信人寿2023年报__业务及管理费__20260721T155259,建信人寿,2023,建信人寿业务及管理费20222025,5b964aca9e47_建信人寿2023年报.pdf,业务及管理费,,"合计 4,293,319,539 4,051,761,12049. 业务及管理费",10,DETAIL,0,,业务活动费,业务活动费,,UNMAPPED,2022.0,,False,2022.0,"42,177,299",42177299.0,42177299.0,元,元,143,,spatial_roi+column_anchors,||业务活动费,,业务活动费,,AUTO_EXACT_IDENTITY,,CANON::建信人寿业务及管理费20222025::::业务活动费
建信人寿2023年报__业务及管理费__20260721T155259,建信人寿,2023,建信人寿业务及管理费20222025,5b964aca9e47_建信人寿2023年报.pdf,业务及管理费,,"合计 4,293,319,539 4,051,761,12049. 业务及管理费",11,DETAIL,0,,差旅费,差旅费,,UNMAPPED,2023.0,,False,2023.0,"31,565,601",31565601.0,31565601.0,元,元,143,,spatial_roi+column_anchors,||差旅费,,差旅费,,AUTO_EXACT_IDENTITY,,CANON::建信人寿业务及管理费20222025::::差旅费
建信人寿2023年报__业务及管理费__20260721T155259,建信人寿,2023,建信人寿业务及管理费20222025,5b964aca9e47_建信人寿2023年报.pdf,业务及管理费,,"合计 4,293,319,539 4,051,761,12049. 业务及管理费",11,DETAIL,0,,差旅费,差旅费,,UNMAPPED,2022.0,,False,2022.0,"15,413,220",15413220.0,15413220.0,元,元,143,,spatial_roi+column_anchors,||差旅费,,差旅费,,AUTO_EXACT_IDENTITY,,CANON::建信人寿业务及管理费20222025::::差旅费
建信人寿2023年报__业务及管理费__20260721T155259,建信人寿,2023,建信人寿业务及管理费20222025,5b964aca9e47_建信人寿2023年报.pdf,业务及管理费,,"合计 4,293,319,539 4,051,761,12049. 业务及管理费",12,DETAIL,0,,通讯费,通讯费,,UNMAPPED,2023.0,,False,2023.0,"30,732,512",30732512.0,30732512.0,元,元,143,,spatial_roi+column_anchors,||通讯费,,通讯费,,AUTO_EXACT_IDENTITY,,CANON::建信人寿业务及管理费20222025::::通讯费
建信人寿2023年报__业务及管理费__20260721T155259,建信人寿,2023,建信人寿业务及管理费20222025,5b964aca9e47_建信人寿2023年报.pdf,业务及管理费,,"合计 4,293,319,539 4,051,761,12049. 业务及管理费",12,DETAIL,0,,通讯费,通讯费,,UNMAPPED,2022.0,,False,2022.0,"31,134,818",31134818.0,31134818.0,元,元,143,,spatial_roi+column_anchors,||通讯费,,通讯费,,AUTO_EXACT_IDENTITY,,CANON::建信人寿业务及管理费20222025::::通讯费
建信人寿2023年报__业务及管理费__20260721T155259,建信人寿,2023,建信人寿业务及管理费20222025,5b964aca9e47_建信人寿2023年报.pdf,业务及管理费,,"合计 4,293,319,539 4,051,761,12049. 业务及管理费",13,DETAIL,0,,专业服务费,专业服务费,,UNMAPPED,2023.0,,False,2023.0,"29,561,704",29561704.0,29561704.0,元,元,143,,spatial_roi+column_anchors,||专业服务费,,专业服务费,,AUTO_EXACT_IDENTITY,,CANON::建信人寿业务及管理费20222025::::专业服务费
建信人寿2023年报__业务及管理费__20260721T155259,建信人寿,2023,建信人寿业务及管理费20222025,5b964aca9e47_建信人寿2023年报.pdf,业务及管理费,,"合计 4,293,319,539 4,051,761,12049. 业务及管理费",13,DETAIL,0,,专业服务费,专业服务费,,UNMAPPED,2022.0,,False,2022.0,"34,700,464",34700464.0,34700464.0,元,元,143,,spatial_roi+column_anchors,||专业服务费,,专业服务费,,AUTO_EXACT_IDENTITY,,CANON::建信人寿业务及管理费20222025::::专业服务费
建信人寿2023年报__业务及管理费__20260721T155259,建信人寿,2023,建信人寿业务及管理费20222025,5b964aca9e47_建信人寿2023年报.pdf,业务及管理费,,"合计 4,293,319,539 4,051,761,12049. 业务及管理费",14,DETAIL,0,,长期待摊费用摊销,长期待摊费用摊销,,UNMAPPED,2023.0,,False,2023.0,"27,979,591",27979591.0,27979591.0,元,元,143,,spatial_roi+column_anchors,||长期待摊费用摊销,,长期待摊费用摊销,,AUTO_EXACT_IDENTITY,,CANON::建信人寿业务及管理费20222025::::长期待摊费用摊销
建信人寿2023年报__业务及管理费__20260721T155259,建信人寿,2023,建信人寿业务及管理费20222025,5b964aca9e47_建信人寿2023年报.pdf,业务及管理费,,"合计 4,293,319,539 4,051,761,12049. 业务及管理费",14,DETAIL,0,,长期待摊费用摊销,长期待摊费用摊销,,UNMAPPED,2022.0,,False,2022.0,"35,562,258",35562258.0,35562258.0,元,元,143,,spatial_roi+column_anchors,||长期待摊费用摊销,,长期待摊费用摊销,,AUTO_EXACT_IDENTITY,,CANON::建信人寿业务及管理费20222025::::长期待摊费用摊销
建信人寿2023年报__业务及管理费__20260721T155259,建信人寿,2023,建信人寿业务及管理费20222025,5b964aca9e47_建信人寿2023年报.pdf,业务及管理费,,"合计 4,293,319,539 4,051,761,12049. 业务及管理费",15,DETAIL,0,,广告宣传费,广告宣传费,,UNMAPPED,2023.0,,False,2023.0,"26,813,297",26813297.0,26813297.0,元,元,143,,spatial_roi+column_anchors,||广告宣传费,,广告宣传费,,AUTO_EXACT_IDENTITY,,CANON::建信人寿业务及管理费20222025::::广告宣传费
建信人寿2023年报__业务及管理费__20260721T155259,建信人寿,2023,建信人寿业务及管理费20222025,5b964aca9e47_建信人寿2023年报.pdf,业务及管理费,,"合计 4,293,319,539 4,051,761,12049. 业务及管理费",15,DETAIL,0,,广告宣传费,广告宣传费,,UNMAPPED,2022.0,,False,2022.0,"24,476,049",24476049.0,24476049.0,元,元,143,,spatial_roi+column_anchors,||广告宣传费,,广告宣传费,,AUTO_EXACT_IDENTITY,,CANON::建信人寿业务及管理费20222025::::广告宣传费
建信人寿2023年报__业务及管理费__20260721T155259,建信人寿,2023,建信人寿业务及管理费20222025,5b964aca9e47_建信人寿2023年报.pdf,业务及管理费,,"合计 4,293,319,539 4,051,761,12049. 业务及管理费",16,DETAIL,0,,公杂费,公杂费,,UNMAPPED,2023.0,,False,2023.0,"17,642,673",17642673.0,17642673.0,元,元,143,,spatial_roi+column_anchors,||公杂费,,公杂费,,AUTO_EXACT_IDENTITY,,CANON::建信人寿业务及管理费20222025::::公杂费
建信人寿2023年报__业务及管理费__20260721T155259,建信人寿,2023,建信人寿业务及管理费20222025,5b964aca9e47_建信人寿2023年报.pdf,业务及管理费,,"合计 4,293,319,539 4,051,761,12049. 业务及管理费",16,DETAIL,0,,公杂费,公杂费,,UNMAPPED,2022.0,,False,2022.0,"18,938,952",18938952.0,18938952.0,元,元,143,,spatial_roi+column_anchors,||公杂费,,公杂费,,AUTO_EXACT_IDENTITY,,CANON::建信人寿业务及管理费20222025::::公杂费
建信人寿2023年报__业务及管理费__20260721T155259,建信人寿,2023,建信人寿业务及管理费20222025,5b964aca9e47_建信人寿2023年报.pdf,业务及管理费,,"合计 4,293,319,539 4,051,761,12049. 业务及管理费",17,DETAIL,0,,业务招待费,业务招待费,,UNMAPPED,2023.0,,False,2023.0,"15,837,268",15837268.0,15837268.0,元,元,143,,spatial_roi+column_anchors,||业务招待费,,业务招待费,,AUTO_EXACT_IDENTITY,,CANON::建信人寿业务及管理费20222025::::业务招待费
建信人寿2023年报__业务及管理费__20260721T155259,建信人寿,2023,建信人寿业务及管理费20222025,5b964aca9e47_建信人寿2023年报.pdf,业务及管理费,,"合计 4,293,319,539 4,051,761,12049. 业务及管理费",17,DETAIL,0,,业务招待费,业务招待费,,UNMAPPED,2022.0,,False,2022.0,"20,437,410",20437410.0,20437410.0,元,元,143,,spatial_roi+column_anchors,||业务招待费,,业务招待费,,AUTO_EXACT_IDENTITY,,CANON::建信人寿业务及管理费20222025::::业务招待费
建信人寿2023年报__业务及管理费__20260721T155259,建信人寿,2023,建信人寿业务及管理费20222025,5b964aca9e47_建信人寿2023年报.pdf,业务及管理费,,"合计 4,293,319,539 4,051,761,12049. 业务及管理费",18,DETAIL,0,,水电费,水电费,,UNMAPPED,2023.0,,False,2023.0,"12,280,580",12280580.0,12280580.0,元,元,143,,spatial_roi+column_anchors,||水电费,,水电费,,AUTO_EXACT_IDENTITY,,CANON::建信人寿业务及管理费20222025::::水电费
建信人寿2023年报__业务及管理费__20260721T155259,建信人寿,2023,建信人寿业务及管理费20222025,5b964aca9e47_建信人寿2023年报.pdf,业务及管理费,,"合计 4,293,319,539 4,051,761,12049. 业务及管理费",18,DETAIL,0,,水电费,水电费,,UNMAPPED,2022.0,,False,2022.0,"11,244,764",11244764.0,11244764.0,元,元,143,,spatial_roi+column_anchors,||水电费,,水电费,,AUTO_EXACT_IDENTITY,,CANON::建信人寿业务及管理费20222025::::水电费
建信人寿2023年报__业务及管理费__20260721T155259,建信人寿,2023,建信人寿业务及管理费20222025,5b964aca9e47_建信人寿2023年报.pdf,业务及管理费,,"合计 4,293,319,539 4,051,761,12049. 业务及管理费",19,DETAIL,0,,租赁负债利息支出,租赁负债利息支出,,UNMAPPED,2023.0,,False,2023.0,"9,606,004",9606004.0,9606004.0,元,元,143,,spatial_roi+column_anchors,||租赁负债利息支出,,租赁负债利息支出,,AUTO_EXACT_IDENTITY,,CANON::建信人寿业务及管理费20222025::::租赁负债利息支出
建信人寿2023年报__业务及管理费__20260721T155259,建信人寿,2023,建信人寿业务及管理费20222025,5b964aca9e47_建信人寿2023年报.pdf,业务及管理费,,"合计 4,293,319,539 4,051,761,12049. 业务及管理费",19,DETAIL,0,,租赁负债利息支出,租赁负债利息支出,,UNMAPPED,2022.0,,False,2022.0,"8,315,377",8315377.0,8315377.0,元,元,143,,spatial_roi+column_anchors,||租赁负债利息支出,,租赁负债利息支出,,AUTO_EXACT_IDENTITY,,CANON::建信人寿业务及管理费20222025::::租赁负债利息支出
建信人寿2023年报__业务及管理费__20260721T155259,建信人寿,2023,建信人寿业务及管理费20222025,5b964aca9e47_建信人寿2023年报.pdf,业务及管理费,,"合计 4,293,319,539 4,051,761,12049. 业务及管理费",20,DETAIL,0,,会议费,会议费,,UNMAPPED,2023.0,,False,2023.0,"6,298,689",6298689.0,6298689.0,元,元,143,,spatial_roi+column_anchors,||会议费,,会议费,,AUTO_EXACT_IDENTITY,,CANON::建信人寿业务及管理费20222025::::会议费
建信人寿2023年报__业务及管理费__20260721T155259,建信人寿,2023,建信人寿业务及管理费20222025,5b964aca9e47_建信人寿2023年报.pdf,业务及管理费,,"合计 4,293,319,539 4,051,761,12049. 业务及管理费",20,DETAIL,0,,会议费,会议费,,UNMAPPED,2022.0,,False,2022.0,"4,444,698",4444698.0,4444698.0,元,元,143,,spatial_roi+column_anchors,||会议费,,会议费,,AUTO_EXACT_IDENTITY,,CANON::建信人寿业务及管理费20222025::::会议费
建信人寿2023年报__业务及管理费__20260721T155259,建信人寿,2023,建信人寿业务及管理费20222025,5b964aca9e47_建信人寿2023年报.pdf,业务及管理费,,"合计 4,293,319,539 4,051,761,12049. 业务及管理费",21,DETAIL,0,,印刷费,印刷费,,UNMAPPED,2023.0,,False,2023.0,"5,011,305",5011305.0,5011305.0,元,元,143,,spatial_roi+column_anchors,||印刷费,,印刷费,,AUTO_EXACT_IDENTITY,,CANON::建信人寿业务及管理费20222025::::印刷费
建信人寿2023年报__业务及管理费__20260721T155259,建信人寿,2023,建信人寿业务及管理费20222025,5b964aca9e47_建信人寿2023年报.pdf,业务及管理费,,"合计 4,293,319,539 4,051,761,12049. 业务及管理费",21,DETAIL,0,,印刷费,印刷费,,UNMAPPED,2022.0,,False,2022.0,"6,616,015",6616015.0,6616015.0,元,元,143,,spatial_roi+column_anchors,||印刷费,,印刷费,,AUTO_EXACT_IDENTITY,,CANON::建信人寿业务及管理费20222025::::印刷费
建信人寿2023年报__业务及管理费__20260721T155259,建信人寿,2023,建信人寿业务及管理费20222025,5b964aca9e47_建信人寿2023年报.pdf,业务及管理费,,"合计 4,293,319,539 4,051,761,12049. 业务及管理费",22,DETAIL,0,,银行结算费,银行结算费,,UNMAPPED,2023.0,,False,2023.0,"3,602,676",3602676.0,3602676.0,元,元,143,,spatial_roi+column_anchors,||银行结算费,,银行结算费,,AUTO_EXACT_IDENTITY,,CANON::建信人寿业务及管理费20222025::::银行结算费
建信人寿2023年报__业务及管理费__20260721T155259,建信人寿,2023,建信人寿业务及管理费20222025,5b964aca9e47_建信人寿2023年报.pdf,业务及管理费,,"合计 4,293,319,539 4,051,761,12049. 业务及管理费",22,DETAIL,0,,银行结算费,银行结算费,,UNMAPPED,2022.0,,False,2022.0,"5,543,677",5543677.0,5543677.0,元,元,143,,spatial_roi+column_anchors,||银行结算费,,银行结算费,,AUTO_EXACT_IDENTITY,,CANON::建信人寿业务及管理费20222025::::银行结算费
建信人寿2023年报__业务及管理费__20260721T155259,建信人寿,2023,建信人寿业务及管理费20222025,5b964aca9e47_建信人寿2023年报.pdf,业务及管理费,,"合计 4,293,319,539 4,051,761,12049. 业务及管理费",23,DETAIL,0,,其他税费,其他税费,,UNMAPPED,2023.0,,False,2023.0,"1,428,083",1428083.0,1428083.0,元,元,143,,spatial_roi+column_anchors,||其他税费,,其他税费,,AUTO_EXACT_IDENTITY,,CANON::建信人寿业务及管理费20222025::::其他税费
建信人寿2023年报__业务及管理费__20260721T155259,建信人寿,2023,建信人寿业务及管理费20222025,5b964aca9e47_建信人寿2023年报.pdf,业务及管理费,,"合计 4,293,319,539 4,051,761,12049. 业务及管理费",23,DETAIL,0,,其他税费,其他税费,,UNMAPPED,2022.0,,False,2022.0,"1,016,349",1016349.0,1016349.0,元,元,143,,spatial_roi+column_anchors,||其他税费,,其他税费,,AUTO_EXACT_IDENTITY,,CANON::建信人寿业务及管理费20222025::::其他税费
建信人寿2023年报__业务及管理费__20260721T155259,建信人寿,2023,建信人寿业务及管理费20222025,5b964aca9e47_建信人寿2023年报.pdf,业务及管理费,,"合计 4,293,319,539 4,051,761,12049. 业务及管理费",24,DETAIL,0,,其他,其他,,UNMAPPED,2023.0,,False,2023.0,"146,098,628",146098628.0,146098628.0,元,元,143,,spatial_roi+column_anchors,||其他,,其他,,AUTO_EXACT_IDENTITY,,CANON::建信人寿业务及管理费20222025::::其他
建信人寿2023年报__业务及管理费__20260721T155259,建信人寿,2023,建信人寿业务及管理费20222025,5b964aca9e47_建信人寿2023年报.pdf,业务及管理费,,"合计 4,293,319,539 4,051,761,12049. 业务及管理费",24,DETAIL,0,,其他,其他,,UNMAPPED,2022.0,,False,2022.0,"148,325,734",148325734.0,148325734.0,元,元,143,,spatial_roi+column_anchors,||其他,,其他,,AUTO_EXACT_IDENTITY,,CANON::建信人寿业务及管理费20222025::::其他
建信人寿2023年报__业务及管理费__20260721T155259,建信人寿,2023,建信人寿业务及管理费20222025,5b964aca9e47_建信人寿2023年报.pdf,业务及管理费,,"合计 4,293,319,539 4,051,761,12049. 业务及管理费",25,TOTAL,0,,合计,合计,,UNMAPPED,2023.0,,False,2023.0,"2,894,637,944",2894637944.0,2894637944.0,元,元,143,,spatial_roi+column_anchors,||合计,,合计,,AUTO_EXACT_IDENTITY,,CANON::建信人寿业务及管理费20222025::::合计
建信人寿2023年报__业务及管理费__20260721T155259,建信人寿,2023,建信人寿业务及管理费20222025,5b964aca9e47_建信人寿2023年报.pdf,业务及管理费,,"合计 4,293,319,539 4,051,761,12049. 业务及管理费",25,TOTAL,0,,合计,合计,,UNMAPPED,2022.0,,False,2022.0,"2,924,045,972",2924045972.0,2924045972.0,元,元,143,,spatial_roi+column_anchors,||合计,,合计,,AUTO_EXACT_IDENTITY,,CANON::建信人寿业务及管理费20222025::::合计
建信人寿2024年报__业务及管理费__20260721T155107,建信人寿,2024,建信人寿业务及管理费20222025,15ec7e559faa_建信人寿2024年报.pdf,业务及管理费,,七、 合并财务报表主要项目注释（续）35. 业务及管理费,1,DETAIL,0,,工资及福利费,工资及福利费,,UNMAPPED,2024.0,,False,2024.0,"1,301,135,944",1301135944.0,1301135944.0,元,元,150,,spatial_roi+column_anchors,||工资及福利费,,工资及福利费,,AUTO_EXACT_IDENTITY,,CANON::建信人寿业务及管理费20222025::::工资及福利费
建信人寿2024年报__业务及管理费__20260721T155107,建信人寿,2024,建信人寿业务及管理费20222025,15ec7e559faa_建信人寿2024年报.pdf,业务及管理费,,七、 合并财务报表主要项目注释（续）35. 业务及管理费,1,DETAIL,0,,工资及福利费,工资及福利费,,UNMAPPED,2023.0,,False,2023.0,"1,252,097,039",1252097039.0,1252097039.0,元,元,150,,spatial_roi+column_anchors,||工资及福利费,,工资及福利费,,AUTO_EXACT_IDENTITY,,CANON::建信人寿业务及管理费20222025::::工资及福利费
建信人寿2024年报__业务及管理费__20260721T155107,建信人寿,2024,建信人寿业务及管理费20222025,15ec7e559faa_建信人寿2024年报.pdf,业务及管理费,,七、 合并财务报表主要项目注释（续）35. 业务及管理费,2,DETAIL,0,,资产托管费,资产托管费,,UNMAPPED,2024.0,,False,2024.0,"408,559,509",408559509.0,408559509.0,元,元,150,,spatial_roi+column_anchors,||资产托管费,,资产托管费,,AUTO_EXACT_IDENTITY,,CANON::建信人寿业务及管理费20222025::::资产托管费
建信人寿2024年报__业务及管理费__20260721T155107,建信人寿,2024,建信人寿业务及管理费20222025,15ec7e559faa_建信人寿2024年报.pdf,业务及管理费,,七、 合并财务报表主要项目注释（续）35. 业务及管理费,2,DETAIL,0,,资产托管费,资产托管费,,UNMAPPED,2023.0,,False,2023.0,"310,634,779",310634779.0,310634779.0,元,元,150,,spatial_roi+column_anchors,||资产托管费,,资产托管费,,AUTO_EXACT_IDENTITY,,CANON::建信人寿业务及管理费20222025::::资产托管费
建信人寿2024年报__业务及管理费__20260721T155107,建信人寿,2024,建信人寿业务及管理费20222025,15ec7e559faa_建信人寿2024年报.pdf,业务及管理费,,七、 合并财务报表主要项目注释（续）35. 业务及管理费,3,DETAIL,0,,资产折旧及摊销,资产折旧及摊销,,UNMAPPED,2024.0,,False,2024.0,"354,381,397",354381397.0,354381397.0,元,元,150,,spatial_roi+column_anchors,||资产折旧及摊销,,资产折旧及摊销,,AUTO_EXACT_IDENTITY,,CANON::建信人寿业务及管理费20222025::::资产折旧及摊销
建信人寿2024年报__业务及管理费__20260721T155107,建信人寿,2024,建信人寿业务及管理费20222025,15ec7e559faa_建信人寿2024年报.pdf,业务及管理费,,七、 合并财务报表主要项目注释（续）35. 业务及管理费,3,DETAIL,0,,资产折旧及摊销,资产折旧及摊销,,UNMAPPED,2023.0,,False,2023.0,"327,864,954",327864954.0,327864954.0,元,元,150,,spatial_roi+column_anchors,||资产折旧及摊销,,资产折旧及摊销,,AUTO_EXACT_IDENTITY,,CANON::建信人寿业务及管理费20222025::::资产折旧及摊销
建信人寿2024年报__业务及管理费__20260721T155107,建信人寿,2024,建信人寿业务及管理费20222025,15ec7e559faa_建信人寿2024年报.pdf,业务及管理费,,七、 合并财务报表主要项目注释（续）35. 业务及管理费,4,DETAIL,0,,提取保险保障基金,提取保险保障基金,,UNMAPPED,2024.0,,False,2024.0,"136,221,630",136221630.0,136221630.0,元,元,150,,spatial_roi+column_anchors,||提取保险保障基金,,提取保险保障基金,,AUTO_EXACT_IDENTITY,,CANON::建信人寿业务及管理费20222025::::提取保险保障基金
建信人寿2024年报__业务及管理费__20260721T155107,建信人寿,2024,建信人寿业务及管理费20222025,15ec7e559faa_建信人寿2024年报.pdf,业务及管理费,,七、 合并财务报表主要项目注释（续）35. 业务及管理费,4,DETAIL,0,,提取保险保障基金,提取保险保障基金,,UNMAPPED,2023.0,,False,2023.0,"132,031,758",132031758.0,132031758.0,元,元,150,,spatial_roi+column_anchors,||提取保险保障基金,,提取保险保障基金,,AUTO_EXACT_IDENTITY,,CANON::建信人寿业务及管理费20222025::::提取保险保障基金
建信人寿2024年报__业务及管理费__20260721T155107,建信人寿,2024,建信人寿业务及管理费20222025,15ec7e559faa_建信人寿2024年报.pdf,业务及管理费,,七、 合并财务报表主要项目注释（续）35. 业务及管理费,5,DETAIL,0,,运营费用,运营费用,,UNMAPPED,2024.0,,False,2024.0,"107,403,898",107403898.0,107403898.0,元,元,150,,spatial_roi+column_anchors,||运营费用,,运营费用,,AUTO_EXACT_IDENTITY,,CANON::建信人寿业务及管理费20222025::::运营费用
建信人寿2024年报__业务及管理费__20260721T155107,建信人寿,2024,建信人寿业务及管理费20222025,15ec7e559faa_建信人寿2024年报.pdf,业务及管理费,,七、 合并财务报表主要项目注释（续）35. 业务及管理费,5,DETAIL,0,,运营费用,运营费用,,UNMAPPED,2023.0,,False,2023.0,"120,201,921",120201921.0,120201921.0,元,元,150,,spatial_roi+column_anchors,||运营费用,,运营费用,,AUTO_EXACT_IDENTITY,,CANON::建信人寿业务及管理费20222025::::运营费用
建信人寿2024年报__业务及管理费__20260721T155107,建信人寿,2024,建信人寿业务及管理费20222025,15ec7e559faa_建信人寿2024年报.pdf,业务及管理费,,七、 合并财务报表主要项目注释（续）35. 业务及管理费,6,DETAIL,0,,计算机相关费用,计算机相关费用,,UNMAPPED,2024.0,,False,2024.0,"88,268,810",88268810.0,88268810.0,元,元,150,,spatial_roi+column_anchors,||计算机相关费用,,计算机相关费用,,AUTO_EXACT_IDENTITY,,CANON::建信人寿业务及管理费20222025::::计算机相关费用
建信人寿2024年报__业务及管理费__20260721T155107,建信人寿,2024,建信人寿业务及管理费20222025,15ec7e559faa_建信人寿2024年报.pdf,业务及管理费,,七、 合并财务报表主要项目注释（续）35. 业务及管理费,6,DETAIL,0,,计算机相关费用,计算机相关费用,,UNMAPPED,2023.0,,False,2023.0,"102,715,057",102715057.0,102715057.0,元,元,150,,spatial_roi+column_anchors,||计算机相关费用,,计算机相关费用,,AUTO_EXACT_IDENTITY,,CANON::建信人寿业务及管理费20222025::::计算机相关费用
建信人寿2024年报__业务及管理费__20260721T155107,建信人寿,2024,建信人寿业务及管理费20222025,15ec7e559faa_建信人寿2024年报.pdf,业务及管理费,,七、 合并财务报表主要项目注释（续）35. 业务及管理费,7,DETAIL,0,,培训费,培训费,,UNMAPPED,2024.0,,False,2024.0,"54,199,192",54199192.0,54199192.0,元,元,150,,spatial_roi+column_anchors,||培训费,,培训费,,AUTO_EXACT_IDENTITY,,CANON::建信人寿业务及管理费20222025::::培训费
建信人寿2024年报__业务及管理费__20260721T155107,建信人寿,2024,建信人寿业务及管理费20222025,15ec7e559faa_建信人寿2024年报.pdf,业务及管理费,,七、 合并财务报表主要项目注释（续）35. 业务及管理费,7,DETAIL,0,,培训费,培训费,,UNMAPPED,2023.0,,False,2023.0,"53,357,978",53357978.0,53357978.0,元,元,150,,spatial_roi+column_anchors,||培训费,,培训费,,AUTO_EXACT_IDENTITY,,CANON::建信人寿业务及管理费20222025::::培训费
建信人寿2024年报__业务及管理费__20260721T155107,建信人寿,2024,建信人寿业务及管理费20222025,15ec7e559faa_建信人寿2024年报.pdf,业务及管理费,,七、 合并财务报表主要项目注释（续）35. 业务及管理费,8,DETAIL,0,,房屋相关费用,房屋相关费用,,UNMAPPED,2024.0,,False,2024.0,"51,186,951",51186951.0,51186951.0,元,元,150,,spatial_roi+column_anchors,||房屋相关费用,,房屋相关费用,,AUTO_EXACT_IDENTITY,,CANON::建信人寿业务及管理费20222025::::房屋相关费用
建信人寿2024年报__业务及管理费__20260721T155107,建信人寿,2024,建信人寿业务及管理费20222025,15ec7e559faa_建信人寿2024年报.pdf,业务及管理费,,七、 合并财务报表主要项目注释（续）35. 业务及管理费,8,DETAIL,0,,房屋相关费用,房屋相关费用,,UNMAPPED,2023.0,,False,2023.0,"50,890,013",50890013.0,50890013.0,元,元,150,,spatial_roi+column_anchors,||房屋相关费用,,房屋相关费用,,AUTO_EXACT_IDENTITY,,CANON::建信人寿业务及管理费20222025::::房屋相关费用
建信人寿2024年报__业务及管理费__20260721T155107,建信人寿,2024,建信人寿业务及管理费20222025,15ec7e559faa_建信人寿2024年报.pdf,业务及管理费,,七、 合并财务报表主要项目注释（续）35. 业务及管理费,9,DETAIL,0,,业务活动费,业务活动费,,UNMAPPED,2024.0,,False,2024.0,"48,261,133",48261133.0,48261133.0,元,元,150,,spatial_roi+column_anchors,||业务活动费,,业务活动费,,AUTO_EXACT_IDENTITY,,CANON::建信人寿业务及管理费20222025::::业务活动费
建信人寿2024年报__业务及管理费__20260721T155107,建信人寿,2024,建信人寿业务及管理费20222025,15ec7e559faa_建信人寿2024年报.pdf,业务及管理费,,七、 合并财务报表主要项目注释（续）35. 业务及管理费,9,DETAIL,0,,业务活动费,业务活动费,,UNMAPPED,2023.0,,False,2023.0,"47,864,676",47864676.0,47864676.0,元,元,150,,spatial_roi+column_anchors,||业务活动费,,业务活动费,,AUTO_EXACT_IDENTITY,,CANON::建信人寿业务及管理费20222025::::业务活动费
建信人寿2024年报__业务及管理费__20260721T155107,建信人寿,2024,建信人寿业务及管理费20222025,15ec7e559faa_建信人寿2024年报.pdf,业务及管理费,,七、 合并财务报表主要项目注释（续）35. 业务及管理费,10,DETAIL,0,,广告宣传费,广告宣传费,,UNMAPPED,2024.0,,False,2024.0,"27,516,968",27516968.0,27516968.0,元,元,150,,spatial_roi+column_anchors,||广告宣传费,,广告宣传费,,AUTO_EXACT_IDENTITY,,CANON::建信人寿业务及管理费20222025::::广告宣传费
建信人寿2024年报__业务及管理费__20260721T155107,建信人寿,2024,建信人寿业务及管理费20222025,15ec7e559faa_建信人寿2024年报.pdf,业务及管理费,,七、 合并财务报表主要项目注释（续）35. 业务及管理费,10,DETAIL,0,,广告宣传费,广告宣传费,,UNMAPPED,2023.0,,False,2023.0,"20,525,688",20525688.0,20525688.0,元,元,150,,spatial_roi+column_anchors,||广告宣传费,,广告宣传费,,AUTO_EXACT_IDENTITY,,CANON::建信人寿业务及管理费20222025::::广告宣传费
建信人寿2024年报__业务及管理费__20260721T155107,建信人寿,2024,建信人寿业务及管理费20222025,15ec7e559faa_建信人寿2024年报.pdf,业务及管理费,,七、 合并财务报表主要项目注释（续）35. 业务及管理费,11,DETAIL,0,,监管费,监管费,,UNMAPPED,2024.0,,False,2024.0,"19,363,252",19363252.0,19363252.0,元,元,150,,spatial_roi+column_anchors,||监管费,,监管费,,AUTO_EXACT_IDENTITY,,CANON::建信人寿业务及管理费20222025::::监管费
建信人寿2024年报__业务及管理费__20260721T155107,建信人寿,2024,建信人寿业务及管理费20222025,15ec7e559faa_建信人寿2024年报.pdf,业务及管理费,,七、 合并财务报表主要项目注释（续）35. 业务及管理费,11,DETAIL,0,,监管费,监管费,,UNMAPPED,2023.0,,False,2023.0,"16,654,907",16654907.0,16654907.0,元,元,150,,spatial_roi+column_anchors,||监管费,,监管费,,AUTO_EXACT_IDENTITY,,CANON::建信人寿业务及管理费20222025::::监管费
建信人寿2024年报__业务及管理费__20260721T155107,建信人寿,2024,建信人寿业务及管理费20222025,15ec7e559faa_建信人寿2024年报.pdf,业务及管理费,,七、 合并财务报表主要项目注释（续）35. 业务及管理费,12,DETAIL,0,,差旅费,差旅费,,UNMAPPED,2024.0,,False,2024.0,"16,817,137",16817137.0,16817137.0,元,元,150,,spatial_roi+column_anchors,||差旅费,,差旅费,,AUTO_EXACT_IDENTITY,,CANON::建信人寿业务及管理费20222025::::差旅费
建信人寿2024年报__业务及管理费__20260721T155107,建信人寿,2024,建信人寿业务及管理费20222025,15ec7e559faa_建信人寿2024年报.pdf,业务及管理费,,七、 合并财务报表主要项目注释（续）35. 业务及管理费,12,DETAIL,0,,差旅费,差旅费,,UNMAPPED,2023.0,,False,2023.0,"15,874,156",15874156.0,15874156.0,元,元,150,,spatial_roi+column_anchors,||差旅费,,差旅费,,AUTO_EXACT_IDENTITY,,CANON::建信人寿业务及管理费20222025::::差旅费
建信人寿2024年报__业务及管理费__20260721T155107,建信人寿,2024,建信人寿业务及管理费20222025,15ec7e559faa_建信人寿2024年报.pdf,业务及管理费,,七、 合并财务报表主要项目注释（续）35. 业务及管理费,13,DETAIL,0,,专业服务费,专业服务费,,UNMAPPED,2024.0,,False,2024.0,"15,571,857",15571857.0,15571857.0,元,元,150,,spatial_roi+column_anchors,||专业服务费,,专业服务费,,AUTO_EXACT_IDENTITY,,CANON::建信人寿业务及管理费20222025::::专业服务费
建信人寿2024年报__业务及管理费__20260721T155107,建信人寿,2024,建信人寿业务及管理费20222025,15ec7e559faa_建信人寿2024年报.pdf,业务及管理费,,七、 合并财务报表主要项目注释（续）35. 业务及管理费,13,DETAIL,0,,专业服务费,专业服务费,,UNMAPPED,2023.0,,False,2023.0,"15,439,431",15439431.0,15439431.0,元,元,150,,spatial_roi+column_anchors,||专业服务费,,专业服务费,,AUTO_EXACT_IDENTITY,,CANON::建信人寿业务及管理费20222025::::专业服务费
建信人寿2024年报__业务及管理费__20260721T155107,建信人寿,2024,建信人寿业务及管理费20222025,15ec7e559faa_建信人寿2024年报.pdf,业务及管理费,,七、 合并财务报表主要项目注释（续）35. 业务及管理费,14,DETAIL,0,,租赁费用及租赁负债利息支出,租赁费用及租赁负债利息支出,,UNMAPPED,2024.0,,False,2024.0,"12,082,116",12082116.0,12082116.0,元,元,150,,spatial_roi+column_anchors,||租赁费用及租赁负债利息支出,,租赁费用及租赁负债利息支出,,AUTO_EXACT_IDENTITY,,CANON::建信人寿业务及管理费20222025::::租赁费用及租赁负债利息支出
建信人寿2024年报__业务及管理费__20260721T155107,建信人寿,2024,建信人寿业务及管理费20222025,15ec7e559faa_建信人寿2024年报.pdf,业务及管理费,,七、 合并财务报表主要项目注释（续）35. 业务及管理费,14,DETAIL,0,,租赁费用及租赁负债利息支出,租赁费用及租赁负债利息支出,,UNMAPPED,2023.0,,False,2023.0,"18,918,444",18918444.0,18918444.0,元,元,150,,spatial_roi+column_anchors,||租赁费用及租赁负债利息支出,,租赁费用及租赁负债利息支出,,AUTO_EXACT_IDENTITY,,CANON::建信人寿业务及管理费20222025::::租赁费用及租赁负债利息支出
建信人寿2024年报__业务及管理费__20260721T155107,建信人寿,2024,建信人寿业务及管理费20222025,15ec7e559faa_建信人寿2024年报.pdf,业务及管理费,,七、 合并财务报表主要项目注释（续）35. 业务及管理费,15,DETAIL,0,,业务招待费,业务招待费,,UNMAPPED,2024.0,,False,2024.0,"7,039,509",7039509.0,7039509.0,元,元,150,,spatial_roi+column_anchors,||业务招待费,,业务招待费,,AUTO_EXACT_IDENTITY,,CANON::建信人寿业务及管理费20222025::::业务招待费
建信人寿2024年报__业务及管理费__20260721T155107,建信人寿,2024,建信人寿业务及管理费20222025,15ec7e559faa_建信人寿2024年报.pdf,业务及管理费,,七、 合并财务报表主要项目注释（续）35. 业务及管理费,15,DETAIL,0,,业务招待费,业务招待费,,UNMAPPED,2023.0,,False,2023.0,"13,732,957",13732957.0,13732957.0,元,元,150,,spatial_roi+column_anchors,||业务招待费,,业务招待费,,AUTO_EXACT_IDENTITY,,CANON::建信人寿业务及管理费20222025::::业务招待费
建信人寿2024年报__业务及管理费__20260721T155107,建信人寿,2024,建信人寿业务及管理费20222025,15ec7e559faa_建信人寿2024年报.pdf,业务及管理费,,七、 合并财务报表主要项目注释（续）35. 业务及管理费,16,DETAIL,0,,其他,其他,,UNMAPPED,2024.0,,False,2024.0,"15,446,529",15446529.0,15446529.0,元,元,150,,spatial_roi+column_anchors,||其他,,其他,,AUTO_EXACT_IDENTITY,,CANON::建信人寿业务及管理费20222025::::其他
建信人寿2024年报__业务及管理费__20260721T155107,建信人寿,2024,建信人寿业务及管理费20222025,15ec7e559faa_建信人寿2024年报.pdf,业务及管理费,,七、 合并财务报表主要项目注释（续）35. 业务及管理费,16,DETAIL,0,,其他,其他,,UNMAPPED,2023.0,,False,2023.0,"14,063,067",14063067.0,14063067.0,元,元,150,,spatial_roi+column_anchors,||其他,,其他,,AUTO_EXACT_IDENTITY,,CANON::建信人寿业务及管理费20222025::::其他
建信人寿2024年报__业务及管理费__20260721T155107,建信人寿,2024,建信人寿业务及管理费20222025,15ec7e559faa_建信人寿2024年报.pdf,业务及管理费,,七、 合并财务报表主要项目注释（续）35. 业务及管理费,17,SUBTOTAL,0,,小计,小计,,UNMAPPED,2024.0,,False,2024.0,"2,663,455,832",2663455832.0,2663455832.0,元,元,150,,spatial_roi+column_anchors,||小计,,小计,,AUTO_EXACT_IDENTITY,,CANON::建信人寿业务及管理费20222025::::小计
建信人寿2024年报__业务及管理费__20260721T155107,建信人寿,2024,建信人寿业务及管理费20222025,15ec7e559faa_建信人寿2024年报.pdf,业务及管理费,,七、 合并财务报表主要项目注释（续）35. 业务及管理费,17,SUBTOTAL,0,,小计,小计,,UNMAPPED,2023.0,,False,2023.0,"2,512,866,825",2512866825.0,2512866825.0,元,元,150,,spatial_roi+column_anchors,||小计,,小计,,AUTO_EXACT_IDENTITY,,CANON::建信人寿业务及管理费20222025::::小计
建信人寿2024年报__业务及管理费__20260721T155107,建信人寿,2024,建信人寿业务及管理费20222025,15ec7e559faa_建信人寿2024年报.pdf,业务及管理费,,七、 合并财务报表主要项目注释（续）35. 业务及管理费,18,DETAIL,0,,减：当期发生的保险获取现金流量,减：当期发生的保险获取现金流量,,UNMAPPED,2024.0,,False,2024.0,"(910,092,322)",-910092322.0,-910092322.0,元,元,150,,spatial_roi+column_anchors,||减：当期发生的保险获取现金流量,,减：当期发生的保险获取现金流量,,AUTO_EXACT_IDENTITY,,CANON::建信人寿业务及管理费20222025::::减：当期发生的保险获取现金流量
建信人寿2024年报__业务及管理费__20260721T155107,建信人寿,2024,建信人寿业务及管理费20222025,15ec7e559faa_建信人寿2024年报.pdf,业务及管理费,,七、 合并财务报表主要项目注释（续）35. 业务及管理费,18,DETAIL,0,,减：当期发生的保险获取现金流量,减：当期发生的保险获取现金流量,,UNMAPPED,2023.0,,False,2023.0,"(954,145,252)",-954145252.0,-954145252.0,元,元,150,,spatial_roi+column_anchors,||减：当期发生的保险获取现金流量,,减：当期发生的保险获取现金流量,,AUTO_EXACT_IDENTITY,,CANON::建信人寿业务及管理费20222025::::减：当期发生的保险获取现金流量
建信人寿2024年报__业务及管理费__20260721T155107,建信人寿,2024,建信人寿业务及管理费20222025,15ec7e559faa_建信人寿2024年报.pdf,业务及管理费,,七、 合并财务报表主要项目注释（续）35. 业务及管理费,19,DETAIL,0,,当期发生的其他保险履约现金流,当期发生的其他保险履约现金流,,UNMAPPED,2024.0,,False,2024.0,"(1,228,018,171)",-1228018171.0,-1228018171.0,元,元,150,,spatial_roi+column_anchors,||当期发生的其他保险履约现金流,,当期发生的其他保险履约现金流,,AUTO_EXACT_IDENTITY,,CANON::建信人寿业务及管理费20222025::::当期发生的其他保险履约现金流
建信人寿2024年报__业务及管理费__20260721T155107,建信人寿,2024,建信人寿业务及管理费20222025,15ec7e559faa_建信人寿2024年报.pdf,业务及管理费,,七、 合并财务报表主要项目注释（续）35. 业务及管理费,19,DETAIL,0,,当期发生的其他保险履约现金流,当期发生的其他保险履约现金流,,UNMAPPED,2023.0,,False,2023.0,"(1,143,501,971)",-1143501971.0,-1143501971.0,元,元,150,,spatial_roi+column_anchors,||当期发生的其他保险履约现金流,,当期发生的其他保险履约现金流,,AUTO_EXACT_IDENTITY,,CANON::建信人寿业务及管理费20222025::::当期发生的其他保险履约现金流
建信人寿2024年报__业务及管理费__20260721T155107,建信人寿,2024,建信人寿业务及管理费20222025,15ec7e559faa_建信人寿2024年报.pdf,业务及管理费,,七、 合并财务报表主要项目注释（续）35. 业务及管理费,20,TOTAL,0,,合计,合计,,UNMAPPED,2024.0,,False,2024.0,"525,345,339",525345339.0,525345339.0,元,元,150,,spatial_roi+column_anchors,||合计,,合计,,AUTO_EXACT_IDENTITY,,CANON::建信人寿业务及管理费20222025::::合计
建信人寿2024年报__业务及管理费__20260721T155107,建信人寿,2024,建信人寿业务及管理费20222025,15ec7e559faa_建信人寿2024年报.pdf,业务及管理费,,七、 合并财务报表主要项目注释（续）35. 业务及管理费,20,TOTAL,0,,合计,合计,,UNMAPPED,2023.0,,False,2023.0,"415,219,602",415219602.0,415219602.0,元,元,150,,spatial_roi+column_anchors,||合计,,合计,,AUTO_EXACT_IDENTITY,,CANON::建信人寿业务及管理费20222025::::合计
建信人寿2025年报__业务及管理费__20260721T154201,建信人寿,2025,建信人寿业务及管理费20222025,4936c61b6938_建信人寿2025年报.pdf,业务及管理费,,税金及附加计缴标准参见附注四。36. 业务及管理费,1,DETAIL,0,,工资及福利费,工资及福利费,,UNMAPPED,2025.0,,False,2025.0,"1,407,764,109",1407764109.0,1407764109.0,元,元,139,,spatial_roi+column_anchors,||工资及福利费,,工资及福利费,,AUTO_EXACT_IDENTITY,,CANON::建信人寿业务及管理费20222025::::工资及福利费
建信人寿2025年报__业务及管理费__20260721T154201,建信人寿,2025,建信人寿业务及管理费20222025,4936c61b6938_建信人寿2025年报.pdf,业务及管理费,,税金及附加计缴标准参见附注四。36. 业务及管理费,1,DETAIL,0,,工资及福利费,工资及福利费,,UNMAPPED,2024.0,,False,2024.0,"1,301,135,944",1301135944.0,1301135944.0,元,元,139,,spatial_roi+column_anchors,||工资及福利费,,工资及福利费,,AUTO_EXACT_IDENTITY,,CANON::建信人寿业务及管理费20222025::::工资及福利费
建信人寿2025年报__业务及管理费__20260721T154201,建信人寿,2025,建信人寿业务及管理费20222025,4936c61b6938_建信人寿2025年报.pdf,业务及管理费,,税金及附加计缴标准参见附注四。36. 业务及管理费,2,DETAIL,0,,资产托管费,资产托管费,,UNMAPPED,2025.0,,False,2025.0,"506,037,570",506037570.0,506037570.0,元,元,139,,spatial_roi+column_anchors,||资产托管费,,资产托管费,,AUTO_EXACT_IDENTITY,,CANON::建信人寿业务及管理费20222025::::资产托管费
建信人寿2025年报__业务及管理费__20260721T154201,建信人寿,2025,建信人寿业务及管理费20222025,4936c61b6938_建信人寿2025年报.pdf,业务及管理费,,税金及附加计缴标准参见附注四。36. 业务及管理费,2,DETAIL,0,,资产托管费,资产托管费,,UNMAPPED,2024.0,,False,2024.0,"408,559,509",408559509.0,408559509.0,元,元,139,,spatial_roi+column_anchors,||资产托管费,,资产托管费,,AUTO_EXACT_IDENTITY,,CANON::建信人寿业务及管理费20222025::::资产托管费
建信人寿2025年报__业务及管理费__20260721T154201,建信人寿,2025,建信人寿业务及管理费20222025,4936c61b6938_建信人寿2025年报.pdf,业务及管理费,,税金及附加计缴标准参见附注四。36. 业务及管理费,3,DETAIL,0,,资产折旧及摊销,资产折旧及摊销,,UNMAPPED,2025.0,,False,2025.0,"349,278,171",349278171.0,349278171.0,元,元,139,,spatial_roi+column_anchors,||资产折旧及摊销,,资产折旧及摊销,,AUTO_EXACT_IDENTITY,,CANON::建信人寿业务及管理费20222025::::资产折旧及摊销
建信人寿2025年报__业务及管理费__20260721T154201,建信人寿,2025,建信人寿业务及管理费20222025,4936c61b6938_建信人寿2025年报.pdf,业务及管理费,,税金及附加计缴标准参见附注四。36. 业务及管理费,3,DETAIL,0,,资产折旧及摊销,资产折旧及摊销,,UNMAPPED,2024.0,,False,2024.0,"354,381,397",354381397.0,354381397.0,元,元,139,,spatial_roi+column_anchors,||资产折旧及摊销,,资产折旧及摊销,,AUTO_EXACT_IDENTITY,,CANON::建信人寿业务及管理费20222025::::资产折旧及摊销
建信人寿2025年报__业务及管理费__20260721T154201,建信人寿,2025,建信人寿业务及管理费20222025,4936c61b6938_建信人寿2025年报.pdf,业务及管理费,,税金及附加计缴标准参见附注四。36. 业务及管理费,4,DETAIL,0,,提取保险保障基金,提取保险保障基金,,UNMAPPED,2025.0,,False,2025.0,"161,573,397",161573397.0,161573397.0,元,元,139,,spatial_roi+column_anchors,||提取保险保障基金,,提取保险保障基金,,AUTO_EXACT_IDENTITY,,CANON::建信人寿业务及管理费20222025::::提取保险保障基金
建信人寿2025年报__业务及管理费__20260721T154201,建信人寿,2025,建信人寿业务及管理费20222025,4936c61b6938_建信人寿2025年报.pdf,业务及管理费,,税金及附加计缴标准参见附注四。36. 业务及管理费,4,DETAIL,0,,提取保险保障基金,提取保险保障基金,,UNMAPPED,2024.0,,False,2024.0,"136,221,630",136221630.0,136221630.0,元,元,139,,spatial_roi+column_anchors,||提取保险保障基金,,提取保险保障基金,,AUTO_EXACT_IDENTITY,,CANON::建信人寿业务及管理费20222025::::提取保险保障基金
建信人寿2025年报__业务及管理费__20260721T154201,建信人寿,2025,建信人寿业务及管理费20222025,4936c61b6938_建信人寿2025年报.pdf,业务及管理费,,税金及附加计缴标准参见附注四。36. 业务及管理费,5,DETAIL,0,,运营费用,运营费用,,UNMAPPED,2025.0,,False,2025.0,"116,756,888",116756888.0,116756888.0,元,元,139,,spatial_roi+column_anchors,||运营费用,,运营费用,,AUTO_EXACT_IDENTITY,,CANON::建信人寿业务及管理费20222025::::运营费用
建信人寿2025年报__业务及管理费__20260721T154201,建信人寿,2025,建信人寿业务及管理费20222025,4936c61b6938_建信人寿2025年报.pdf,业务及管理费,,税金及附加计缴标准参见附注四。36. 业务及管理费,5,DETAIL,0,,运营费用,运营费用,,UNMAPPED,2024.0,,False,2024.0,"107,403,898",107403898.0,107403898.0,元,元,139,,spatial_roi+column_anchors,||运营费用,,运营费用,,AUTO_EXACT_IDENTITY,,CANON::建信人寿业务及管理费20222025::::运营费用
建信人寿2025年报__业务及管理费__20260721T154201,建信人寿,2025,建信人寿业务及管理费20222025,4936c61b6938_建信人寿2025年报.pdf,业务及管理费,,税金及附加计缴标准参见附注四。36. 业务及管理费,6,DETAIL,0,,计算机相关费用,计算机相关费用,,UNMAPPED,2025.0,,False,2025.0,"96,105,471",96105471.0,96105471.0,元,元,139,,spatial_roi+column_anchors,||计算机相关费用,,计算机相关费用,,AUTO_EXACT_IDENTITY,,CANON::建信人寿业务及管理费20222025::::计算机相关费用
建信人寿2025年报__业务及管理费__20260721T154201,建信人寿,2025,建信人寿业务及管理费20222025,4936c61b6938_建信人寿2025年报.pdf,业务及管理费,,税金及附加计缴标准参见附注四。36. 业务及管理费,6,DETAIL,0,,计算机相关费用,计算机相关费用,,UNMAPPED,2024.0,,False,2024.0,"88,268,810",88268810.0,88268810.0,元,元,139,,spatial_roi+column_anchors,||计算机相关费用,,计算机相关费用,,AUTO_EXACT_IDENTITY,,CANON::建信人寿业务及管理费20222025::::计算机相关费用
建信人寿2025年报__业务及管理费__20260721T154201,建信人寿,2025,建信人寿业务及管理费20222025,4936c61b6938_建信人寿2025年报.pdf,业务及管理费,,税金及附加计缴标准参见附注四。36. 业务及管理费,7,DETAIL,0,,业务活动费,业务活动费,,UNMAPPED,2025.0,,False,2025.0,"57,940,151",57940151.0,57940151.0,元,元,139,,spatial_roi+column_anchors,||业务活动费,,业务活动费,,AUTO_EXACT_IDENTITY,,CANON::建信人寿业务及管理费20222025::::业务活动费
建信人寿2025年报__业务及管理费__20260721T154201,建信人寿,2025,建信人寿业务及管理费20222025,4936c61b6938_建信人寿2025年报.pdf,业务及管理费,,税金及附加计缴标准参见附注四。36. 业务及管理费,7,DETAIL,0,,业务活动费,业务活动费,,UNMAPPED,2024.0,,False,2024.0,"48,261,133",48261133.0,48261133.0,元,元,139,,spatial_roi+column_anchors,||业务活动费,,业务活动费,,AUTO_EXACT_IDENTITY,,CANON::建信人寿业务及管理费20222025::::业务活动费
建信人寿2025年报__业务及管理费__20260721T154201,建信人寿,2025,建信人寿业务及管理费20222025,4936c61b6938_建信人寿2025年报.pdf,业务及管理费,,税金及附加计缴标准参见附注四。36. 业务及管理费,8,DETAIL,0,,房屋相关费用,房屋相关费用,,UNMAPPED,2025.0,,False,2025.0,"49,371,025",49371025.0,49371025.0,元,元,139,,spatial_roi+column_anchors,||房屋相关费用,,房屋相关费用,,AUTO_EXACT_IDENTITY,,CANON::建信人寿业务及管理费20222025::::房屋相关费用
建信人寿2025年报__业务及管理费__20260721T154201,建信人寿,2025,建信人寿业务及管理费20222025,4936c61b6938_建信人寿2025年报.pdf,业务及管理费,,税金及附加计缴标准参见附注四。36. 业务及管理费,8,DETAIL,0,,房屋相关费用,房屋相关费用,,UNMAPPED,2024.0,,False,2024.0,"51,186,951",51186951.0,51186951.0,元,元,139,,spatial_roi+column_anchors,||房屋相关费用,,房屋相关费用,,AUTO_EXACT_IDENTITY,,CANON::建信人寿业务及管理费20222025::::房屋相关费用
建信人寿2025年报__业务及管理费__20260721T154201,建信人寿,2025,建信人寿业务及管理费20222025,4936c61b6938_建信人寿2025年报.pdf,业务及管理费,,税金及附加计缴标准参见附注四。36. 业务及管理费,9,DETAIL,0,,培训费,培训费,,UNMAPPED,2025.0,,False,2025.0,"45,099,246",45099246.0,45099246.0,元,元,139,,spatial_roi+column_anchors,||培训费,,培训费,,AUTO_EXACT_IDENTITY,,CANON::建信人寿业务及管理费20222025::::培训费
建信人寿2025年报__业务及管理费__20260721T154201,建信人寿,2025,建信人寿业务及管理费20222025,4936c61b6938_建信人寿2025年报.pdf,业务及管理费,,税金及附加计缴标准参见附注四。36. 业务及管理费,9,DETAIL,0,,培训费,培训费,,UNMAPPED,2024.0,,False,2024.0,"54,199,192",54199192.0,54199192.0,元,元,139,,spatial_roi+column_anchors,||培训费,,培训费,,AUTO_EXACT_IDENTITY,,CANON::建信人寿业务及管理费20222025::::培训费
建信人寿2025年报__业务及管理费__20260721T154201,建信人寿,2025,建信人寿业务及管理费20222025,4936c61b6938_建信人寿2025年报.pdf,业务及管理费,,税金及附加计缴标准参见附注四。36. 业务及管理费,10,DETAIL,0,,监管费,监管费,,UNMAPPED,2025.0,,False,2025.0,"23,343,699",23343699.0,23343699.0,元,元,139,,spatial_roi+column_anchors,||监管费,,监管费,,AUTO_EXACT_IDENTITY,,CANON::建信人寿业务及管理费20222025::::监管费
建信人寿2025年报__业务及管理费__20260721T154201,建信人寿,2025,建信人寿业务及管理费20222025,4936c61b6938_建信人寿2025年报.pdf,业务及管理费,,税金及附加计缴标准参见附注四。36. 业务及管理费,10,DETAIL,0,,监管费,监管费,,UNMAPPED,2024.0,,False,2024.0,"19,363,252",19363252.0,19363252.0,元,元,139,,spatial_roi+column_anchors,||监管费,,监管费,,AUTO_EXACT_IDENTITY,,CANON::建信人寿业务及管理费20222025::::监管费
建信人寿2025年报__业务及管理费__20260721T154201,建信人寿,2025,建信人寿业务及管理费20222025,4936c61b6938_建信人寿2025年报.pdf,业务及管理费,,税金及附加计缴标准参见附注四。36. 业务及管理费,11,DETAIL,0,,广告宣传费,广告宣传费,,UNMAPPED,2025.0,,False,2025.0,"23,207,487",23207487.0,23207487.0,元,元,139,,spatial_roi+column_anchors,||广告宣传费,,广告宣传费,,AUTO_EXACT_IDENTITY,,CANON::建信人寿业务及管理费20222025::::广告宣传费
建信人寿2025年报__业务及管理费__20260721T154201,建信人寿,2025,建信人寿业务及管理费20222025,4936c61b6938_建信人寿2025年报.pdf,业务及管理费,,税金及附加计缴标准参见附注四。36. 业务及管理费,11,DETAIL,0,,广告宣传费,广告宣传费,,UNMAPPED,2024.0,,False,2024.0,"27,516,968",27516968.0,27516968.0,元,元,139,,spatial_roi+column_anchors,||广告宣传费,,广告宣传费,,AUTO_EXACT_IDENTITY,,CANON::建信人寿业务及管理费20222025::::广告宣传费
建信人寿2025年报__业务及管理费__20260721T154201,建信人寿,2025,建信人寿业务及管理费20222025,4936c61b6938_建信人寿2025年报.pdf,业务及管理费,,税金及附加计缴标准参见附注四。36. 业务及管理费,12,DETAIL,0,,专业服务费,专业服务费,,UNMAPPED,2025.0,,False,2025.0,"15,794,579",15794579.0,15794579.0,元,元,139,,spatial_roi+column_anchors,||专业服务费,,专业服务费,,AUTO_EXACT_IDENTITY,,CANON::建信人寿业务及管理费20222025::::专业服务费
建信人寿2025年报__业务及管理费__20260721T154201,建信人寿,2025,建信人寿业务及管理费20222025,4936c61b6938_建信人寿2025年报.pdf,业务及管理费,,税金及附加计缴标准参见附注四。36. 业务及管理费,12,DETAIL,0,,专业服务费,专业服务费,,UNMAPPED,2024.0,,False,2024.0,"15,571,857",15571857.0,15571857.0,元,元,139,,spatial_roi+column_anchors,||专业服务费,,专业服务费,,AUTO_EXACT_IDENTITY,,CANON::建信人寿业务及管理费20222025::::专业服务费
建信人寿2025年报__业务及管理费__20260721T154201,建信人寿,2025,建信人寿业务及管理费20222025,4936c61b6938_建信人寿2025年报.pdf,业务及管理费,,税金及附加计缴标准参见附注四。36. 业务及管理费,13,DETAIL,0,,差旅费,差旅费,,UNMAPPED,2025.0,,False,2025.0,"14,560,402",14560402.0,14560402.0,元,元,139,,spatial_roi+column_anchors,||差旅费,,差旅费,,AUTO_EXACT_IDENTITY,,CANON::建信人寿业务及管理费20222025::::差旅费
建信人寿2025年报__业务及管理费__20260721T154201,建信人寿,2025,建信人寿业务及管理费20222025,4936c61b6938_建信人寿2025年报.pdf,业务及管理费,,税金及附加计缴标准参见附注四。36. 业务及管理费,13,DETAIL,0,,差旅费,差旅费,,UNMAPPED,2024.0,,False,2024.0,"16,817,137",16817137.0,16817137.0,元,元,139,,spatial_roi+column_anchors,||差旅费,,差旅费,,AUTO_EXACT_IDENTITY,,CANON::建信人寿业务及管理费20222025::::差旅费
建信人寿2025年报__业务及管理费__20260721T154201,建信人寿,2025,建信人寿业务及管理费20222025,4936c61b6938_建信人寿2025年报.pdf,业务及管理费,,税金及附加计缴标准参见附注四。36. 业务及管理费,14,DETAIL,0,,租赁费用及租赁负债利息支出,租赁费用及租赁负债利息支出,,UNMAPPED,2025.0,,False,2025.0,"13,567,766",13567766.0,13567766.0,元,元,139,,spatial_roi+column_anchors,||租赁费用及租赁负债利息支出,,租赁费用及租赁负债利息支出,,AUTO_EXACT_IDENTITY,,CANON::建信人寿业务及管理费20222025::::租赁费用及租赁负债利息支出
建信人寿2025年报__业务及管理费__20260721T154201,建信人寿,2025,建信人寿业务及管理费20222025,4936c61b6938_建信人寿2025年报.pdf,业务及管理费,,税金及附加计缴标准参见附注四。36. 业务及管理费,14,DETAIL,0,,租赁费用及租赁负债利息支出,租赁费用及租赁负债利息支出,,UNMAPPED,2024.0,,False,2024.0,"12,082,116",12082116.0,12082116.0,元,元,139,,spatial_roi+column_anchors,||租赁费用及租赁负债利息支出,,租赁费用及租赁负债利息支出,,AUTO_EXACT_IDENTITY,,CANON::建信人寿业务及管理费20222025::::租赁费用及租赁负债利息支出
建信人寿2025年报__业务及管理费__20260721T154201,建信人寿,2025,建信人寿业务及管理费20222025,4936c61b6938_建信人寿2025年报.pdf,业务及管理费,,税金及附加计缴标准参见附注四。36. 业务及管理费,15,DETAIL,0,,业务招待费,业务招待费,,UNMAPPED,2025.0,,False,2025.0,"5,033,882",5033882.0,5033882.0,元,元,139,,spatial_roi+column_anchors,||业务招待费,,业务招待费,,AUTO_EXACT_IDENTITY,,CANON::建信人寿业务及管理费20222025::::业务招待费
建信人寿2025年报__业务及管理费__20260721T154201,建信人寿,2025,建信人寿业务及管理费20222025,4936c61b6938_建信人寿2025年报.pdf,业务及管理费,,税金及附加计缴标准参见附注四。36. 业务及管理费,15,DETAIL,0,,业务招待费,业务招待费,,UNMAPPED,2024.0,,False,2024.0,"7,039,509",7039509.0,7039509.0,元,元,139,,spatial_roi+column_anchors,||业务招待费,,业务招待费,,AUTO_EXACT_IDENTITY,,CANON::建信人寿业务及管理费20222025::::业务招待费
建信人寿2025年报__业务及管理费__20260721T154201,建信人寿,2025,建信人寿业务及管理费20222025,4936c61b6938_建信人寿2025年报.pdf,业务及管理费,,税金及附加计缴标准参见附注四。36. 业务及管理费,16,DETAIL,0,,其他,其他,,UNMAPPED,2025.0,,False,2025.0,"10,485,244",10485244.0,10485244.0,元,元,139,,spatial_roi+column_anchors,||其他,,其他,,AUTO_EXACT_IDENTITY,,CANON::建信人寿业务及管理费20222025::::其他
建信人寿2025年报__业务及管理费__20260721T154201,建信人寿,2025,建信人寿业务及管理费20222025,4936c61b6938_建信人寿2025年报.pdf,业务及管理费,,税金及附加计缴标准参见附注四。36. 业务及管理费,16,DETAIL,0,,其他,其他,,UNMAPPED,2024.0,,False,2024.0,"15,446,529",15446529.0,15446529.0,元,元,139,,spatial_roi+column_anchors,||其他,,其他,,AUTO_EXACT_IDENTITY,,CANON::建信人寿业务及管理费20222025::::其他
建信人寿2025年报__业务及管理费__20260721T154201,建信人寿,2025,建信人寿业务及管理费20222025,4936c61b6938_建信人寿2025年报.pdf,业务及管理费,,税金及附加计缴标准参见附注四。36. 业务及管理费,17,SUBTOTAL,0,,小计,小计,,UNMAPPED,2025.0,,False,2025.0,"2,895,919,087",2895919087.0,2895919087.0,元,元,139,,spatial_roi+column_anchors,||小计,,小计,,AUTO_EXACT_IDENTITY,,CANON::建信人寿业务及管理费20222025::::小计
建信人寿2025年报__业务及管理费__20260721T154201,建信人寿,2025,建信人寿业务及管理费20222025,4936c61b6938_建信人寿2025年报.pdf,业务及管理费,,税金及附加计缴标准参见附注四。36. 业务及管理费,17,SUBTOTAL,0,,小计,小计,,UNMAPPED,2024.0,,False,2024.0,"2,663,455,832",2663455832.0,2663455832.0,元,元,139,,spatial_roi+column_anchors,||小计,,小计,,AUTO_EXACT_IDENTITY,,CANON::建信人寿业务及管理费20222025::::小计
建信人寿2025年报__业务及管理费__20260721T154201,建信人寿,2025,建信人寿业务及管理费20222025,4936c61b6938_建信人寿2025年报.pdf,业务及管理费,,税金及附加计缴标准参见附注四。36. 业务及管理费,18,DETAIL,0,,减：当期发生的保险获取现金流量,减：当期发生的保险获取现金流量,,UNMAPPED,2025.0,,False,2025.0,"(951,566,634)",-951566634.0,-951566634.0,元,元,139,,spatial_roi+column_anchors,||减：当期发生的保险获取现金流量,,减：当期发生的保险获取现金流量,,AUTO_EXACT_IDENTITY,,CANON::建信人寿业务及管理费20222025::::减：当期发生的保险获取现金流量
建信人寿2025年报__业务及管理费__20260721T154201,建信人寿,2025,建信人寿业务及管理费20222025,4936c61b6938_建信人寿2025年报.pdf,业务及管理费,,税金及附加计缴标准参见附注四。36. 业务及管理费,18,DETAIL,0,,减：当期发生的保险获取现金流量,减：当期发生的保险获取现金流量,,UNMAPPED,2024.0,,False,2024.0,"(910,092,322)",-910092322.0,-910092322.0,元,元,139,,spatial_roi+column_anchors,||减：当期发生的保险获取现金流量,,减：当期发生的保险获取现金流量,,AUTO_EXACT_IDENTITY,,CANON::建信人寿业务及管理费20222025::::减：当期发生的保险获取现金流量
建信人寿2025年报__业务及管理费__20260721T154201,建信人寿,2025,建信人寿业务及管理费20222025,4936c61b6938_建信人寿2025年报.pdf,业务及管理费,,税金及附加计缴标准参见附注四。36. 业务及管理费,19,DETAIL,0,,当期发生的其他保险履约现金流,当期发生的其他保险履约现金流,,UNMAPPED,2025.0,,False,2025.0,"(1,240,443,338)",-1240443338.0,-1240443338.0,元,元,139,,spatial_roi+column_anchors,||当期发生的其他保险履约现金流,,当期发生的其他保险履约现金流,,AUTO_EXACT_IDENTITY,,CANON::建信人寿业务及管理费20222025::::当期发生的其他保险履约现金流
建信人寿2025年报__业务及管理费__20260721T154201,建信人寿,2025,建信人寿业务及管理费20222025,4936c61b6938_建信人寿2025年报.pdf,业务及管理费,,税金及附加计缴标准参见附注四。36. 业务及管理费,19,DETAIL,0,,当期发生的其他保险履约现金流,当期发生的其他保险履约现金流,,UNMAPPED,2024.0,,False,2024.0,"(1,228,018,171)",-1228018171.0,-1228018171.0,元,元,139,,spatial_roi+column_anchors,||当期发生的其他保险履约现金流,,当期发生的其他保险履约现金流,,AUTO_EXACT_IDENTITY,,CANON::建信人寿业务及管理费20222025::::当期发生的其他保险履约现金流
建信人寿2025年报__业务及管理费__20260721T154201,建信人寿,2025,建信人寿业务及管理费20222025,4936c61b6938_建信人寿2025年报.pdf,业务及管理费,,税金及附加计缴标准参见附注四。36. 业务及管理费,20,TOTAL,0,,合计,合计,,UNMAPPED,2025.0,,False,2025.0,"703,909,115",703909115.0,703909115.0,元,元,139,,spatial_roi+column_anchors,||合计,,合计,,AUTO_EXACT_IDENTITY,,CANON::建信人寿业务及管理费20222025::::合计
建信人寿2025年报__业务及管理费__20260721T154201,建信人寿,2025,建信人寿业务及管理费20222025,4936c61b6938_建信人寿2025年报.pdf,业务及管理费,,税金及附加计缴标准参见附注四。36. 业务及管理费,20,TOTAL,0,,合计,合计,,UNMAPPED,2024.0,,False,2024.0,"525,345,339",525345339.0,525345339.0,元,元,139,,spatial_roi+column_anchors,||合计,,合计,,AUTO_EXACT_IDENTITY,,CANON::建信人寿业务及管理费20222025::::合计
建信人寿2025年报__业务及管理费__20260721T154201,建信人寿,2025,建信人寿业务及管理费20222025,4936c61b6938_建信人寿2025年报.pdf,业务及管理费,,税金及附加计缴标准参见附注四。36. 业务及管理费,21,DETAIL,0,,88债权投资减值损失,88债权投资减值损失,,UNMAPPED,2025.0,,False,2025.0,"484,638,863",484638863.0,484638863.0,元,元,140,,spatial_roi+column_anchors,||88债权投资减值损失,,88债权投资减值损失,,UNMAPPED_PRESERVED,,RAW::建信人寿业务及管理费20222025::::88债权投资减值损失
建信人寿2025年报__业务及管理费__20260721T154201,建信人寿,2025,建信人寿业务及管理费20222025,4936c61b6938_建信人寿2025年报.pdf,业务及管理费,,税金及附加计缴标准参见附注四。36. 业务及管理费,21,DETAIL,0,,88债权投资减值损失,88债权投资减值损失,,UNMAPPED,2024.0,,False,2024.0,"297,295,074",297295074.0,297295074.0,元,元,140,,spatial_roi+column_anchors,||88债权投资减值损失,,88债权投资减值损失,,UNMAPPED_PRESERVED,,RAW::建信人寿业务及管理费20222025::::88债权投资减值损失
建信人寿2025年报__业务及管理费__20260721T154201,建信人寿,2025,建信人寿业务及管理费20222025,4936c61b6938_建信人寿2025年报.pdf,业务及管理费,,税金及附加计缴标准参见附注四。36. 业务及管理费,22,DETAIL,0,,其他债权投资减值损失,其他债权投资减值损失,,UNMAPPED,2025.0,,False,2025.0,"11,094,414",11094414.0,11094414.0,元,元,140,,spatial_roi+column_anchors,||其他债权投资减值损失,,其他债权投资减值损失,,UNMAPPED_PRESERVED,,RAW::建信人寿业务及管理费20222025::::其他债权投资减值损失
建信人寿2025年报__业务及管理费__20260721T154201,建信人寿,2025,建信人寿业务及管理费20222025,4936c61b6938_建信人寿2025年报.pdf,业务及管理费,,税金及附加计缴标准参见附注四。36. 业务及管理费,22,DETAIL,0,,其他债权投资减值损失,其他债权投资减值损失,,UNMAPPED,2024.0,,False,2024.0,"(4,460,144)",-4460144.0,-4460144.0,元,元,140,,spatial_roi+column_anchors,||其他债权投资减值损失,,其他债权投资减值损失,,UNMAPPED_PRESERVED,,RAW::建信人寿业务及管理费20222025::::其他债权投资减值损失
建信人寿2025年报__业务及管理费__20260721T154201,建信人寿,2025,建信人寿业务及管理费20222025,4936c61b6938_建信人寿2025年报.pdf,业务及管理费,,税金及附加计缴标准参见附注四。36. 业务及管理费,23,DETAIL,0,,定期存款减值损失,定期存款减值损失,,UNMAPPED,2025.0,,False,2025.0,"275,609",275609.0,275609.0,元,元,140,,spatial_roi+column_anchors,||定期存款减值损失,,定期存款减值损失,,UNMAPPED_PRESERVED,,RAW::建信人寿业务及管理费20222025::::定期存款减值损失
建信人寿2025年报__业务及管理费__20260721T154201,建信人寿,2025,建信人寿业务及管理费20222025,4936c61b6938_建信人寿2025年报.pdf,业务及管理费,,税金及附加计缴标准参见附注四。36. 业务及管理费,23,DETAIL,0,,定期存款减值损失,定期存款减值损失,,UNMAPPED,2024.0,,False,2024.0,"1,557,660",1557660.0,1557660.0,元,元,140,,spatial_roi+column_anchors,||定期存款减值损失,,定期存款减值损失,,UNMAPPED_PRESERVED,,RAW::建信人寿业务及管理费20222025::::定期存款减值损失
建信人寿2025年报__业务及管理费__20260721T154201,建信人寿,2025,建信人寿业务及管理费20222025,4936c61b6938_建信人寿2025年报.pdf,业务及管理费,,税金及附加计缴标准参见附注四。36. 业务及管理费,24,DETAIL,0,,其他信用减值损失,其他信用减值损失,,UNMAPPED,2025.0,,False,2025.0,"2,132,407",2132407.0,2132407.0,元,元,140,,spatial_roi+column_anchors,||其他信用减值损失,,其他信用减值损失,,UNMAPPED_PRESERVED,,RAW::建信人寿业务及管理费20222025::::其他信用减值损失
建信人寿2025年报__业务及管理费__20260721T154201,建信人寿,2025,建信人寿业务及管理费20222025,4936c61b6938_建信人寿2025年报.pdf,业务及管理费,,税金及附加计缴标准参见附注四。36. 业务及管理费,24,DETAIL,0,,其他信用减值损失,其他信用减值损失,,UNMAPPED,2024.0,,False,2024.0,"4,378,349",4378349.0,4378349.0,元,元,140,,spatial_roi+column_anchors,||其他信用减值损失,,其他信用减值损失,,UNMAPPED_PRESERVED,,RAW::建信人寿业务及管理费20222025::::其他信用减值损失
建信人寿2025年报__业务及管理费__20260721T154201,建信人寿,2025,建信人寿业务及管理费20222025,4936c61b6938_建信人寿2025年报.pdf,业务及管理费,,税金及附加计缴标准参见附注四。36. 业务及管理费,25,TOTAL,0,,合计,合计,,UNMAPPED,2025.0,,False,2025.0,"498,141,293",498141293.0,498141293.0,元,元,140,,spatial_roi+column_anchors,||合计,,合计,,AUTO_EXACT_IDENTITY,,CANON::建信人寿业务及管理费20222025::::合计
建信人寿2025年报__业务及管理费__20260721T154201,建信人寿,2025,建信人寿业务及管理费20222025,4936c61b6938_建信人寿2025年报.pdf,业务及管理费,,税金及附加计缴标准参见附注四。36. 业务及管理费,25,TOTAL,0,,合计,合计,,UNMAPPED,2024.0,,False,2024.0,"298,770,939",298770939.0,298770939.0,元,元,140,,spatial_roi+column_anchors,||合计,,合计,,AUTO_EXACT_IDENTITY,,CANON::建信人寿业务及管理费20222025::::合计
