table_id,canonical_key,canonical_section,canonical_item,company,document_year,year,scope,restated,unit,source_count,mapping_status,conflict_status,final_value,source_rows
建信人寿业务及管理费20222025,CANON::建信人寿业务及管理费20222025::::工资及福利费,,工资及福利费,建信人寿,2022,2022.0,,False,,1,AUTO_EXACT_IDENTITY,OK,1788536878.0,建信人寿2022年报__业务及管理费__20260721T155348:p144:工资及福利费
建信人寿业务及管理费20222025,CANON::建信人寿业务及管理费20222025::::工资及福利费,,工资及福利费,建信人寿,2022,2021.0,,False,,1,AUTO_EXACT_IDENTITY,OK,1819078893.0,建信人寿2022年报__业务及管理费__20260721T155348:p144:工资及福利费
建信人寿业务及管理费20222025,CANON::建信人寿业务及管理费20222025::::使用权资产折旧,,使用权资产折旧,建信人寿,2022,2022.0,,False,,1,AUTO_EXACT_IDENTITY,OK,153754901.0,建信人寿2022年报__业务及管理费__20260721T155348:p144:使用权资产折旧
建信人寿业务及管理费20222025,CANON::建信人寿业务及管理费20222025::::使用权资产折旧,,使用权资产折旧,建信人寿,2022,2021.0,,False,,1,AUTO_EXACT_IDENTITY,OK,146556345.0,建信人寿2022年报__业务及管理费__20260721T155348:p144:使用权资产折旧
建信人寿业务及管理费20222025,CANON::建信人寿业务及管理费20222025::::无形资产摊销,,无形资产摊销,建信人寿,2022,2022.0,,False,,1,AUTO_EXACT_IDENTITY,OK,123487155.0,建信人寿2022年报__业务及管理费__20260721T155348:p144:无形资产摊销
建信人寿业务及管理费20222025,CANON::建信人寿业务及管理费20222025::::无形资产摊销,,无形资产摊销,建信人寿,2022,2021.0,,False,,1,AUTO_EXACT_IDENTITY,OK,103461244.0,建信人寿2022年报__业务及管理费__20260721T155348:p144:无形资产摊销
建信人寿业务及管理费20222025,CANON::建信人寿业务及管理费20222025::::修理及维护费用,,修理及维护费用,建信人寿,2022,2022.0,,False,,1,AUTO_EXACT_IDENTITY,OK,103952695.0,建信人寿2022年报__业务及管理费__20260721T155348:p144:修理及维护费用
建信人寿业务及管理费20222025,CANON::建信人寿业务及管理费20222025::::修理及维护费用,,修理及维护费用,建信人寿,2022,2021.0,,False,,1,AUTO_EXACT_IDENTITY,OK,45206931.0,建信人寿2022年报__业务及管理费__20260721T155348:p144:修理及维护费用
建信人寿业务及管理费20222025,CANON::建信人寿业务及管理费20222025::::提取保险保障基金,,提取保险保障基金,建信人寿,2022,2022.0,,False,,1,AUTO_EXACT_IDENTITY,OK,96691138.0,建信人寿2022年报__业务及管理费__20260721T155348:p144:提取保险保障基金
建信人寿业务及管理费20222025,CANON::建信人寿业务及管理费20222025::::提取保险保障基金,,提取保险保障基金,建信人寿,2022,2021.0,,False,,1,AUTO_EXACT_IDENTITY,OK,94734297.0,建信人寿2022年报__业务及管理费__20260721T155348:p144:提取保险保障基金
建信人寿业务及管理费20222025,CANON::建信人寿业务及管理费20222025::::资产托管费,,资产托管费,建信人寿,2022,2022.0,,False,,1,AUTO_EXACT_IDENTITY,OK,92444402.0,建信人寿2022年报__业务及管理费__20260721T155348:p144:资产托管费
建信人寿业务及管理费20222025,CANON::建信人寿业务及管理费20222025::::资产托管费,,资产托管费,建信人寿,2022,2021.0,,False,,1,AUTO_EXACT_IDENTITY,OK,106275812.0,建信人寿2022年报__业务及管理费__20260721T155348:p144:资产托管费
建信人寿业务及管理费20222025,CANON::建信人寿业务及管理费20222025::::固定资产折旧,,固定资产折旧,建信人寿,2022,2022.0,,False,,1,AUTO_EXACT_IDENTITY,OK,66954817.0,建信人寿2022年报__业务及管理费__20260721T155348:p144:固定资产折旧
建信人寿业务及管理费20222025,CANON::建信人寿业务及管理费20222025::::固定资产折旧,,固定资产折旧,建信人寿,2022,2021.0,,False,,1,AUTO_EXACT_IDENTITY,OK,68760234.0,建信人寿2022年报__业务及管理费__20260721T155348:p144:固定资产折旧
建信人寿业务及管理费20222025,CANON::建信人寿业务及管理费20222025::::租赁费用,,租赁费用,建信人寿,2022,2022.0,,False,,1,AUTO_EXACT_IDENTITY,OK,55367233.0,建信人寿2022年报__业务及管理费__20260721T155348:p144:租赁费用
建信人寿业务及管理费20222025,CANON::建信人寿业务及管理费20222025::::租赁费用,,租赁费用,建信人寿,2022,2021.0,,False,,1,AUTO_EXACT_IDENTITY,OK,59179126.0,建信人寿2022年报__业务及管理费__20260721T155348:p144:租赁费用
建信人寿业务及管理费20222025,CANON::建信人寿业务及管理费20222025::::业务活动费,,业务活动费,建信人寿,2022,2022.0,,False,,1,AUTO_EXACT_IDENTITY,OK,42177299.0,建信人寿2022年报__业务及管理费__20260721T155348:p144:业务活动费
建信人寿业务及管理费20222025,CANON::建信人寿业务及管理费20222025::::业务活动费,,业务活动费,建信人寿,2022,2021.0,,False,,1,AUTO_EXACT_IDENTITY,OK,43598997.0,建信人寿2022年报__业务及管理费__20260721T155348:p144:业务活动费
建信人寿业务及管理费20222025,CANON::建信人寿业务及管理费20222025::::长期待摊费用摊销,,长期待摊费用摊销,建信人寿,2022,2022.0,,False,,1,AUTO_EXACT_IDENTITY,OK,35562258.0,建信人寿2022年报__业务及管理费__20260721T155348:p144:长期待摊费用摊销
建信人寿业务及管理费20222025,CANON::建信人寿业务及管理费20222025::::长期待摊费用摊销,,长期待摊费用摊销,建信人寿,2022,2021.0,,False,,1,AUTO_EXACT_IDENTITY,OK,35502652.0,建信人寿2022年报__业务及管理费__20260721T155348:p144:长期待摊费用摊销
建信人寿业务及管理费20222025,CANON::建信人寿业务及管理费20222025::::专业服务费,,专业服务费,建信人寿,2022,2022.0,,False,,1,AUTO_EXACT_IDENTITY,OK,34700464.0,建信人寿2022年报__业务及管理费__20260721T155348:p144:专业服务费
建信人寿业务及管理费20222025,CANON::建信人寿业务及管理费20222025::::专业服务费,,专业服务费,建信人寿,2022,2021.0,,False,,1,AUTO_EXACT_IDENTITY,OK,38418023.0,建信人寿2022年报__业务及管理费__20260721T155348:p144:专业服务费
建信人寿业务及管理费20222025,CANON::建信人寿业务及管理费20222025::::培训费,,培训费,建信人寿,2022,2022.0,,False,,1,AUTO_EXACT_IDENTITY,OK,34509669.0,建信人寿2022年报__业务及管理费__20260721T155348:p144:培训费
建信人寿业务及管理费20222025,CANON::建信人寿业务及管理费20222025::::培训费,,培训费,建信人寿,2022,2021.0,,False,,1,AUTO_EXACT_IDENTITY,OK,42309627.0,建信人寿2022年报__业务及管理费__20260721T155348:p144:培训费
建信人寿业务及管理费20222025,CANON::建信人寿业务及管理费20222025::::通讯费,,通讯费,建信人寿,2022,2022.0,,False,,1,AUTO_EXACT_IDENTITY,OK,31134818.0,建信人寿2022年报__业务及管理费__20260721T155348:p144:通讯费
建信人寿业务及管理费20222025,CANON::建信人寿业务及管理费20222025::::通讯费,,通讯费,建信人寿,2022,2021.0,,False,,1,AUTO_EXACT_IDENTITY,OK,30938213.0,建信人寿2022年报__业务及管理费__20260721T155348:p144:通讯费
建信人寿业务及管理费20222025,CANON::建信人寿业务及管理费20222025::::广告宣传费,,广告宣传费,建信人寿,2022,2022.0,,False,,1,AUTO_EXACT_IDENTITY,OK,24476049.0,建信人寿2022年报__业务及管理费__20260721T155348:p144:广告宣传费
建信人寿业务及管理费20222025,CANON::建信人寿业务及管理费20222025::::广告宣传费,,广告宣传费,建信人寿,2022,2021.0,,False,,1,AUTO_EXACT_IDENTITY,OK,32713363.0,建信人寿2022年报__业务及管理费__20260721T155348:p144:广告宣传费
建信人寿业务及管理费20222025,CANON::建信人寿业务及管理费20222025::::业务招待费,,业务招待费,建信人寿,2022,2022.0,,False,,1,AUTO_EXACT_IDENTITY,OK,20437410.0,建信人寿2022年报__业务及管理费__20260721T155348:p144:业务招待费
建信人寿业务及管理费20222025,CANON::建信人寿业务及管理费20222025::::业务招待费,,业务招待费,建信人寿,2022,2021.0,,False,,1,AUTO_EXACT_IDENTITY,OK,35047382.0,建信人寿2022年报__业务及管理费__20260721T155348:p144:业务招待费
建信人寿业务及管理费20222025,CANON::建信人寿业务及管理费20222025::::公杂费,,公杂费,建信人寿,2022,2022.0,,False,,1,AUTO_EXACT_IDENTITY,OK,18938952.0,建信人寿2022年报__业务及管理费__20260721T155348:p144:公杂费
建信人寿业务及管理费20222025,CANON::建信人寿业务及管理费20222025::::公杂费,,公杂费,建信人寿,2022,2021.0,,False,,1,AUTO_EXACT_IDENTITY,OK,18071042.0,建信人寿2022年报__业务及管理费__20260721T155348:p144:公杂费
建信人寿业务及管理费20222025,CANON::建信人寿业务及管理费20222025::::差旅费,,差旅费,建信人寿,2022,2022.0,,False,,1,AUTO_EXACT_IDENTITY,OK,15413220.0,建信人寿2022年报__业务及管理费__20260721T155348:p144:差旅费
建信人寿业务及管理费20222025,CANON::建信人寿业务及管理费20222025::::差旅费,,差旅费,建信人寿,2022,2021.0,,False,,1,AUTO_EXACT_IDENTITY,OK,26765551.0,建信人寿2022年报__业务及管理费__20260721T155348:p144:差旅费
建信人寿业务及管理费20222025,CANON::建信人寿业务及管理费20222025::::水电费,,水电费,建信人寿,2022,2022.0,,False,,1,AUTO_EXACT_IDENTITY,OK,11244764.0,建信人寿2022年报__业务及管理费__20260721T155348:p144:水电费
建信人寿业务及管理费20222025,CANON::建信人寿业务及管理费20222025::::水电费,,水电费,建信人寿,2022,2021.0,,False,,1,AUTO_EXACT_IDENTITY,OK,8814545.0,建信人寿2022年报__业务及管理费__20260721T155348:p144:水电费
建信人寿业务及管理费20222025,CANON::建信人寿业务及管理费20222025::::租赁负债利息支出,,租赁负债利息支出,建信人寿,2022,2022.0,,False,,1,AUTO_EXACT_IDENTITY,OK,8315377.0,建信人寿2022年报__业务及管理费__20260721T155348:p144:租赁负债利息支出
建信人寿业务及管理费20222025,CANON::建信人寿业务及管理费20222025::::租赁负债利息支出,,租赁负债利息支出,建信人寿,2022,2021.0,,False,,1,AUTO_EXACT_IDENTITY,OK,7047723.0,建信人寿2022年报__业务及管理费__20260721T155348:p144:租赁负债利息支出
建信人寿业务及管理费20222025,CANON::建信人寿业务及管理费20222025::::印刷费,,印刷费,建信人寿,2022,2022.0,,False,,1,AUTO_EXACT_IDENTITY,OK,6616015.0,建信人寿2022年报__业务及管理费__20260721T155348:p144:印刷费
建信人寿业务及管理费20222025,CANON::建信人寿业务及管理费20222025::::印刷费,,印刷费,建信人寿,2022,2021.0,,False,,1,AUTO_EXACT_IDENTITY,OK,9563143.0,建信人寿2022年报__业务及管理费__20260721T155348:p144:印刷费
建信人寿业务及管理费20222025,CANON::建信人寿业务及管理费20222025::::银行结算费,,银行结算费,建信人寿,2022,2022.0,,False,,1,AUTO_EXACT_IDENTITY,OK,5543677.0,建信人寿2022年报__业务及管理费__20260721T155348:p144:银行结算费
建信人寿业务及管理费20222025,CANON::建信人寿业务及管理费20222025::::银行结算费,,银行结算费,建信人寿,2022,2021.0,,False,,1,AUTO_EXACT_IDENTITY,OK,5520049.0,建信人寿2022年报__业务及管理费__20260721T155348:p144:银行结算费
建信人寿业务及管理费20222025,CANON::建信人寿业务及管理费20222025::::会议费,,会议费,建信人寿,2022,2022.0,,False,,1,AUTO_EXACT_IDENTITY,OK,4444698.0,建信人寿2022年报__业务及管理费__20260721T155348:p144:会议费
建信人寿业务及管理费20222025,CANON::建信人寿业务及管理费20222025::::会议费,,会议费,建信人寿,2022,2021.0,,False,,1,AUTO_EXACT_IDENTITY,OK,8414574.0,建信人寿2022年报__业务及管理费__20260721T155348:p144:会议费
建信人寿业务及管理费20222025,CANON::建信人寿业务及管理费20222025::::其他税费,,其他税费,建信人寿,2022,2022.0,,False,,1,AUTO_EXACT_IDENTITY,OK,1016349.0,建信人寿2022年报__业务及管理费__20260721T155348:p144:其他税费
建信人寿业务及管理费20222025,CANON::建信人寿业务及管理费20222025::::其他税费,,其他税费,建信人寿,2022,2021.0,,False,,1,AUTO_EXACT_IDENTITY,OK,1919606.0,建信人寿2022年报__业务及管理费__20260721T155348:p144:其他税费
建信人寿业务及管理费20222025,CANON::建信人寿业务及管理费20222025::::其他,,其他,建信人寿,2022,2022.0,,False,,1,AUTO_EXACT_IDENTITY,OK,148325734.0,建信人寿2022年报__业务及管理费__20260721T155348:p144:其他
建信人寿业务及管理费20222025,CANON::建信人寿业务及管理费20222025::::其他,,其他,建信人寿,2022,2021.0,,False,,1,AUTO_EXACT_IDENTITY,OK,155521296.0,建信人寿2022年报__业务及管理费__20260721T155348:p144:其他
建信人寿业务及管理费20222025,CANON::建信人寿业务及管理费20222025::::合计,,合计,建信人寿,2022,2022.0,,False,,1,AUTO_EXACT_IDENTITY,OK,2924045972.0,建信人寿2022年报__业务及管理费__20260721T155348:p144:合计
建信人寿业务及管理费20222025,CANON::建信人寿业务及管理费20222025::::合计,,合计,建信人寿,2022,2021.0,,False,,1,AUTO_EXACT_IDENTITY,OK,2943418668.0,建信人寿2022年报__业务及管理费__20260721T155348:p144:合计
建信人寿业务及管理费20222025,CANON::建信人寿业务及管理费20222025::::工资及福利费,,工资及福利费,建信人寿,2023,2023.0,,False,元,1,AUTO_EXACT_IDENTITY,OK,1679050597.0,建信人寿2023年报__业务及管理费__20260721T155259:p143:工资及福利费
建信人寿业务及管理费20222025,CANON::建信人寿业务及管理费20222025::::工资及福利费,,工资及福利费,建信人寿,2023,2022.0,,False,元,1,AUTO_EXACT_IDENTITY,OK,1788536878.0,建信人寿2023年报__业务及管理费__20260721T155259:p143:工资及福利费
建信人寿业务及管理费20222025,CANON::建信人寿业务及管理费20222025::::无形资产摊销,,无形资产摊销,建信人寿,2023,2023.0,,False,元,1,AUTO_EXACT_IDENTITY,OK,180577641.0,建信人寿2023年报__业务及管理费__20260721T155259:p143:无形资产摊销
建信人寿业务及管理费20222025,CANON::建信人寿业务及管理费20222025::::无形资产摊销,,无形资产摊销,建信人寿,2023,2022.0,,False,元,1,AUTO_EXACT_IDENTITY,OK,123487155.0,建信人寿2023年报__业务及管理费__20260721T155259:p143:无形资产摊销
建信人寿业务及管理费20222025,CANON::建信人寿业务及管理费20222025::::使用权资产折旧,,使用权资产折旧,建信人寿,2023,2023.0,,False,元,1,AUTO_EXACT_IDENTITY,OK,147585594.0,建信人寿2023年报__业务及管理费__20260721T155259:p143:使用权资产折旧
建信人寿业务及管理费20222025,CANON::建信人寿业务及管理费20222025::::使用权资产折旧,,使用权资产折旧,建信人寿,2023,2022.0,,False,元,1,AUTO_EXACT_IDENTITY,OK,153754901.0,建信人寿2023年报__业务及管理费__20260721T155259:p143:使用权资产折旧
建信人寿业务及管理费20222025,CANON::建信人寿业务及管理费20222025::::提取保险保障基金,,提取保险保障基金,建信人寿,2023,2023.0,,False,元,1,AUTO_EXACT_IDENTITY,OK,136823652.0,建信人寿2023年报__业务及管理费__20260721T155259:p143:提取保险保障基金
建信人寿业务及管理费20222025,CANON::建信人寿业务及管理费20222025::::提取保险保障基金,,提取保险保障基金,建信人寿,2023,2022.0,,False,元,1,AUTO_EXACT_IDENTITY,OK,96691138.0,建信人寿2023年报__业务及管理费__20260721T155259:p143:提取保险保障基金
建信人寿业务及管理费20222025,CANON::建信人寿业务及管理费20222025::::修理及维护费用,,修理及维护费用,建信人寿,2023,2023.0,,False,元,1,AUTO_EXACT_IDENTITY,OK,100766153.0,建信人寿2023年报__业务及管理费__20260721T155259:p143:修理及维护费用
建信人寿业务及管理费20222025,CANON::建信人寿业务及管理费20222025::::修理及维护费用,,修理及维护费用,建信人寿,2023,2022.0,,False,元,1,AUTO_EXACT_IDENTITY,OK,103952695.0,建信人寿2023年报__业务及管理费__20260721T155259:p143:修理及维护费用
建信人寿业务及管理费20222025,CANON::建信人寿业务及管理费20222025::::资产托管费,,资产托管费,建信人寿,2023,2023.0,,False,元,1,AUTO_EXACT_IDENTITY,OK,64109388.0,建信人寿2023年报__业务及管理费__20260721T155259:p143:资产托管费
建信人寿业务及管理费20222025,CANON::建信人寿业务及管理费20222025::::资产托管费,,资产托管费,建信人寿,2023,2022.0,,False,元,1,AUTO_EXACT_IDENTITY,OK,92444402.0,建信人寿2023年报__业务及管理费__20260721T155259:p143:资产托管费
建信人寿业务及管理费20222025,CANON::建信人寿业务及管理费20222025::::固定资产折旧,,固定资产折旧,建信人寿,2023,2023.0,,False,元,1,AUTO_EXACT_IDENTITY,OK,61968932.0,建信人寿2023年报__业务及管理费__20260721T155259:p143:固定资产折旧
建信人寿业务及管理费20222025,CANON::建信人寿业务及管理费20222025::::固定资产折旧,,固定资产折旧,建信人寿,2023,2022.0,,False,元,1,AUTO_EXACT_IDENTITY,OK,66954817.0,建信人寿2023年报__业务及管理费__20260721T155259:p143:固定资产折旧
建信人寿业务及管理费20222025,CANON::建信人寿业务及管理费20222025::::租赁费用,,租赁费用,建信人寿,2023,2023.0,,False,元,1,AUTO_EXACT_IDENTITY,OK,56347531.0,建信人寿2023年报__业务及管理费__20260721T155259:p143:租赁费用
建信人寿业务及管理费20222025,CANON::建信人寿业务及管理费20222025::::租赁费用,,租赁费用,建信人寿,2023,2022.0,,False,元,1,AUTO_EXACT_IDENTITY,OK,55367233.0,建信人寿2023年报__业务及管理费__20260721T155259:p143:租赁费用
建信人寿业务及管理费20222025,CANON::建信人寿业务及管理费20222025::::培训费,,培训费,建信人寿,2023,2023.0,,False,元,1,AUTO_EXACT_IDENTITY,OK,54734995.0,建信人寿2023年报__业务及管理费__20260721T155259:p143:培训费
建信人寿业务及管理费20222025,CANON::建信人寿业务及管理费20222025::::培训费,,培训费,建信人寿,2023,2022.0,,False,元,1,AUTO_EXACT_IDENTITY,OK,34509669.0,建信人寿2023年报__业务及管理费__20260721T155259:p143:培训费
建信人寿业务及管理费20222025,CANON::建信人寿业务及管理费20222025::::业务活动费,,业务活动费,建信人寿,2023,2023.0,,False,元,1,AUTO_EXACT_IDENTITY,OK,48214850.0,建信人寿2023年报__业务及管理费__20260721T155259:p143:业务活动费
建信人寿业务及管理费20222025,CANON::建信人寿业务及管理费20222025::::业务活动费,,业务活动费,建信人寿,2023,2022.0,,False,元,1,AUTO_EXACT_IDENTITY,OK,42177299.0,建信人寿2023年报__业务及管理费__20260721T155259:p143:业务活动费
建信人寿业务及管理费20222025,CANON::建信人寿业务及管理费20222025::::差旅费,,差旅费,建信人寿,2023,2023.0,,False,元,1,AUTO_EXACT_IDENTITY,OK,31565601.0,建信人寿2023年报__业务及管理费__20260721T155259:p143:差旅费
建信人寿业务及管理费20222025,CANON::建信人寿业务及管理费20222025::::差旅费,,差旅费,建信人寿,2023,2022.0,,False,元,1,AUTO_EXACT_IDENTITY,OK,15413220.0,建信人寿2023年报__业务及管理费__20260721T155259:p143:差旅费
建信人寿业务及管理费20222025,CANON::建信人寿业务及管理费20222025::::通讯费,,通讯费,建信人寿,2023,2023.0,,False,元,1,AUTO_EXACT_IDENTITY,OK,30732512.0,建信人寿2023年报__业务及管理费__20260721T155259:p143:通讯费
建信人寿业务及管理费20222025,CANON::建信人寿业务及管理费20222025::::通讯费,,通讯费,建信人寿,2023,2022.0,,False,元,1,AUTO_EXACT_IDENTITY,OK,31134818.0,建信人寿2023年报__业务及管理费__20260721T155259:p143:通讯费
建信人寿业务及管理费20222025,CANON::建信人寿业务及管理费20222025::::专业服务费,,专业服务费,建信人寿,2023,2023.0,,False,元,1,AUTO_EXACT_IDENTITY,OK,29561704.0,建信人寿2023年报__业务及管理费__20260721T155259:p143:专业服务费
建信人寿业务及管理费20222025,CANON::建信人寿业务及管理费20222025::::专业服务费,,专业服务费,建信人寿,2023,2022.0,,False,元,1,AUTO_EXACT_IDENTITY,OK,34700464.0,建信人寿2023年报__业务及管理费__20260721T155259:p143:专业服务费
建信人寿业务及管理费20222025,CANON::建信人寿业务及管理费20222025::::长期待摊费用摊销,,长期待摊费用摊销,建信人寿,2023,2023.0,,False,元,1,AUTO_EXACT_IDENTITY,OK,27979591.0,建信人寿2023年报__业务及管理费__20260721T155259:p143:长期待摊费用摊销
建信人寿业务及管理费20222025,CANON::建信人寿业务及管理费20222025::::长期待摊费用摊销,,长期待摊费用摊销,建信人寿,2023,2022.0,,False,元,1,AUTO_EXACT_IDENTITY,OK,35562258.0,建信人寿2023年报__业务及管理费__20260721T155259:p143:长期待摊费用摊销
建信人寿业务及管理费20222025,CANON::建信人寿业务及管理费20222025::::广告宣传费,,广告宣传费,建信人寿,2023,2023.0,,False,元,1,AUTO_EXACT_IDENTITY,OK,26813297.0,建信人寿2023年报__业务及管理费__20260721T155259:p143:广告宣传费
建信人寿业务及管理费20222025,CANON::建信人寿业务及管理费20222025::::广告宣传费,,广告宣传费,建信人寿,2023,2022.0,,False,元,1,AUTO_EXACT_IDENTITY,OK,24476049.0,建信人寿2023年报__业务及管理费__20260721T155259:p143:广告宣传费
建信人寿业务及管理费20222025,CANON::建信人寿业务及管理费20222025::::公杂费,,公杂费,建信人寿,2023,2023.0,,False,元,1,AUTO_EXACT_IDENTITY,OK,17642673.0,建信人寿2023年报__业务及管理费__20260721T155259:p143:公杂费
建信人寿业务及管理费20222025,CANON::建信人寿业务及管理费20222025::::公杂费,,公杂费,建信人寿,2023,2022.0,,False,元,1,AUTO_EXACT_IDENTITY,OK,18938952.0,建信人寿2023年报__业务及管理费__20260721T155259:p143:公杂费
建信人寿业务及管理费20222025,CANON::建信人寿业务及管理费20222025::::业务招待费,,业务招待费,建信人寿,2023,2023.0,,False,元,1,AUTO_EXACT_IDENTITY,OK,15837268.0,建信人寿2023年报__业务及管理费__20260721T155259:p143:业务招待费
建信人寿业务及管理费20222025,CANON::建信人寿业务及管理费20222025::::业务招待费,,业务招待费,建信人寿,2023,2022.0,,False,元,1,AUTO_EXACT_IDENTITY,OK,20437410.0,建信人寿2023年报__业务及管理费__20260721T155259:p143:业务招待费
建信人寿业务及管理费20222025,CANON::建信人寿业务及管理费20222025::::水电费,,水电费,建信人寿,2023,2023.0,,False,元,1,AUTO_EXACT_IDENTITY,OK,12280580.0,建信人寿2023年报__业务及管理费__20260721T155259:p143:水电费
建信人寿业务及管理费20222025,CANON::建信人寿业务及管理费20222025::::水电费,,水电费,建信人寿,2023,2022.0,,False,元,1,AUTO_EXACT_IDENTITY,OK,11244764.0,建信人寿2023年报__业务及管理费__20260721T155259:p143:水电费
建信人寿业务及管理费20222025,CANON::建信人寿业务及管理费20222025::::租赁负债利息支出,,租赁负债利息支出,建信人寿,2023,2023.0,,False,元,1,AUTO_EXACT_IDENTITY,OK,9606004.0,建信人寿2023年报__业务及管理费__20260721T155259:p143:租赁负债利息支出
建信人寿业务及管理费20222025,CANON::建信人寿业务及管理费20222025::::租赁负债利息支出,,租赁负债利息支出,建信人寿,2023,2022.0,,False,元,1,AUTO_EXACT_IDENTITY,OK,8315377.0,建信人寿2023年报__业务及管理费__20260721T155259:p143:租赁负债利息支出
建信人寿业务及管理费20222025,CANON::建信人寿业务及管理费20222025::::会议费,,会议费,建信人寿,2023,2023.0,,False,元,1,AUTO_EXACT_IDENTITY,OK,6298689.0,建信人寿2023年报__业务及管理费__20260721T155259:p143:会议费
建信人寿业务及管理费20222025,CANON::建信人寿业务及管理费20222025::::会议费,,会议费,建信人寿,2023,2022.0,,False,元,1,AUTO_EXACT_IDENTITY,OK,4444698.0,建信人寿2023年报__业务及管理费__20260721T155259:p143:会议费
建信人寿业务及管理费20222025,CANON::建信人寿业务及管理费20222025::::印刷费,,印刷费,建信人寿,2023,2023.0,,False,元,1,AUTO_EXACT_IDENTITY,OK,5011305.0,建信人寿2023年报__业务及管理费__20260721T155259:p143:印刷费
建信人寿业务及管理费20222025,CANON::建信人寿业务及管理费20222025::::印刷费,,印刷费,建信人寿,2023,2022.0,,False,元,1,AUTO_EXACT_IDENTITY,OK,6616015.0,建信人寿2023年报__业务及管理费__20260721T155259:p143:印刷费
建信人寿业务及管理费20222025,CANON::建信人寿业务及管理费20222025::::银行结算费,,银行结算费,建信人寿,2023,2023.0,,False,元,1,AUTO_EXACT_IDENTITY,OK,3602676.0,建信人寿2023年报__业务及管理费__20260721T155259:p143:银行结算费
建信人寿业务及管理费20222025,CANON::建信人寿业务及管理费20222025::::银行结算费,,银行结算费,建信人寿,2023,2022.0,,False,元,1,AUTO_EXACT_IDENTITY,OK,5543677.0,建信人寿2023年报__业务及管理费__20260721T155259:p143:银行结算费
建信人寿业务及管理费20222025,CANON::建信人寿业务及管理费20222025::::其他税费,,其他税费,建信人寿,2023,2023.0,,False,元,1,AUTO_EXACT_IDENTITY,OK,1428083.0,建信人寿2023年报__业务及管理费__20260721T155259:p143:其他税费
建信人寿业务及管理费20222025,CANON::建信人寿业务及管理费20222025::::其他税费,,其他税费,建信人寿,2023,2022.0,,False,元,1,AUTO_EXACT_IDENTITY,OK,1016349.0,建信人寿2023年报__业务及管理费__20260721T155259:p143:其他税费
建信人寿业务及管理费20222025,CANON::建信人寿业务及管理费20222025::::其他,,其他,建信人寿,2023,2023.0,,False,元,1,AUTO_EXACT_IDENTITY,OK,146098628.0,建信人寿2023年报__业务及管理费__20260721T155259:p143:其他
建信人寿业务及管理费20222025,CANON::建信人寿业务及管理费20222025::::其他,,其他,建信人寿,2023,2022.0,,False,元,1,AUTO_EXACT_IDENTITY,OK,148325734.0,建信人寿2023年报__业务及管理费__20260721T155259:p143:其他
建信人寿业务及管理费20222025,CANON::建信人寿业务及管理费20222025::::合计,,合计,建信人寿,2023,2023.0,,False,元,1,AUTO_EXACT_IDENTITY,OK,2894637944.0,建信人寿2023年报__业务及管理费__20260721T155259:p143:合计
建信人寿业务及管理费20222025,CANON::建信人寿业务及管理费20222025::::合计,,合计,建信人寿,2023,2022.0,,False,元,1,AUTO_EXACT_IDENTITY,OK,2924045972.0,建信人寿2023年报__业务及管理费__20260721T155259:p143:合计
建信人寿业务及管理费20222025,CANON::建信人寿业务及管理费20222025::::工资及福利费,,工资及福利费,建信人寿,2024,2024.0,,False,元,1,AUTO_EXACT_IDENTITY,OK,1301135944.0,建信人寿2024年报__业务及管理费__20260721T155107:p150:工资及福利费
建信人寿业务及管理费20222025,CANON::建信人寿业务及管理费20222025::::工资及福利费,,工资及福利费,建信人寿,2024,2023.0,,False,元,1,AUTO_EXACT_IDENTITY,OK,1252097039.0,建信人寿2024年报__业务及管理费__20260721T155107:p150:工资及福利费
建信人寿业务及管理费20222025,CANON::建信人寿业务及管理费20222025::::资产托管费,,资产托管费,建信人寿,2024,2024.0,,False,元,1,AUTO_EXACT_IDENTITY,OK,408559509.0,建信人寿2024年报__业务及管理费__20260721T155107:p150:资产托管费
建信人寿业务及管理费20222025,CANON::建信人寿业务及管理费20222025::::资产托管费,,资产托管费,建信人寿,2024,2023.0,,False,元,1,AUTO_EXACT_IDENTITY,OK,310634779.0,建信人寿2024年报__业务及管理费__20260721T155107:p150:资产托管费
建信人寿业务及管理费20222025,CANON::建信人寿业务及管理费20222025::::资产折旧及摊销,,资产折旧及摊销,建信人寿,2024,2024.0,,False,元,1,AUTO_EXACT_IDENTITY,OK,354381397.0,建信人寿2024年报__业务及管理费__20260721T155107:p150:资产折旧及摊销
建信人寿业务及管理费20222025,CANON::建信人寿业务及管理费20222025::::资产折旧及摊销,,资产折旧及摊销,建信人寿,2024,2023.0,,False,元,1,AUTO_EXACT_IDENTITY,OK,327864954.0,建信人寿2024年报__业务及管理费__20260721T155107:p150:资产折旧及摊销
建信人寿业务及管理费20222025,CANON::建信人寿业务及管理费20222025::::提取保险保障基金,,提取保险保障基金,建信人寿,2024,2024.0,,False,元,1,AUTO_EXACT_IDENTITY,OK,136221630.0,建信人寿2024年报__业务及管理费__20260721T155107:p150:提取保险保障基金
建信人寿业务及管理费20222025,CANON::建信人寿业务及管理费20222025::::提取保险保障基金,,提取保险保障基金,建信人寿,2024,2023.0,,False,元,1,AUTO_EXACT_IDENTITY,OK,132031758.0,建信人寿2024年报__业务及管理费__20260721T155107:p150:提取保险保障基金
建信人寿业务及管理费20222025,CANON::建信人寿业务及管理费20222025::::运营费用,,运营费用,建信人寿,2024,2024.0,,False,元,1,AUTO_EXACT_IDENTITY,OK,107403898.0,建信人寿2024年报__业务及管理费__20260721T155107:p150:运营费用
建信人寿业务及管理费20222025,CANON::建信人寿业务及管理费20222025::::运营费用,,运营费用,建信人寿,2024,2023.0,,False,元,1,AUTO_EXACT_IDENTITY,OK,120201921.0,建信人寿2024年报__业务及管理费__20260721T155107:p150:运营费用
建信人寿业务及管理费20222025,CANON::建信人寿业务及管理费20222025::::计算机相关费用,,计算机相关费用,建信人寿,2024,2024.0,,False,元,1,AUTO_EXACT_IDENTITY,OK,88268810.0,建信人寿2024年报__业务及管理费__20260721T155107:p150:计算机相关费用
建信人寿业务及管理费20222025,CANON::建信人寿业务及管理费20222025::::计算机相关费用,,计算机相关费用,建信人寿,2024,2023.0,,False,元,1,AUTO_EXACT_IDENTITY,OK,102715057.0,建信人寿2024年报__业务及管理费__20260721T155107:p150:计算机相关费用
建信人寿业务及管理费20222025,CANON::建信人寿业务及管理费20222025::::培训费,,培训费,建信人寿,2024,2024.0,,False,元,1,AUTO_EXACT_IDENTITY,OK,54199192.0,建信人寿2024年报__业务及管理费__20260721T155107:p150:培训费
建信人寿业务及管理费20222025,CANON::建信人寿业务及管理费20222025::::培训费,,培训费,建信人寿,2024,2023.0,,False,元,1,AUTO_EXACT_IDENTITY,OK,53357978.0,建信人寿2024年报__业务及管理费__20260721T155107:p150:培训费
建信人寿业务及管理费20222025,CANON::建信人寿业务及管理费20222025::::房屋相关费用,,房屋相关费用,建信人寿,2024,2024.0,,False,元,1,AUTO_EXACT_IDENTITY,OK,51186951.0,建信人寿2024年报__业务及管理费__20260721T155107:p150:房屋相关费用
建信人寿业务及管理费20222025,CANON::建信人寿业务及管理费20222025::::房屋相关费用,,房屋相关费用,建信人寿,2024,2023.0,,False,元,1,AUTO_EXACT_IDENTITY,OK,50890013.0,建信人寿2024年报__业务及管理费__20260721T155107:p150:房屋相关费用
建信人寿业务及管理费20222025,CANON::建信人寿业务及管理费20222025::::业务活动费,,业务活动费,建信人寿,2024,2024.0,,False,元,1,AUTO_EXACT_IDENTITY,OK,48261133.0,建信人寿2024年报__业务及管理费__20260721T155107:p150:业务活动费
建信人寿业务及管理费20222025,CANON::建信人寿业务及管理费20222025::::业务活动费,,业务活动费,建信人寿,2024,2023.0,,False,元,1,AUTO_EXACT_IDENTITY,OK,47864676.0,建信人寿2024年报__业务及管理费__20260721T155107:p150:业务活动费
建信人寿业务及管理费20222025,CANON::建信人寿业务及管理费20222025::::广告宣传费,,广告宣传费,建信人寿,2024,2024.0,,False,元,1,AUTO_EXACT_IDENTITY,OK,27516968.0,建信人寿2024年报__业务及管理费__20260721T155107:p150:广告宣传费
建信人寿业务及管理费20222025,CANON::建信人寿业务及管理费20222025::::广告宣传费,,广告宣传费,建信人寿,2024,2023.0,,False,元,1,AUTO_EXACT_IDENTITY,OK,20525688.0,建信人寿2024年报__业务及管理费__20260721T155107:p150:广告宣传费
建信人寿业务及管理费20222025,CANON::建信人寿业务及管理费20222025::::监管费,,监管费,建信人寿,2024,2024.0,,False,元,1,AUTO_EXACT_IDENTITY,OK,19363252.0,建信人寿2024年报__业务及管理费__20260721T155107:p150:监管费
建信人寿业务及管理费20222025,CANON::建信人寿业务及管理费20222025::::监管费,,监管费,建信人寿,2024,2023.0,,False,元,1,AUTO_EXACT_IDENTITY,OK,16654907.0,建信人寿2024年报__业务及管理费__20260721T155107:p150:监管费
建信人寿业务及管理费20222025,CANON::建信人寿业务及管理费20222025::::差旅费,,差旅费,建信人寿,2024,2024.0,,False,元,1,AUTO_EXACT_IDENTITY,OK,16817137.0,建信人寿2024年报__业务及管理费__20260721T155107:p150:差旅费
建信人寿业务及管理费20222025,CANON::建信人寿业务及管理费20222025::::差旅费,,差旅费,建信人寿,2024,2023.0,,False,元,1,AUTO_EXACT_IDENTITY,OK,15874156.0,建信人寿2024年报__业务及管理费__20260721T155107:p150:差旅费
建信人寿业务及管理费20222025,CANON::建信人寿业务及管理费20222025::::专业服务费,,专业服务费,建信人寿,2024,2024.0,,False,元,1,AUTO_EXACT_IDENTITY,OK,15571857.0,建信人寿2024年报__业务及管理费__20260721T155107:p150:专业服务费
建信人寿业务及管理费20222025,CANON::建信人寿业务及管理费20222025::::专业服务费,,专业服务费,建信人寿,2024,2023.0,,False,元,1,AUTO_EXACT_IDENTITY,OK,15439431.0,建信人寿2024年报__业务及管理费__20260721T155107:p150:专业服务费
建信人寿业务及管理费20222025,CANON::建信人寿业务及管理费20222025::::租赁费用及租赁负债利息支出,,租赁费用及租赁负债利息支出,建信人寿,2024,2024.0,,False,元,1,AUTO_EXACT_IDENTITY,OK,12082116.0,建信人寿2024年报__业务及管理费__20260721T155107:p150:租赁费用及租赁负债利息支出
建信人寿业务及管理费20222025,CANON::建信人寿业务及管理费20222025::::租赁费用及租赁负债利息支出,,租赁费用及租赁负债利息支出,建信人寿,2024,2023.0,,False,元,1,AUTO_EXACT_IDENTITY,OK,18918444.0,建信人寿2024年报__业务及管理费__20260721T155107:p150:租赁费用及租赁负债利息支出
建信人寿业务及管理费20222025,CANON::建信人寿业务及管理费20222025::::业务招待费,,业务招待费,建信人寿,2024,2024.0,,False,元,1,AUTO_EXACT_IDENTITY,OK,7039509.0,建信人寿2024年报__业务及管理费__20260721T155107:p150:业务招待费
建信人寿业务及管理费20222025,CANON::建信人寿业务及管理费20222025::::业务招待费,,业务招待费,建信人寿,2024,2023.0,,False,元,1,AUTO_EXACT_IDENTITY,OK,13732957.0,建信人寿2024年报__业务及管理费__20260721T155107:p150:业务招待费
建信人寿业务及管理费20222025,CANON::建信人寿业务及管理费20222025::::其他,,其他,建信人寿,2024,2024.0,,False,元,1,AUTO_EXACT_IDENTITY,OK,15446529.0,建信人寿2024年报__业务及管理费__20260721T155107:p150:其他
建信人寿业务及管理费20222025,CANON::建信人寿业务及管理费20222025::::其他,,其他,建信人寿,2024,2023.0,,False,元,1,AUTO_EXACT_IDENTITY,OK,14063067.0,建信人寿2024年报__业务及管理费__20260721T155107:p150:其他
建信人寿业务及管理费20222025,CANON::建信人寿业务及管理费20222025::::小计,,小计,建信人寿,2024,2024.0,,False,元,1,AUTO_EXACT_IDENTITY,OK,2663455832.0,建信人寿2024年报__业务及管理费__20260721T155107:p150:小计
建信人寿业务及管理费20222025,CANON::建信人寿业务及管理费20222025::::小计,,小计,建信人寿,2024,2023.0,,False,元,1,AUTO_EXACT_IDENTITY,OK,2512866825.0,建信人寿2024年报__业务及管理费__20260721T155107:p150:小计
建信人寿业务及管理费20222025,CANON::建信人寿业务及管理费20222025::::减：当期发生的保险获取现金流量,,减：当期发生的保险获取现金流量,建信人寿,2024,2024.0,,False,元,1,AUTO_EXACT_IDENTITY,OK,-910092322.0,建信人寿2024年报__业务及管理费__20260721T155107:p150:减：当期发生的保险获取现金流量
建信人寿业务及管理费20222025,CANON::建信人寿业务及管理费20222025::::减：当期发生的保险获取现金流量,,减：当期发生的保险获取现金流量,建信人寿,2024,2023.0,,False,元,1,AUTO_EXACT_IDENTITY,OK,-954145252.0,建信人寿2024年报__业务及管理费__20260721T155107:p150:减：当期发生的保险获取现金流量
建信人寿业务及管理费20222025,CANON::建信人寿业务及管理费20222025::::当期发生的其他保险履约现金流,,当期发生的其他保险履约现金流,建信人寿,2024,2024.0,,False,元,1,AUTO_EXACT_IDENTITY,OK,-1228018171.0,建信人寿2024年报__业务及管理费__20260721T155107:p150:当期发生的其他保险履约现金流
建信人寿业务及管理费20222025,CANON::建信人寿业务及管理费20222025::::当期发生的其他保险履约现金流,,当期发生的其他保险履约现金流,建信人寿,2024,2023.0,,False,元,1,AUTO_EXACT_IDENTITY,OK,-1143501971.0,建信人寿2024年报__业务及管理费__20260721T155107:p150:当期发生的其他保险履约现金流
建信人寿业务及管理费20222025,CANON::建信人寿业务及管理费20222025::::合计,,合计,建信人寿,2024,2024.0,,False,元,1,AUTO_EXACT_IDENTITY,OK,525345339.0,建信人寿2024年报__业务及管理费__20260721T155107:p150:合计
建信人寿业务及管理费20222025,CANON::建信人寿业务及管理费20222025::::合计,,合计,建信人寿,2024,2023.0,,False,元,1,AUTO_EXACT_IDENTITY,OK,415219602.0,建信人寿2024年报__业务及管理费__20260721T155107:p150:合计
建信人寿业务及管理费20222025,CANON::建信人寿业务及管理费20222025::::工资及福利费,,工资及福利费,建信人寿,2025,2025.0,,False,元,1,AUTO_EXACT_IDENTITY,OK,1407764109.0,建信人寿2025年报__业务及管理费__20260721T154201:p139:工资及福利费
建信人寿业务及管理费20222025,CANON::建信人寿业务及管理费20222025::::工资及福利费,,工资及福利费,建信人寿,2025,2024.0,,False,元,1,AUTO_EXACT_IDENTITY,OK,1301135944.0,建信人寿2025年报__业务及管理费__20260721T154201:p139:工资及福利费
建信人寿业务及管理费20222025,CANON::建信人寿业务及管理费20222025::::资产托管费,,资产托管费,建信人寿,2025,2025.0,,False,元,1,AUTO_EXACT_IDENTITY,OK,506037570.0,建信人寿2025年报__业务及管理费__20260721T154201:p139:资产托管费
建信人寿业务及管理费20222025,CANON::建信人寿业务及管理费20222025::::资产托管费,,资产托管费,建信人寿,2025,2024.0,,False,元,1,AUTO_EXACT_IDENTITY,OK,408559509.0,建信人寿2025年报__业务及管理费__20260721T154201:p139:资产托管费
建信人寿业务及管理费20222025,CANON::建信人寿业务及管理费20222025::::资产折旧及摊销,,资产折旧及摊销,建信人寿,2025,2025.0,,False,元,1,AUTO_EXACT_IDENTITY,OK,349278171.0,建信人寿2025年报__业务及管理费__20260721T154201:p139:资产折旧及摊销
建信人寿业务及管理费20222025,CANON::建信人寿业务及管理费20222025::::资产折旧及摊销,,资产折旧及摊销,建信人寿,2025,2024.0,,False,元,1,AUTO_EXACT_IDENTITY,OK,354381397.0,建信人寿2025年报__业务及管理费__20260721T154201:p139:资产折旧及摊销
建信人寿业务及管理费20222025,CANON::建信人寿业务及管理费20222025::::提取保险保障基金,,提取保险保障基金,建信人寿,2025,2025.0,,False,元,1,AUTO_EXACT_IDENTITY,OK,161573397.0,建信人寿2025年报__业务及管理费__20260721T154201:p139:提取保险保障基金
建信人寿业务及管理费20222025,CANON::建信人寿业务及管理费20222025::::提取保险保障基金,,提取保险保障基金,建信人寿,2025,2024.0,,False,元,1,AUTO_EXACT_IDENTITY,OK,136221630.0,建信人寿2025年报__业务及管理费__20260721T154201:p139:提取保险保障基金
建信人寿业务及管理费20222025,CANON::建信人寿业务及管理费20222025::::运营费用,,运营费用,建信人寿,2025,2025.0,,False,元,1,AUTO_EXACT_IDENTITY,OK,116756888.0,建信人寿2025年报__业务及管理费__20260721T154201:p139:运营费用
建信人寿业务及管理费20222025,CANON::建信人寿业务及管理费20222025::::运营费用,,运营费用,建信人寿,2025,2024.0,,False,元,1,AUTO_EXACT_IDENTITY,OK,107403898.0,建信人寿2025年报__业务及管理费__20260721T154201:p139:运营费用
建信人寿业务及管理费20222025,CANON::建信人寿业务及管理费20222025::::计算机相关费用,,计算机相关费用,建信人寿,2025,2025.0,,False,元,1,AUTO_EXACT_IDENTITY,OK,96105471.0,建信人寿2025年报__业务及管理费__20260721T154201:p139:计算机相关费用
建信人寿业务及管理费20222025,CANON::建信人寿业务及管理费20222025::::计算机相关费用,,计算机相关费用,建信人寿,2025,2024.0,,False,元,1,AUTO_EXACT_IDENTITY,OK,88268810.0,建信人寿2025年报__业务及管理费__20260721T154201:p139:计算机相关费用
建信人寿业务及管理费20222025,CANON::建信人寿业务及管理费20222025::::业务活动费,,业务活动费,建信人寿,2025,2025.0,,False,元,1,AUTO_EXACT_IDENTITY,OK,57940151.0,建信人寿2025年报__业务及管理费__20260721T154201:p139:业务活动费
建信人寿业务及管理费20222025,CANON::建信人寿业务及管理费20222025::::业务活动费,,业务活动费,建信人寿,2025,2024.0,,False,元,1,AUTO_EXACT_IDENTITY,OK,48261133.0,建信人寿2025年报__业务及管理费__20260721T154201:p139:业务活动费
建信人寿业务及管理费20222025,CANON::建信人寿业务及管理费20222025::::房屋相关费用,,房屋相关费用,建信人寿,2025,2025.0,,False,元,1,AUTO_EXACT_IDENTITY,OK,49371025.0,建信人寿2025年报__业务及管理费__20260721T154201:p139:房屋相关费用
建信人寿业务及管理费20222025,CANON::建信人寿业务及管理费20222025::::房屋相关费用,,房屋相关费用,建信人寿,2025,2024.0,,False,元,1,AUTO_EXACT_IDENTITY,OK,51186951.0,建信人寿2025年报__业务及管理费__20260721T154201:p139:房屋相关费用
建信人寿业务及管理费20222025,CANON::建信人寿业务及管理费20222025::::培训费,,培训费,建信人寿,2025,2025.0,,False,元,1,AUTO_EXACT_IDENTITY,OK,45099246.0,建信人寿2025年报__业务及管理费__20260721T154201:p139:培训费
建信人寿业务及管理费20222025,CANON::建信人寿业务及管理费20222025::::培训费,,培训费,建信人寿,2025,2024.0,,False,元,1,AUTO_EXACT_IDENTITY,OK,54199192.0,建信人寿2025年报__业务及管理费__20260721T154201:p139:培训费
建信人寿业务及管理费20222025,CANON::建信人寿业务及管理费20222025::::监管费,,监管费,建信人寿,2025,2025.0,,False,元,1,AUTO_EXACT_IDENTITY,OK,23343699.0,建信人寿2025年报__业务及管理费__20260721T154201:p139:监管费
建信人寿业务及管理费20222025,CANON::建信人寿业务及管理费20222025::::监管费,,监管费,建信人寿,2025,2024.0,,False,元,1,AUTO_EXACT_IDENTITY,OK,19363252.0,建信人寿2025年报__业务及管理费__20260721T154201:p139:监管费
建信人寿业务及管理费20222025,CANON::建信人寿业务及管理费20222025::::广告宣传费,,广告宣传费,建信人寿,2025,2025.0,,False,元,1,AUTO_EXACT_IDENTITY,OK,23207487.0,建信人寿2025年报__业务及管理费__20260721T154201:p139:广告宣传费
建信人寿业务及管理费20222025,CANON::建信人寿业务及管理费20222025::::广告宣传费,,广告宣传费,建信人寿,2025,2024.0,,False,元,1,AUTO_EXACT_IDENTITY,OK,27516968.0,建信人寿2025年报__业务及管理费__20260721T154201:p139:广告宣传费
建信人寿业务及管理费20222025,CANON::建信人寿业务及管理费20222025::::专业服务费,,专业服务费,建信人寿,2025,2025.0,,False,元,1,AUTO_EXACT_IDENTITY,OK,15794579.0,建信人寿2025年报__业务及管理费__20260721T154201:p139:专业服务费
建信人寿业务及管理费20222025,CANON::建信人寿业务及管理费20222025::::专业服务费,,专业服务费,建信人寿,2025,2024.0,,False,元,1,AUTO_EXACT_IDENTITY,OK,15571857.0,建信人寿2025年报__业务及管理费__20260721T154201:p139:专业服务费
建信人寿业务及管理费20222025,CANON::建信人寿业务及管理费20222025::::差旅费,,差旅费,建信人寿,2025,2025.0,,False,元,1,AUTO_EXACT_IDENTITY,OK,14560402.0,建信人寿2025年报__业务及管理费__20260721T154201:p139:差旅费
建信人寿业务及管理费20222025,CANON::建信人寿业务及管理费20222025::::差旅费,,差旅费,建信人寿,2025,2024.0,,False,元,1,AUTO_EXACT_IDENTITY,OK,16817137.0,建信人寿2025年报__业务及管理费__20260721T154201:p139:差旅费
建信人寿业务及管理费20222025,CANON::建信人寿业务及管理费20222025::::租赁费用及租赁负债利息支出,,租赁费用及租赁负债利息支出,建信人寿,2025,2025.0,,False,元,1,AUTO_EXACT_IDENTITY,OK,13567766.0,建信人寿2025年报__业务及管理费__20260721T154201:p139:租赁费用及租赁负债利息支出
建信人寿业务及管理费20222025,CANON::建信人寿业务及管理费20222025::::租赁费用及租赁负债利息支出,,租赁费用及租赁负债利息支出,建信人寿,2025,2024.0,,False,元,1,AUTO_EXACT_IDENTITY,OK,12082116.0,建信人寿2025年报__业务及管理费__20260721T154201:p139:租赁费用及租赁负债利息支出
建信人寿业务及管理费20222025,CANON::建信人寿业务及管理费20222025::::业务招待费,,业务招待费,建信人寿,2025,2025.0,,False,元,1,AUTO_EXACT_IDENTITY,OK,5033882.0,建信人寿2025年报__业务及管理费__20260721T154201:p139:业务招待费
建信人寿业务及管理费20222025,CANON::建信人寿业务及管理费20222025::::业务招待费,,业务招待费,建信人寿,2025,2024.0,,False,元,1,AUTO_EXACT_IDENTITY,OK,7039509.0,建信人寿2025年报__业务及管理费__20260721T154201:p139:业务招待费
建信人寿业务及管理费20222025,CANON::建信人寿业务及管理费20222025::::其他,,其他,建信人寿,2025,2025.0,,False,元,1,AUTO_EXACT_IDENTITY,OK,10485244.0,建信人寿2025年报__业务及管理费__20260721T154201:p139:其他
建信人寿业务及管理费20222025,CANON::建信人寿业务及管理费20222025::::其他,,其他,建信人寿,2025,2024.0,,False,元,1,AUTO_EXACT_IDENTITY,OK,15446529.0,建信人寿2025年报__业务及管理费__20260721T154201:p139:其他
建信人寿业务及管理费20222025,CANON::建信人寿业务及管理费20222025::::小计,,小计,建信人寿,2025,2025.0,,False,元,1,AUTO_EXACT_IDENTITY,OK,2895919087.0,建信人寿2025年报__业务及管理费__20260721T154201:p139:小计
建信人寿业务及管理费20222025,CANON::建信人寿业务及管理费20222025::::小计,,小计,建信人寿,2025,2024.0,,False,元,1,AUTO_EXACT_IDENTITY,OK,2663455832.0,建信人寿2025年报__业务及管理费__20260721T154201:p139:小计
建信人寿业务及管理费20222025,CANON::建信人寿业务及管理费20222025::::减：当期发生的保险获取现金流量,,减：当期发生的保险获取现金流量,建信人寿,2025,2025.0,,False,元,1,AUTO_EXACT_IDENTITY,OK,-951566634.0,建信人寿2025年报__业务及管理费__20260721T154201:p139:减：当期发生的保险获取现金流量
建信人寿业务及管理费20222025,CANON::建信人寿业务及管理费20222025::::减：当期发生的保险获取现金流量,,减：当期发生的保险获取现金流量,建信人寿,2025,2024.0,,False,元,1,AUTO_EXACT_IDENTITY,OK,-910092322.0,建信人寿2025年报__业务及管理费__20260721T154201:p139:减：当期发生的保险获取现金流量
建信人寿业务及管理费20222025,CANON::建信人寿业务及管理费20222025::::当期发生的其他保险履约现金流,,当期发生的其他保险履约现金流,建信人寿,2025,2025.0,,False,元,1,AUTO_EXACT_IDENTITY,OK,-1240443338.0,建信人寿2025年报__业务及管理费__20260721T154201:p139:当期发生的其他保险履约现金流
建信人寿业务及管理费20222025,CANON::建信人寿业务及管理费20222025::::当期发生的其他保险履约现金流,,当期发生的其他保险履约现金流,建信人寿,2025,2024.0,,False,元,1,AUTO_EXACT_IDENTITY,OK,-1228018171.0,建信人寿2025年报__业务及管理费__20260721T154201:p139:当期发生的其他保险履约现金流
建信人寿业务及管理费20222025,CANON::建信人寿业务及管理费20222025::::合计,,合计,建信人寿,2025,2025.0,,False,元,2,AUTO_EXACT_IDENTITY,VALUE_CONFLICT,,建信人寿2025年报__业务及管理费__20260721T154201:p139:合计 | 建信人寿2025年报__业务及管理费__20260721T154201:p140:合计
建信人寿业务及管理费20222025,CANON::建信人寿业务及管理费20222025::::合计,,合计,建信人寿,2025,2024.0,,False,元,2,AUTO_EXACT_IDENTITY,VALUE_CONFLICT,,建信人寿2025年报__业务及管理费__20260721T154201:p139:合计 | 建信人寿2025年报__业务及管理费__20260721T154201:p140:合计
建信人寿业务及管理费20222025,RAW::建信人寿业务及管理费20222025::::88债权投资减值损失,,88债权投资减值损失,建信人寿,2025,2025.0,,False,元,1,UNMAPPED_PRESERVED,OK,484638863.0,建信人寿2025年报__业务及管理费__20260721T154201:p140:88债权投资减值损失
建信人寿业务及管理费20222025,RAW::建信人寿业务及管理费20222025::::88债权投资减值损失,,88债权投资减值损失,建信人寿,2025,2024.0,,False,元,1,UNMAPPED_PRESERVED,OK,297295074.0,建信人寿2025年报__业务及管理费__20260721T154201:p140:88债权投资减值损失
建信人寿业务及管理费20222025,RAW::建信人寿业务及管理费20222025::::其他债权投资减值损失,,其他债权投资减值损失,建信人寿,2025,2025.0,,False,元,1,UNMAPPED_PRESERVED,OK,11094414.0,建信人寿2025年报__业务及管理费__20260721T154201:p140:其他债权投资减值损失
建信人寿业务及管理费20222025,RAW::建信人寿业务及管理费20222025::::其他债权投资减值损失,,其他债权投资减值损失,建信人寿,2025,2024.0,,False,元,1,UNMAPPED_PRESERVED,OK,-4460144.0,建信人寿2025年报__业务及管理费__20260721T154201:p140:其他债权投资减值损失
建信人寿业务及管理费20222025,RAW::建信人寿业务及管理费20222025::::定期存款减值损失,,定期存款减值损失,建信人寿,2025,2025.0,,False,元,1,UNMAPPED_PRESERVED,OK,275609.0,建信人寿2025年报__业务及管理费__20260721T154201:p140:定期存款减值损失
建信人寿业务及管理费20222025,RAW::建信人寿业务及管理费20222025::::定期存款减值损失,,定期存款减值损失,建信人寿,2025,2024.0,,False,元,1,UNMAPPED_PRESERVED,OK,1557660.0,建信人寿2025年报__业务及管理费__20260721T154201:p140:定期存款减值损失
建信人寿业务及管理费20222025,RAW::建信人寿业务及管理费20222025::::其他信用减值损失,,其他信用减值损失,建信人寿,2025,2025.0,,False,元,1,UNMAPPED_PRESERVED,OK,2132407.0,建信人寿2025年报__业务及管理费__20260721T154201:p140:其他信用减值损失
建信人寿业务及管理费20222025,RAW::建信人寿业务及管理费20222025::::其他信用减值损失,,其他信用减值损失,建信人寿,2025,2024.0,,False,元,1,UNMAPPED_PRESERVED,OK,4378349.0,建信人寿2025年报__业务及管理费__20260721T154201:p140:其他信用减值损失
