pdf_name,table_query,note_number,located_title,row_order,row_type,row_level,parent_section,raw_item,normalized_item,canonical_item,mapping_status,year,scope,restated,header_raw,value_raw,value,value_yuan,unit,page,header_source_page,source_method,original_unit
9fa2aa2597fc_农银人寿2025年报.pdf,业务及管理费,,截至2025年12月31日止年度财务报表30. 业务及管理费和其他业务成本,1,SECTION_HEADER,0,,按费用项目：,按费用项目,,UNMAPPED,,,,,,,,,122,,spatial_roi,
9fa2aa2597fc_农银人寿2025年报.pdf,业务及管理费,,截至2025年12月31日止年度财务报表30. 业务及管理费和其他业务成本,2,DETAIL,1,按费用项目,手续费及佣金,手续费及佣金,,UNMAPPED,2025,,False,2025,"2,011,583.45",2011583.45,,,122,,spatial_roi+column_anchors,
9fa2aa2597fc_农银人寿2025年报.pdf,业务及管理费,,截至2025年12月31日止年度财务报表30. 业务及管理费和其他业务成本,2,DETAIL,1,按费用项目,手续费及佣金,手续费及佣金,,UNMAPPED,2024,,False,2024,"2,117,405.27",2117405.27,,,122,,spatial_roi+column_anchors,
9fa2aa2597fc_农银人寿2025年报.pdf,业务及管理费,,截至2025年12月31日止年度财务报表30. 业务及管理费和其他业务成本,3,DETAIL,1,按费用项目,职工薪酬,职工薪酬,,UNMAPPED,2025,,False,2025,"949,839.99",949839.99,,,122,,spatial_roi+column_anchors,
9fa2aa2597fc_农银人寿2025年报.pdf,业务及管理费,,截至2025年12月31日止年度财务报表30. 业务及管理费和其他业务成本,3,DETAIL,1,按费用项目,职工薪酬,职工薪酬,,UNMAPPED,2024,,False,2024,"903,525.94",903525.94,,,122,,spatial_roi+column_anchors,
9fa2aa2597fc_农银人寿2025年报.pdf,业务及管理费,,截至2025年12月31日止年度财务报表30. 业务及管理费和其他业务成本,4,DETAIL,1,按费用项目,其他业务成本,其他业务成本,,UNMAPPED,2025,,False,2025,"342,915.78",342915.78,,,122,,spatial_roi+column_anchors,
9fa2aa2597fc_农银人寿2025年报.pdf,业务及管理费,,截至2025年12月31日止年度财务报表30. 业务及管理费和其他业务成本,4,DETAIL,1,按费用项目,其他业务成本,其他业务成本,,UNMAPPED,2024,,False,2024,"489,702.23",489702.23,,,122,,spatial_roi+column_anchors,
9fa2aa2597fc_农银人寿2025年报.pdf,业务及管理费,,截至2025年12月31日止年度财务报表30. 业务及管理费和其他业务成本,5,DETAIL,1,按费用项目,社会保险费和住房公积金,社会保险费和住房公积金,,UNMAPPED,2025,,False,2025,"304,769.51",304769.51,,,122,,spatial_roi+column_anchors,
9fa2aa2597fc_农银人寿2025年报.pdf,业务及管理费,,截至2025年12月31日止年度财务报表30. 业务及管理费和其他业务成本,5,DETAIL,1,按费用项目,社会保险费和住房公积金,社会保险费和住房公积金,,UNMAPPED,2024,,False,2024,"309,872.43",309872.43,,,122,,spatial_roi+column_anchors,
9fa2aa2597fc_农银人寿2025年报.pdf,业务及管理费,,截至2025年12月31日止年度财务报表30. 业务及管理费和其他业务成本,6,DETAIL,1,按费用项目,折旧和摊销费,折旧和摊销费,,UNMAPPED,2025,,False,2025,"196,372.41",196372.41,,,122,,spatial_roi+column_anchors,
9fa2aa2597fc_农银人寿2025年报.pdf,业务及管理费,,截至2025年12月31日止年度财务报表30. 业务及管理费和其他业务成本,6,DETAIL,1,按费用项目,折旧和摊销费,折旧和摊销费,,UNMAPPED,2024,,False,2024,"209,436.14",209436.14,,,122,,spatial_roi+column_anchors,
9fa2aa2597fc_农银人寿2025年报.pdf,业务及管理费,,截至2025年12月31日止年度财务报表30. 业务及管理费和其他业务成本,7,DETAIL,1,按费用项目,保险保障基金,保险保障基金,,UNMAPPED,2025,,False,2025,"139,132.43",139132.43,,,122,,spatial_roi+column_anchors,
9fa2aa2597fc_农银人寿2025年报.pdf,业务及管理费,,截至2025年12月31日止年度财务报表30. 业务及管理费和其他业务成本,7,DETAIL,1,按费用项目,保险保障基金,保险保障基金,,UNMAPPED,2024,,False,2024,"118,920.60",118920.6,,,122,,spatial_roi+column_anchors,
9fa2aa2597fc_农银人寿2025年报.pdf,业务及管理费,,截至2025年12月31日止年度财务报表30. 业务及管理费和其他业务成本,8,DETAIL,1,按费用项目,行政办公支出,行政办公支出,,UNMAPPED,2025,,False,2025,"96,708.05",96708.05,,,122,,spatial_roi+column_anchors,
9fa2aa2597fc_农银人寿2025年报.pdf,业务及管理费,,截至2025年12月31日止年度财务报表30. 业务及管理费和其他业务成本,8,DETAIL,1,按费用项目,行政办公支出,行政办公支出,,UNMAPPED,2024,,False,2024,"116,159.58",116159.58,,,122,,spatial_roi+column_anchors,
9fa2aa2597fc_农银人寿2025年报.pdf,业务及管理费,,截至2025年12月31日止年度财务报表30. 业务及管理费和其他业务成本,9,DETAIL,1,按费用项目,劳动保险费,劳动保险费,,UNMAPPED,2025,,False,2025,"86,668.63",86668.63,,,122,,spatial_roi+column_anchors,
9fa2aa2597fc_农银人寿2025年报.pdf,业务及管理费,,截至2025年12月31日止年度财务报表30. 业务及管理费和其他业务成本,9,DETAIL,1,按费用项目,劳动保险费,劳动保险费,,UNMAPPED,2024,,False,2024,"68,702.66",68702.66,,,122,,spatial_roi+column_anchors,
9fa2aa2597fc_农银人寿2025年报.pdf,业务及管理费,,截至2025年12月31日止年度财务报表30. 业务及管理费和其他业务成本,10,DETAIL,1,按费用项目,电子设备运转费,电子设备运转费,,UNMAPPED,2025,,False,2025,"47,392.68",47392.68,,,122,,spatial_roi+column_anchors,
9fa2aa2597fc_农银人寿2025年报.pdf,业务及管理费,,截至2025年12月31日止年度财务报表30. 业务及管理费和其他业务成本,10,DETAIL,1,按费用项目,电子设备运转费,电子设备运转费,,UNMAPPED,2024,,False,2024,"49,389.33",49389.33,,,122,,spatial_roi+column_anchors,
9fa2aa2597fc_农银人寿2025年报.pdf,业务及管理费,,截至2025年12月31日止年度财务报表30. 业务及管理费和其他业务成本,11,DETAIL,1,按费用项目,广告及宣传费,广告及宣传费,,UNMAPPED,2025,,False,2025,"42,380.07",42380.07,,,122,,spatial_roi+column_anchors,
9fa2aa2597fc_农银人寿2025年报.pdf,业务及管理费,,截至2025年12月31日止年度财务报表30. 业务及管理费和其他业务成本,11,DETAIL,1,按费用项目,广告及宣传费,广告及宣传费,,UNMAPPED,2024,,False,2024,"47,629.42",47629.42,,,122,,spatial_roi+column_anchors,
9fa2aa2597fc_农银人寿2025年报.pdf,业务及管理费,,截至2025年12月31日止年度财务报表30. 业务及管理费和其他业务成本,12,DETAIL,1,按费用项目,租赁费,租赁费,,UNMAPPED,2025,,False,2025,"28,886.00",28886.0,,,122,,spatial_roi+column_anchors,
9fa2aa2597fc_农银人寿2025年报.pdf,业务及管理费,,截至2025年12月31日止年度财务报表30. 业务及管理费和其他业务成本,12,DETAIL,1,按费用项目,租赁费,租赁费,,UNMAPPED,2024,,False,2024,"23,042.28",23042.28,,,122,,spatial_roi+column_anchors,
9fa2aa2597fc_农银人寿2025年报.pdf,业务及管理费,,截至2025年12月31日止年度财务报表30. 业务及管理费和其他业务成本,13,DETAIL,1,按费用项目,监管费,监管费,,UNMAPPED,2025,,False,2025,"17,118.23",17118.23,,,122,,spatial_roi+column_anchors,
9fa2aa2597fc_农银人寿2025年报.pdf,业务及管理费,,截至2025年12月31日止年度财务报表30. 业务及管理费和其他业务成本,13,DETAIL,1,按费用项目,监管费,监管费,,UNMAPPED,2024,,False,2024,"13,642.75",13642.75,,,122,,spatial_roi+column_anchors,
9fa2aa2597fc_农银人寿2025年报.pdf,业务及管理费,,截至2025年12月31日止年度财务报表30. 业务及管理费和其他业务成本,14,DETAIL,1,按费用项目,车船使用费,车船使用费,,UNMAPPED,2025,,False,2025,"2,049.10",2049.1,,,122,,spatial_roi+column_anchors,
9fa2aa2597fc_农银人寿2025年报.pdf,业务及管理费,,截至2025年12月31日止年度财务报表30. 业务及管理费和其他业务成本,14,DETAIL,1,按费用项目,车船使用费,车船使用费,,UNMAPPED,2024,,False,2024,"2,605.51",2605.51,,,122,,spatial_roi+column_anchors,
9fa2aa2597fc_农银人寿2025年报.pdf,业务及管理费,,截至2025年12月31日止年度财务报表30. 业务及管理费和其他业务成本,15,DETAIL,1,按费用项目,其他,其他,,UNMAPPED,2025,,False,2025,"113,208.95",113208.95,,,122,,spatial_roi+column_anchors,
9fa2aa2597fc_农银人寿2025年报.pdf,业务及管理费,,截至2025年12月31日止年度财务报表30. 业务及管理费和其他业务成本,15,DETAIL,1,按费用项目,其他,其他,,UNMAPPED,2024,,False,2024,"104,735.89",104735.89,,,122,,spatial_roi+column_anchors,
9fa2aa2597fc_农银人寿2025年报.pdf,业务及管理费,,截至2025年12月31日止年度财务报表30. 业务及管理费和其他业务成本,16,TOTAL,1,按费用项目,合计,合计,,UNMAPPED,2025,,False,2025,"4,379,025.28",4379025.28,,,122,,spatial_roi+column_anchors,
9fa2aa2597fc_农银人寿2025年报.pdf,业务及管理费,,截至2025年12月31日止年度财务报表30. 业务及管理费和其他业务成本,16,TOTAL,1,按费用项目,合计,合计,,UNMAPPED,2024,,False,2024,"4,574,770.03",4574770.03,,,122,,spatial_roi+column_anchors,
9fa2aa2597fc_农银人寿2025年报.pdf,业务及管理费,,截至2025年12月31日止年度财务报表30. 业务及管理费和其他业务成本,17,SECTION_HEADER,0,,可归属于保险合同组合的费用,可归属于保险合同组合的费用,,UNMAPPED,,,,,,,,,122,,spatial_roi,
9fa2aa2597fc_农银人寿2025年报.pdf,业务及管理费,,截至2025年12月31日止年度财务报表30. 业务及管理费和其他业务成本,18,DETAIL,1,可归属于保险合同组合的费用,计入未到期责任负债的保险获取现金流量,计入未到期责任负债的保险获取现金流量,,UNMAPPED,2025,,False,2025,"2,888,027.03",2888027.03,,,122,,spatial_roi+column_anchors,
9fa2aa2597fc_农银人寿2025年报.pdf,业务及管理费,,截至2025年12月31日止年度财务报表30. 业务及管理费和其他业务成本,18,DETAIL,1,可归属于保险合同组合的费用,计入未到期责任负债的保险获取现金流量,计入未到期责任负债的保险获取现金流量,,UNMAPPED,2024,,False,2024,"3,059,685.49",3059685.49,,,122,,spatial_roi+column_anchors,
9fa2aa2597fc_农银人寿2025年报.pdf,业务及管理费,,截至2025年12月31日止年度财务报表30. 业务及管理费和其他业务成本,19,DETAIL,1,可归属于保险合同组合的费用,计入保险服务费用,计入保险服务费用,,UNMAPPED,2025,,False,2025,"528,286.50",528286.5,,,122,,spatial_roi+column_anchors,
9fa2aa2597fc_农银人寿2025年报.pdf,业务及管理费,,截至2025年12月31日止年度财务报表30. 业务及管理费和其他业务成本,19,DETAIL,1,可归属于保险合同组合的费用,计入保险服务费用,计入保险服务费用,,UNMAPPED,2024,,False,2024,"466,892.08",466892.08,,,122,,spatial_roi+column_anchors,
9fa2aa2597fc_农银人寿2025年报.pdf,业务及管理费,,截至2025年12月31日止年度财务报表30. 业务及管理费和其他业务成本,20,SECTION_HEADER,0,,不可归属于保险合同组合的费用,不可归属于保险合同组合的费用,,UNMAPPED,,,,,,,,,122,,spatial_roi,
9fa2aa2597fc_农银人寿2025年报.pdf,业务及管理费,,截至2025年12月31日止年度财务报表30. 业务及管理费和其他业务成本,21,DETAIL,1,不可归属于保险合同组合的费用,手续费及佣金支出,手续费及佣金支出,,UNMAPPED,2025,,False,2025,"68,378.58",68378.58,,,122,,spatial_roi+column_anchors,
9fa2aa2597fc_农银人寿2025年报.pdf,业务及管理费,,截至2025年12月31日止年度财务报表30. 业务及管理费和其他业务成本,21,DETAIL,1,不可归属于保险合同组合的费用,手续费及佣金支出,手续费及佣金支出,,UNMAPPED,2024,,False,2024,"27,162.45",27162.45,,,122,,spatial_roi+column_anchors,
9fa2aa2597fc_农银人寿2025年报.pdf,业务及管理费,,截至2025年12月31日止年度财务报表30. 业务及管理费和其他业务成本,22,DETAIL,1,不可归属于保险合同组合的费用,业务及管理费,业务及管理费,,UNMAPPED,2025,,False,2025,"552,263.52",552263.52,,,122,,spatial_roi+column_anchors,
9fa2aa2597fc_农银人寿2025年报.pdf,业务及管理费,,截至2025年12月31日止年度财务报表30. 业务及管理费和其他业务成本,22,DETAIL,1,不可归属于保险合同组合的费用,业务及管理费,业务及管理费,,UNMAPPED,2024,,False,2024,"534,150.70",534150.7,,,122,,spatial_roi+column_anchors,
9fa2aa2597fc_农银人寿2025年报.pdf,业务及管理费,,截至2025年12月31日止年度财务报表30. 业务及管理费和其他业务成本,23,DETAIL,1,不可归属于保险合同组合的费用,其他业务成本,其他业务成本,,UNMAPPED,2025,,False,2025,"342,069.65",342069.65,,,122,,spatial_roi+column_anchors,
9fa2aa2597fc_农银人寿2025年报.pdf,业务及管理费,,截至2025年12月31日止年度财务报表30. 业务及管理费和其他业务成本,23,DETAIL,1,不可归属于保险合同组合的费用,其他业务成本,其他业务成本,,UNMAPPED,2024,,False,2024,"486,879.31",486879.31,,,122,,spatial_roi+column_anchors,
9fa2aa2597fc_农银人寿2025年报.pdf,业务及管理费,,截至2025年12月31日止年度财务报表30. 业务及管理费和其他业务成本,24,DETAIL,1,不可归属于保险合同组合的费用,第74页银行存款减值(转回)/损失,第74页银行存款减值(转回)/损失,,UNMAPPED,2025,,False,2025,"(79,496.99)",-79496.99,,,123,,spatial_roi+column_anchors,
9fa2aa2597fc_农银人寿2025年报.pdf,业务及管理费,,截至2025年12月31日止年度财务报表30. 业务及管理费和其他业务成本,24,DETAIL,1,不可归属于保险合同组合的费用,第74页银行存款减值(转回)/损失,第74页银行存款减值(转回)/损失,,UNMAPPED,2024,,False,2024,"194,202.15",194202.15,,,123,,spatial_roi+column_anchors,
9fa2aa2597fc_农银人寿2025年报.pdf,业务及管理费,,截至2025年12月31日止年度财务报表30. 业务及管理费和其他业务成本,25,DETAIL,1,不可归属于保险合同组合的费用,存出资本保证金减值(转回)/损失,存出资本保证金减值(转回)/损失,,UNMAPPED,2025,,False,2025,"(2,734.52)",-2734.52,,,123,,spatial_roi+column_anchors,
9fa2aa2597fc_农银人寿2025年报.pdf,业务及管理费,,截至2025年12月31日止年度财务报表30. 业务及管理费和其他业务成本,25,DETAIL,1,不可归属于保险合同组合的费用,存出资本保证金减值(转回)/损失,存出资本保证金减值(转回)/损失,,UNMAPPED,2024,,False,2024,"9,336.61",9336.61,,,123,,spatial_roi+column_anchors,
9fa2aa2597fc_农银人寿2025年报.pdf,业务及管理费,,截至2025年12月31日止年度财务报表30. 业务及管理费和其他业务成本,26,DETAIL,1,不可归属于保险合同组合的费用,债权投资减值转回,债权投资减值转回,,UNMAPPED,2025,,False,2025,"(46,768.75)",-46768.75,,,123,,spatial_roi+column_anchors,
9fa2aa2597fc_农银人寿2025年报.pdf,业务及管理费,,截至2025年12月31日止年度财务报表30. 业务及管理费和其他业务成本,26,DETAIL,1,不可归属于保险合同组合的费用,债权投资减值转回,债权投资减值转回,,UNMAPPED,2024,,False,2024,"(294,035.53)",-294035.53,,,123,,spatial_roi+column_anchors,
9fa2aa2597fc_农银人寿2025年报.pdf,业务及管理费,,截至2025年12月31日止年度财务报表30. 业务及管理费和其他业务成本,27,DETAIL,1,不可归属于保险合同组合的费用,其他债权投资减值损失,其他债权投资减值损失,,UNMAPPED,2025,,False,2025,"313,748.11",313748.11,,,123,,spatial_roi+column_anchors,
9fa2aa2597fc_农银人寿2025年报.pdf,业务及管理费,,截至2025年12月31日止年度财务报表30. 业务及管理费和其他业务成本,27,DETAIL,1,不可归属于保险合同组合的费用,其他债权投资减值损失,其他债权投资减值损失,,UNMAPPED,2024,,False,2024,"694,003.95",694003.95,,,123,,spatial_roi+column_anchors,
9fa2aa2597fc_农银人寿2025年报.pdf,业务及管理费,,截至2025年12月31日止年度财务报表30. 业务及管理费和其他业务成本,28,DETAIL,1,不可归属于保险合同组合的费用,其他减值损失,其他减值损失,,UNMAPPED,2025,,False,2025,"49,768.68",49768.68,,,123,,spatial_roi+column_anchors,
9fa2aa2597fc_农银人寿2025年报.pdf,业务及管理费,,截至2025年12月31日止年度财务报表30. 业务及管理费和其他业务成本,28,DETAIL,1,不可归属于保险合同组合的费用,其他减值损失,其他减值损失,,UNMAPPED,2024,,False,2024,"3,562.86",3562.86,,,123,,spatial_roi+column_anchors,
9fa2aa2597fc_农银人寿2025年报.pdf,业务及管理费,,截至2025年12月31日止年度财务报表30. 业务及管理费和其他业务成本,29,TOTAL,1,不可归属于保险合同组合的费用,合计,合计,,UNMAPPED,2025,,False,2025,"234,516.53",234516.53,,,123,,spatial_roi+column_anchors,
9fa2aa2597fc_农银人寿2025年报.pdf,业务及管理费,,截至2025年12月31日止年度财务报表30. 业务及管理费和其他业务成本,29,TOTAL,1,不可归属于保险合同组合的费用,合计,合计,,UNMAPPED,2024,,False,2024,"607,070.04",607070.04,,,123,,spatial_roi+column_anchors,
9fa2aa2597fc_农银人寿2025年报.pdf,业务及管理费,,截至2025年12月31日止年度财务报表30. 业务及管理费和其他业务成本,30,SECTION_HEADER,0,,32.所得税费用,32.所得税费用,,UNMAPPED,,,,,,,,,123,122.0,spatial_roi,
9fa2aa2597fc_农银人寿2025年报.pdf,业务及管理费,,截至2025年12月31日止年度财务报表30. 业务及管理费和其他业务成本,31,DETAIL,1,32.所得税费用,当期所得税,当期所得税,,UNMAPPED,2025,,False,2025,-,,,,123,,spatial_roi+column_anchors,
9fa2aa2597fc_农银人寿2025年报.pdf,业务及管理费,,截至2025年12月31日止年度财务报表30. 业务及管理费和其他业务成本,31,DETAIL,1,32.所得税费用,当期所得税,当期所得税,,UNMAPPED,2024,,False,2024,-,,,,123,,spatial_roi+column_anchors,
9fa2aa2597fc_农银人寿2025年报.pdf,业务及管理费,,截至2025年12月31日止年度财务报表30. 业务及管理费和其他业务成本,32,DETAIL,1,32.所得税费用,递延所得税,递延所得税,,UNMAPPED,2025,,False,2025,"1,703,887.27",1703887.27,,,123,,spatial_roi+column_anchors,
9fa2aa2597fc_农银人寿2025年报.pdf,业务及管理费,,截至2025年12月31日止年度财务报表30. 业务及管理费和其他业务成本,32,DETAIL,1,32.所得税费用,递延所得税,递延所得税,,UNMAPPED,2024,,False,2024,"2,270,334.55",2270334.55,,,123,,spatial_roi+column_anchors,
9fa2aa2597fc_农银人寿2025年报.pdf,业务及管理费,,截至2025年12月31日止年度财务报表30. 业务及管理费和其他业务成本,33,TOTAL,1,32.所得税费用,合计,合计,,UNMAPPED,2025,,False,2025,"1,703,887.27",1703887.27,,,123,,spatial_roi+column_anchors,
9fa2aa2597fc_农银人寿2025年报.pdf,业务及管理费,,截至2025年12月31日止年度财务报表30. 业务及管理费和其他业务成本,33,TOTAL,1,32.所得税费用,合计,合计,,UNMAPPED,2024,,False,2024,"2,270,334.55",2270334.55,,,123,,spatial_roi+column_anchors,
9fa2aa2597fc_农银人寿2025年报.pdf,业务及管理费,,截至2025年12月31日止年度财务报表30. 业务及管理费和其他业务成本,34,SECTION_HEADER,0,,将基于利润表的利润总额采用适用税率计算的所得税调节为所得税费用：,将基于利润表的利润总额采用适用税率计算的所得税调节为所得税费用,,UNMAPPED,,,,,,,,,123,122.0,spatial_roi,
9fa2aa2597fc_农银人寿2025年报.pdf,业务及管理费,,截至2025年12月31日止年度财务报表30. 业务及管理费和其他业务成本,35,DETAIL,1,将基于利润表的利润总额采用适用税率计算的所得税调节为所得税费用,利润总额,利润总额,,UNMAPPED,2025,,False,2025,"3,375,328.19",3375328.19,,,123,,spatial_roi+column_anchors,
9fa2aa2597fc_农银人寿2025年报.pdf,业务及管理费,,截至2025年12月31日止年度财务报表30. 业务及管理费和其他业务成本,35,DETAIL,1,将基于利润表的利润总额采用适用税率计算的所得税调节为所得税费用,利润总额,利润总额,,UNMAPPED,2024,,False,2024,"3,156,241.98",3156241.98,,,123,,spatial_roi+column_anchors,
9fa2aa2597fc_农银人寿2025年报.pdf,业务及管理费,,截至2025年12月31日止年度财务报表30. 业务及管理费和其他业务成本,36,DETAIL,1,将基于利润表的利润总额采用适用税率计算的所得税调节为所得税费用,按适用税率计算的所得税费用,按适用税率计算的所得税费用,,UNMAPPED,2025,,False,2025,"843,832.05",843832.05,,,123,,spatial_roi+column_anchors,
9fa2aa2597fc_农银人寿2025年报.pdf,业务及管理费,,截至2025年12月31日止年度财务报表30. 业务及管理费和其他业务成本,36,DETAIL,1,将基于利润表的利润总额采用适用税率计算的所得税调节为所得税费用,按适用税率计算的所得税费用,按适用税率计算的所得税费用,,UNMAPPED,2024,,False,2024,"789,060.50",789060.5,,,123,,spatial_roi+column_anchors,
9fa2aa2597fc_农银人寿2025年报.pdf,业务及管理费,,截至2025年12月31日止年度财务报表30. 业务及管理费和其他业务成本,37,DETAIL,1,将基于利润表的利润总额采用适用税率计算的所得税调节为所得税费用,非应纳税收入(注),非应纳税收入,,UNMAPPED,2025,,False,2025,"(595,812.29)",-595812.29,,,123,,spatial_roi+column_anchors,
9fa2aa2597fc_农银人寿2025年报.pdf,业务及管理费,,截至2025年12月31日止年度财务报表30. 业务及管理费和其他业务成本,37,DETAIL,1,将基于利润表的利润总额采用适用税率计算的所得税调节为所得税费用,非应纳税收入(注),非应纳税收入,,UNMAPPED,2024,,False,2024,"(358,054.40)",-358054.4,,,123,,spatial_roi+column_anchors,
9fa2aa2597fc_农银人寿2025年报.pdf,业务及管理费,,截至2025年12月31日止年度财务报表30. 业务及管理费和其他业务成本,38,DETAIL,1,将基于利润表的利润总额采用适用税率计算的所得税调节为所得税费用,不得扣除的成本、费用和损失,不得扣除的成本、费用和损失,,UNMAPPED,2025,,False,2025,"29,224.82",29224.82,,,123,,spatial_roi+column_anchors,
9fa2aa2597fc_农银人寿2025年报.pdf,业务及管理费,,截至2025年12月31日止年度财务报表30. 业务及管理费和其他业务成本,38,DETAIL,1,将基于利润表的利润总额采用适用税率计算的所得税调节为所得税费用,不得扣除的成本、费用和损失,不得扣除的成本、费用和损失,,UNMAPPED,2024,,False,2024,"19,459.00",19459.0,,,123,,spatial_roi+column_anchors,
9fa2aa2597fc_农银人寿2025年报.pdf,业务及管理费,,截至2025年12月31日止年度财务报表30. 业务及管理费和其他业务成本,39,DETAIL,1,将基于利润表的利润总额采用适用税率计算的所得税调节为所得税费用,使用前期未确认递延所得税资产的可抵扣暂时性差异,使用前期未确认递延所得税资产的可抵扣暂时性差异,,UNMAPPED,2025,,False,2025,"1,426,642.69",1426642.69,,,123,,spatial_roi+column_anchors,
9fa2aa2597fc_农银人寿2025年报.pdf,业务及管理费,,截至2025年12月31日止年度财务报表30. 业务及管理费和其他业务成本,39,DETAIL,1,将基于利润表的利润总额采用适用税率计算的所得税调节为所得税费用,使用前期未确认递延所得税资产的可抵扣暂时性差异,使用前期未确认递延所得税资产的可抵扣暂时性差异,,UNMAPPED,2024,,False,2024,"1,819,869.45",1819869.45,,,123,,spatial_roi+column_anchors,
9fa2aa2597fc_农银人寿2025年报.pdf,业务及管理费,,截至2025年12月31日止年度财务报表30. 业务及管理费和其他业务成本,40,DETAIL,1,将基于利润表的利润总额采用适用税率计算的所得税调节为所得税费用,按实际税率计算的所得税费用,按实际税率计算的所得税费用,,UNMAPPED,2025,,False,2025,"1,703,887.27",1703887.27,,,123,,spatial_roi+column_anchors,
9fa2aa2597fc_农银人寿2025年报.pdf,业务及管理费,,截至2025年12月31日止年度财务报表30. 业务及管理费和其他业务成本,40,DETAIL,1,将基于利润表的利润总额采用适用税率计算的所得税调节为所得税费用,按实际税率计算的所得税费用,按实际税率计算的所得税费用,,UNMAPPED,2024,,False,2024,"2,270,334.55",2270334.55,,,123,,spatial_roi+column_anchors,
9fa2aa2597fc_农银人寿2025年报.pdf,业务及管理费,,截至2025年12月31日止年度财务报表30. 业务及管理费和其他业务成本,41,SECTION_HEADER,0,,注：非应税收入主要为中国国债和地方政府债利息收入、股票和基金分红收入。,注：非应税收入主要为中国国债和地方政府债利息收入、股票和基金分红收入。,,UNMAPPED,,,,,,,,,123,122.0,spatial_roi,
9fa2aa2597fc_农银人寿2025年报.pdf,业务及管理费,,截至2025年12月31日止年度财务报表30. 业务及管理费和其他业务成本,42,SECTION_HEADER,0,,第75页,第75页,,UNMAPPED,,,,,,,,,123,122.0,spatial_roi,
