row_order,row_type,parent_section,raw_item,normalized_item,unit,2023,2024
1,DETAIL,,工资及福利费,工资及福利费,元,1252097039.0,1301135944.0
2,DETAIL,,资产托管费,资产托管费,元,310634779.0,408559509.0
3,DETAIL,,资产折旧及摊销,资产折旧及摊销,元,327864954.0,354381397.0
4,DETAIL,,提取保险保障基金,提取保险保障基金,元,132031758.0,136221630.0
5,DETAIL,,运营费用,运营费用,元,120201921.0,107403898.0
6,DETAIL,,计算机相关费用,计算机相关费用,元,102715057.0,88268810.0
7,DETAIL,,培训费,培训费,元,53357978.0,54199192.0
8,DETAIL,,房屋相关费用,房屋相关费用,元,50890013.0,51186951.0
9,DETAIL,,业务活动费,业务活动费,元,47864676.0,48261133.0
10,DETAIL,,广告宣传费,广告宣传费,元,20525688.0,27516968.0
11,DETAIL,,监管费,监管费,元,16654907.0,19363252.0
12,DETAIL,,差旅费,差旅费,元,15874156.0,16817137.0
13,DETAIL,,专业服务费,专业服务费,元,15439431.0,15571857.0
14,DETAIL,,租赁费用及租赁负债利息支出,租赁费用及租赁负债利息支出,元,18918444.0,12082116.0
15,DETAIL,,业务招待费,业务招待费,元,13732957.0,7039509.0
16,DETAIL,,其他,其他,元,14063067.0,15446529.0
17,SUBTOTAL,,小计,小计,元,2512866825.0,2663455832.0
18,DETAIL,,减：当期发生的保险获取现金流量,减：当期发生的保险获取现金流量,元,-954145252.0,-910092322.0
19,DETAIL,,当期发生的其他保险履约现金流,当期发生的其他保险履约现金流,元,-1143501971.0,-1228018171.0
20,TOTAL,,合计,合计,元,415219602.0,525345339.0
21,DETAIL,,97结构化主体其他持有人的利息支出,97结构化主体其他持有人的利息支出,元,441837803.0,226867992.0
22,DETAIL,,投资性房地产折旧及摊销,投资性房地产折旧及摊销,元,45841152.0,147019741.0
23,DETAIL,,投资顾问费,投资顾问费,元,57109315.0,54319511.0
24,DETAIL,,金融服务成本支出,金融服务成本支出,元,186532258.0,83428609.0
25,DETAIL,,其他,其他,元,136601400.0,129930901.0
26,TOTAL,,合计,合计,元,867921928.0,641566754.0
28,DETAIL,38.所得税,当期所得税,当期所得税,元,114141891.0,140006528.0
29,DETAIL,38.所得税,递延所得税,递延所得税,元,57011913.0,2973128500.0
30,TOTAL,38.所得税,合计,合计,元,171153804.0,3113135028.0
32,DETAIL,所得税费用与利润总额的关系列示如下,利润总额,利润总额,元,-2222914954.0,3436997731.0
33,DETAIL,所得税费用与利润总额的关系列示如下,按适用税率计算的所得税费用,按适用税率计算的所得税费用,元,-555728739.0,859249433.0
34,DETAIL,所得税费用与利润总额的关系列示如下,非应纳税收入,非应纳税收入,元,-982753036.0,-547911050.0
35,DETAIL,所得税费用与利润总额的关系列示如下,不得扣除的成本、费用和损失,不得扣除的成本、费用和损失,元,39884580.0,60978529.0
36,DETAIL,所得税费用与利润总额的关系列示如下,其他,其他,元,1669750999.0,2740818116.0
37,DETAIL,所得税费用与利润总额的关系列示如下,所得税费用,所得税费用,元,171153804.0,3113135028.0
38,DETAIL,所得税费用与利润总额的关系列示如下,98收益,98收益,元,4.265691275219301e+25,4.344456127044827e+16
39,DETAIL,所得税费用与利润总额的关系列示如下,变动,变动,元,-1.2747927321677046e+19,4.344456127044827e+16
41,DETAIL,所得税费用与利润总额的关系列示如下,具公允价值变动,具公允价值变动,元,,3.6825302416801493e+19
44,DETAIL,所得税费用与利润总额的关系列示如下,金融变动,金融变动,元,-1.0522171321393717e+19,9.13293710430842e+16
46,DETAIL,所得税费用与利润总额的关系列示如下,收益,收益,元,,401684304288.0
47,DETAIL,所得税费用与利润总额的关系列示如下,变动,变动,元,,401684304288.0
49,DETAIL,所得税费用与利润总额的关系列示如下,具公允价值变动,具公允价值变动,元,,1.7204020661962127e+19
54,DETAIL,所得税费用与利润总额的关系列示如下,净利润/(亏损),净利润/(亏损),元,-2394068758.0,323862703.0
55,DETAIL,所得税费用与利润总额的关系列示如下,加：信用减值损失,加：信用减值损失,元,466409430.0,298770939.0
56,DETAIL,所得税费用与利润总额的关系列示如下,固定资产及投资性房地产折旧,固定资产及投资性房地产折旧,元,118044639.0,214938257.0
57,DETAIL,所得税费用与利润总额的关系列示如下,使用权资产折旧,使用权资产折旧,元,150655429.0,141907312.0
58,DETAIL,所得税费用与利润总额的关系列示如下,无形资产摊销,无形资产摊销,元,192574741.0,222216706.0
59,DETAIL,所得税费用与利润总额的关系列示如下,其他长期资产摊销,其他长期资产摊销,元,28595068.0,24499180.0
61,DETAIL,处置固定资产、无形资产和其他长期,资产的收益,资产的收益,元,216364.0,-224065.0
62,DETAIL,处置固定资产、无形资产和其他长期,投资收益,投资收益,元,-2752467494.0,-1915882579.0
63,DETAIL,处置固定资产、无形资产和其他长期,利息收入,利息收入,元,-5146712329.0,-4865825517.0
64,DETAIL,处置固定资产、无形资产和其他长期,公允价值变动损益,公允价值变动损益,元,-337416539.0,-4851528533.0
65,DETAIL,处置固定资产、无形资产和其他长期,利息支出,利息支出,元,662232836.0,712441280.0
66,DETAIL,处置固定资产、无形资产和其他长期,汇兑收益,汇兑收益,元,-1464253.0,-1300277.0
67,DETAIL,处置固定资产、无形资产和其他长期,租赁负债利息/处置损益,租赁负债利息/处置损益,元,9606004.0,5244908.0
68,DETAIL,处置固定资产、无形资产和其他长期,递延所得税,递延所得税,元,57011913.0,2973128500.0
69,DETAIL,处置固定资产、无形资产和其他长期,结构化主体损益,结构化主体损益,元,167629221.0,211619549.0
70,DETAIL,处置固定资产、无形资产和其他长期,保险合同负债的变动净额,保险合同负债的变动净额,元,26056572542.0,35601360227.0
71,DETAIL,处置固定资产、无形资产和其他长期,分出再保险合同资产的变动净额,分出再保险合同资产的变动净额,元,1408786627.0,2538119120.0
72,DETAIL,处置固定资产、无形资产和其他长期,经营性应收项目的减少/(增加),经营性应收项目的减少/(增加),元,-73731112.0,69243953.0
73,DETAIL,处置固定资产、无形资产和其他长期,经营性应付项目的增加/(减少),经营性应付项目的增加/(减少),元,-20776377293.0,-36034127695.0
74,DETAIL,处置固定资产、无形资产和其他长期,经营活动产生的现金流量净额,经营活动产生的现金流量净额,元,-2163902964.0,-4331536032.0
75,DETAIL,处置固定资产、无形资产和其他长期,101现金的年末余额,101现金的年末余额,元,6395299635.0,6999163241.0
76,DETAIL,处置固定资产、无形资产和其他长期,减：现金的年初余额,减：现金的年初余额,元,5957724911.0,6395299635.0
77,DETAIL,处置固定资产、无形资产和其他长期,现金等价物的年末余额,现金等价物的年末余额,元,15138094833.0,16126972411.0
78,DETAIL,处置固定资产、无形资产和其他长期,减：现金等价物的年初余额,减：现金等价物的年初余额,元,18317495315.0,15138094833.0
79,DETAIL,处置固定资产、无形资产和其他长期,现金及现金等价物净(减少)/增加额,现金及现金等价物净(减少)/增加额,元,-2741825758.0,1592741184.0
82,DETAIL,经营租赁承诺-作为承租人,租赁负债利息费用,租赁负债利息费用,元,9606004.0,5244908.0
84,DETAIL,计入当期损益的采用简化处理的,短期租赁费用,短期租赁费用,元,20686253.0,10514717.0
85,DETAIL,计入当期损益的采用简化处理的,与租赁相关的总现金流出,与租赁相关的总现金流出,元,131175789.0,93225533.0
