capture_run_id,company,document_year,table_id,pdf_name,table_query,note_number,located_title,row_order,row_type,row_level,parent_section,raw_item,normalized_item,capture_canonical_item,capture_mapping_status,column_ordinal,source_column_index,column_dimension_key,year,scope,restated,header_raw,value_raw,value,value_yuan,unit,original_unit,page,header_source_page,source_method,source_key
中银三星2022年报__业务及管理费__20260722T090304,中银三星,2022,业务及管理费,91e001708c2b_中银三星2022年报.pdf,业务及管理费,,六、 财务报表附注(续)40. 业务及管理费,1,DETAIL,0,,职工工资及福利费,职工工资及福利费,,UNMAPPED,0.0,1.0,2022||ORIGINAL,2022.0,,False,2022,"462,796,231.66",462796231.66,462796231.66,元,元,94,,spatial_roi+column_anchors,||职工工资及福利费
中银三星2022年报__业务及管理费__20260722T090304,中银三星,2022,业务及管理费,91e001708c2b_中银三星2022年报.pdf,业务及管理费,,六、 财务报表附注(续)40. 业务及管理费,1,DETAIL,0,,职工工资及福利费,职工工资及福利费,,UNMAPPED,1.0,2.0,2021||ORIGINAL,2021.0,,False,2021,"374,851,676.96",374851676.96,374851676.96,元,元,94,,spatial_roi+column_anchors,||职工工资及福利费
中银三星2022年报__业务及管理费__20260722T090304,中银三星,2022,业务及管理费,91e001708c2b_中银三星2022年报.pdf,业务及管理费,,六、 财务报表附注(续)40. 业务及管理费,2,DETAIL,0,,使用权资产折旧费,使用权资产折旧费,,UNMAPPED,0.0,1.0,2022||ORIGINAL,2022.0,,False,2022,"67,853,129.62",67853129.62,67853129.62,元,元,94,,spatial_roi+column_anchors,||使用权资产折旧费
中银三星2022年报__业务及管理费__20260722T090304,中银三星,2022,业务及管理费,91e001708c2b_中银三星2022年报.pdf,业务及管理费,,六、 财务报表附注(续)40. 业务及管理费,2,DETAIL,0,,使用权资产折旧费,使用权资产折旧费,,UNMAPPED,1.0,2.0,2021||ORIGINAL,2021.0,,False,2021,"45,132,630.19",45132630.19,45132630.19,元,元,94,,spatial_roi+column_anchors,||使用权资产折旧费
中银三星2022年报__业务及管理费__20260722T090304,中银三星,2022,业务及管理费,91e001708c2b_中银三星2022年报.pdf,业务及管理费,,六、 财务报表附注(续)40. 业务及管理费,3,DETAIL,0,,社会统筹保险费,社会统筹保险费,,UNMAPPED,0.0,1.0,2022||ORIGINAL,2022.0,,False,2022,"67,330,294.17",67330294.17,67330294.17,元,元,94,,spatial_roi+column_anchors,||社会统筹保险费
中银三星2022年报__业务及管理费__20260722T090304,中银三星,2022,业务及管理费,91e001708c2b_中银三星2022年报.pdf,业务及管理费,,六、 财务报表附注(续)40. 业务及管理费,3,DETAIL,0,,社会统筹保险费,社会统筹保险费,,UNMAPPED,1.0,2.0,2021||ORIGINAL,2021.0,,False,2021,"53,309,119.86",53309119.86,53309119.86,元,元,94,,spatial_roi+column_anchors,||社会统筹保险费
中银三星2022年报__业务及管理费__20260722T090304,中银三星,2022,业务及管理费,91e001708c2b_中银三星2022年报.pdf,业务及管理费,,六、 财务报表附注(续)40. 业务及管理费,4,DETAIL,0,,电子设备运转费,电子设备运转费,,UNMAPPED,0.0,1.0,2022||ORIGINAL,2022.0,,False,2022,"41,063,741.08",41063741.08,41063741.08,元,元,94,,spatial_roi+column_anchors,||电子设备运转费
中银三星2022年报__业务及管理费__20260722T090304,中银三星,2022,业务及管理费,91e001708c2b_中银三星2022年报.pdf,业务及管理费,,六、 财务报表附注(续)40. 业务及管理费,4,DETAIL,0,,电子设备运转费,电子设备运转费,,UNMAPPED,1.0,2.0,2021||ORIGINAL,2021.0,,False,2021,"49,289,686.31",49289686.31,49289686.31,元,元,94,,spatial_roi+column_anchors,||电子设备运转费
中银三星2022年报__业务及管理费__20260722T090304,中银三星,2022,业务及管理费,91e001708c2b_中银三星2022年报.pdf,业务及管理费,,六、 财务报表附注(续)40. 业务及管理费,5,DETAIL,0,,租赁费,租赁费,,UNMAPPED,0.0,1.0,2022||ORIGINAL,2022.0,,False,2022,"38,577,517.66",38577517.66,38577517.66,元,元,94,,spatial_roi+column_anchors,||租赁费
中银三星2022年报__业务及管理费__20260722T090304,中银三星,2022,业务及管理费,91e001708c2b_中银三星2022年报.pdf,业务及管理费,,六、 财务报表附注(续)40. 业务及管理费,5,DETAIL,0,,租赁费,租赁费,,UNMAPPED,1.0,2.0,2021||ORIGINAL,2021.0,,False,2021,"41,728,632.83",41728632.83,41728632.83,元,元,94,,spatial_roi+column_anchors,||租赁费
中银三星2022年报__业务及管理费__20260722T090304,中银三星,2022,业务及管理费,91e001708c2b_中银三星2022年报.pdf,业务及管理费,,六、 财务报表附注(续)40. 业务及管理费,6,DETAIL,0,,保险保障基金(注),保险保障基金,,UNMAPPED,0.0,1.0,2022||ORIGINAL,2022.0,,False,2022,"32,773,167.19",32773167.19,32773167.19,元,元,94,,spatial_roi+column_anchors,||保险保障基金
中银三星2022年报__业务及管理费__20260722T090304,中银三星,2022,业务及管理费,91e001708c2b_中银三星2022年报.pdf,业务及管理费,,六、 财务报表附注(续)40. 业务及管理费,6,DETAIL,0,,保险保障基金(注),保险保障基金,,UNMAPPED,1.0,2.0,2021||ORIGINAL,2021.0,,False,2021,"28,144,747.02",28144747.02,28144747.02,元,元,94,,spatial_roi+column_anchors,||保险保障基金
中银三星2022年报__业务及管理费__20260722T090304,中银三星,2022,业务及管理费,91e001708c2b_中银三星2022年报.pdf,业务及管理费,,六、 财务报表附注(续)40. 业务及管理费,7,DETAIL,0,,宣传费,宣传费,,UNMAPPED,0.0,1.0,2022||ORIGINAL,2022.0,,False,2022,"22,288,783.54",22288783.54,22288783.54,元,元,94,,spatial_roi+column_anchors,||宣传费
中银三星2022年报__业务及管理费__20260722T090304,中银三星,2022,业务及管理费,91e001708c2b_中银三星2022年报.pdf,业务及管理费,,六、 财务报表附注(续)40. 业务及管理费,7,DETAIL,0,,宣传费,宣传费,,UNMAPPED,1.0,2.0,2021||ORIGINAL,2021.0,,False,2021,"17,889,609.43",17889609.43,17889609.43,元,元,94,,spatial_roi+column_anchors,||宣传费
中银三星2022年报__业务及管理费__20260722T090304,中银三星,2022,业务及管理费,91e001708c2b_中银三星2022年报.pdf,业务及管理费,,六、 财务报表附注(续)40. 业务及管理费,8,DETAIL,0,,营销培训费,营销培训费,,UNMAPPED,0.0,1.0,2022||ORIGINAL,2022.0,,False,2022,"20,641,852.75",20641852.75,20641852.75,元,元,94,,spatial_roi+column_anchors,||营销培训费
中银三星2022年报__业务及管理费__20260722T090304,中银三星,2022,业务及管理费,91e001708c2b_中银三星2022年报.pdf,业务及管理费,,六、 财务报表附注(续)40. 业务及管理费,8,DETAIL,0,,营销培训费,营销培训费,,UNMAPPED,1.0,2.0,2021||ORIGINAL,2021.0,,False,2021,"16,670,148.39",16670148.39,16670148.39,元,元,94,,spatial_roi+column_anchors,||营销培训费
中银三星2022年报__业务及管理费__20260722T090304,中银三星,2022,业务及管理费,91e001708c2b_中银三星2022年报.pdf,业务及管理费,,六、 财务报表附注(续)40. 业务及管理费,9,DETAIL,0,,无形资产摊销,无形资产摊销,,UNMAPPED,0.0,1.0,2022||ORIGINAL,2022.0,,False,2022,"19,575,301.07",19575301.07,19575301.07,元,元,94,,spatial_roi+column_anchors,||无形资产摊销
中银三星2022年报__业务及管理费__20260722T090304,中银三星,2022,业务及管理费,91e001708c2b_中银三星2022年报.pdf,业务及管理费,,六、 财务报表附注(续)40. 业务及管理费,9,DETAIL,0,,无形资产摊销,无形资产摊销,,UNMAPPED,1.0,2.0,2021||ORIGINAL,2021.0,,False,2021,"14,609,593.72",14609593.72,14609593.72,元,元,94,,spatial_roi+column_anchors,||无形资产摊销
中银三星2022年报__业务及管理费__20260722T090304,中银三星,2022,业务及管理费,91e001708c2b_中银三星2022年报.pdf,业务及管理费,,六、 财务报表附注(续)40. 业务及管理费,10,DETAIL,0,,业务招待费,业务招待费,,UNMAPPED,0.0,1.0,2022||ORIGINAL,2022.0,,False,2022,"13,100,801.70",13100801.7,13100801.7,元,元,94,,spatial_roi+column_anchors,||业务招待费
中银三星2022年报__业务及管理费__20260722T090304,中银三星,2022,业务及管理费,91e001708c2b_中银三星2022年报.pdf,业务及管理费,,六、 财务报表附注(续)40. 业务及管理费,10,DETAIL,0,,业务招待费,业务招待费,,UNMAPPED,1.0,2.0,2021||ORIGINAL,2021.0,,False,2021,"11,147,563.40",11147563.4,11147563.4,元,元,94,,spatial_roi+column_anchors,||业务招待费
中银三星2022年报__业务及管理费__20260722T090304,中银三星,2022,业务及管理费,91e001708c2b_中银三星2022年报.pdf,业务及管理费,,六、 财务报表附注(续)40. 业务及管理费,11,DETAIL,0,,长期待摊费用摊销,长期待摊费用摊销,,UNMAPPED,0.0,1.0,2022||ORIGINAL,2022.0,,False,2022,"11,758,841.33",11758841.33,11758841.33,元,元,94,,spatial_roi+column_anchors,||长期待摊费用摊销
中银三星2022年报__业务及管理费__20260722T090304,中银三星,2022,业务及管理费,91e001708c2b_中银三星2022年报.pdf,业务及管理费,,六、 财务报表附注(续)40. 业务及管理费,11,DETAIL,0,,长期待摊费用摊销,长期待摊费用摊销,,UNMAPPED,1.0,2.0,2021||ORIGINAL,2021.0,,False,2021,"7,898,733.60",7898733.6,7898733.6,元,元,94,,spatial_roi+column_anchors,||长期待摊费用摊销
中银三星2022年报__业务及管理费__20260722T090304,中银三星,2022,业务及管理费,91e001708c2b_中银三星2022年报.pdf,业务及管理费,,六、 财务报表附注(续)40. 业务及管理费,12,DETAIL,0,,固定资产折旧费,固定资产折旧费,,UNMAPPED,0.0,1.0,2022||ORIGINAL,2022.0,,False,2022,"11,290,659.29",11290659.29,11290659.29,元,元,94,,spatial_roi+column_anchors,||固定资产折旧费
中银三星2022年报__业务及管理费__20260722T090304,中银三星,2022,业务及管理费,91e001708c2b_中银三星2022年报.pdf,业务及管理费,,六、 财务报表附注(续)40. 业务及管理费,12,DETAIL,0,,固定资产折旧费,固定资产折旧费,,UNMAPPED,1.0,2.0,2021||ORIGINAL,2021.0,,False,2021,"9,604,231.00",9604231.0,9604231.0,元,元,94,,spatial_roi+column_anchors,||固定资产折旧费
中银三星2022年报__业务及管理费__20260722T090304,中银三星,2022,业务及管理费,91e001708c2b_中银三星2022年报.pdf,业务及管理费,,六、 财务报表附注(续)40. 业务及管理费,13,DETAIL,0,,邮电费,邮电费,,UNMAPPED,0.0,1.0,2022||ORIGINAL,2022.0,,False,2022,"10,104,387.96",10104387.96,10104387.96,元,元,94,,spatial_roi+column_anchors,||邮电费
中银三星2022年报__业务及管理费__20260722T090304,中银三星,2022,业务及管理费,91e001708c2b_中银三星2022年报.pdf,业务及管理费,,六、 财务报表附注(续)40. 业务及管理费,13,DETAIL,0,,邮电费,邮电费,,UNMAPPED,1.0,2.0,2021||ORIGINAL,2021.0,,False,2021,"8,131,419.55",8131419.55,8131419.55,元,元,94,,spatial_roi+column_anchors,||邮电费
中银三星2022年报__业务及管理费__20260722T090304,中银三星,2022,业务及管理费,91e001708c2b_中银三星2022年报.pdf,业务及管理费,,六、 财务报表附注(续)40. 业务及管理费,14,DETAIL,0,,公杂费,公杂费,,UNMAPPED,0.0,1.0,2022||ORIGINAL,2022.0,,False,2022,"4,864,077.44",4864077.44,4864077.44,元,元,94,,spatial_roi+column_anchors,||公杂费
中银三星2022年报__业务及管理费__20260722T090304,中银三星,2022,业务及管理费,91e001708c2b_中银三星2022年报.pdf,业务及管理费,,六、 财务报表附注(续)40. 业务及管理费,14,DETAIL,0,,公杂费,公杂费,,UNMAPPED,1.0,2.0,2021||ORIGINAL,2021.0,,False,2021,"4,072,876.71",4072876.71,4072876.71,元,元,94,,spatial_roi+column_anchors,||公杂费
中银三星2022年报__业务及管理费__20260722T090304,中银三星,2022,业务及管理费,91e001708c2b_中银三星2022年报.pdf,业务及管理费,,六、 财务报表附注(续)40. 业务及管理费,15,DETAIL,0,,会议费,会议费,,UNMAPPED,0.0,1.0,2022||ORIGINAL,2022.0,,False,2022,"4,535,473.50",4535473.5,4535473.5,元,元,94,,spatial_roi+column_anchors,||会议费
中银三星2022年报__业务及管理费__20260722T090304,中银三星,2022,业务及管理费,91e001708c2b_中银三星2022年报.pdf,业务及管理费,,六、 财务报表附注(续)40. 业务及管理费,15,DETAIL,0,,会议费,会议费,,UNMAPPED,1.0,2.0,2021||ORIGINAL,2021.0,,False,2021,"3,641,588.81",3641588.81,3641588.81,元,元,94,,spatial_roi+column_anchors,||会议费
中银三星2022年报__业务及管理费__20260722T090304,中银三星,2022,业务及管理费,91e001708c2b_中银三星2022年报.pdf,业务及管理费,,六、 财务报表附注(续)40. 业务及管理费,16,DETAIL,0,,咨询费,咨询费,,UNMAPPED,0.0,1.0,2022||ORIGINAL,2022.0,,False,2022,"3,810,258.07",3810258.07,3810258.07,元,元,94,,spatial_roi+column_anchors,||咨询费
中银三星2022年报__业务及管理费__20260722T090304,中银三星,2022,业务及管理费,91e001708c2b_中银三星2022年报.pdf,业务及管理费,,六、 财务报表附注(续)40. 业务及管理费,16,DETAIL,0,,咨询费,咨询费,,UNMAPPED,1.0,2.0,2021||ORIGINAL,2021.0,,False,2021,"5,135,930.02",5135930.02,5135930.02,元,元,94,,spatial_roi+column_anchors,||咨询费
中银三星2022年报__业务及管理费__20260722T090304,中银三星,2022,业务及管理费,91e001708c2b_中银三星2022年报.pdf,业务及管理费,,六、 财务报表附注(续)40. 业务及管理费,17,DETAIL,0,,研究费用,研究费用,,UNMAPPED,0.0,1.0,2022||ORIGINAL,2022.0,,False,2022,"3,542,227.68",3542227.68,3542227.68,元,元,94,,spatial_roi+column_anchors,||研究费用
中银三星2022年报__业务及管理费__20260722T090304,中银三星,2022,业务及管理费,91e001708c2b_中银三星2022年报.pdf,业务及管理费,,六、 财务报表附注(续)40. 业务及管理费,17,DETAIL,0,,研究费用,研究费用,,UNMAPPED,1.0,2.0,2021||ORIGINAL,2021.0,,False,2021,"2,204,555.84",2204555.84,2204555.84,元,元,94,,spatial_roi+column_anchors,||研究费用
中银三星2022年报__业务及管理费__20260722T090304,中银三星,2022,业务及管理费,91e001708c2b_中银三星2022年报.pdf,业务及管理费,,六、 财务报表附注(续)40. 业务及管理费,18,DETAIL,0,,差旅费,差旅费,,UNMAPPED,0.0,1.0,2022||ORIGINAL,2022.0,,False,2022,"3,398,704.75",3398704.75,3398704.75,元,元,94,,spatial_roi+column_anchors,||差旅费
中银三星2022年报__业务及管理费__20260722T090304,中银三星,2022,业务及管理费,91e001708c2b_中银三星2022年报.pdf,业务及管理费,,六、 财务报表附注(续)40. 业务及管理费,18,DETAIL,0,,差旅费,差旅费,,UNMAPPED,1.0,2.0,2021||ORIGINAL,2021.0,,False,2021,"5,064,163.80",5064163.8,5064163.8,元,元,94,,spatial_roi+column_anchors,||差旅费
中银三星2022年报__业务及管理费__20260722T090304,中银三星,2022,业务及管理费,91e001708c2b_中银三星2022年报.pdf,业务及管理费,,六、 财务报表附注(续)40. 业务及管理费,19,DETAIL,0,,其他费用,其他费用,,UNMAPPED,0.0,1.0,2022||ORIGINAL,2022.0,,False,2022,"92,539,265.17",92539265.17,92539265.17,元,元,94,,spatial_roi+column_anchors,||其他费用
中银三星2022年报__业务及管理费__20260722T090304,中银三星,2022,业务及管理费,91e001708c2b_中银三星2022年报.pdf,业务及管理费,,六、 财务报表附注(续)40. 业务及管理费,19,DETAIL,0,,其他费用,其他费用,,UNMAPPED,1.0,2.0,2021||ORIGINAL,2021.0,,False,2021,"70,740,382.51",70740382.51,70740382.51,元,元,94,,spatial_roi+column_anchors,||其他费用
中银三星2022年报__业务及管理费__20260722T090304,中银三星,2022,业务及管理费,91e001708c2b_中银三星2022年报.pdf,业务及管理费,,六、 财务报表附注(续)40. 业务及管理费,20,TOTAL,0,,合计,合计,,UNMAPPED,0.0,1.0,2022||ORIGINAL,2022.0,,False,2022,"931,844,715.63",931844715.63,931844715.63,元,元,94,,spatial_roi+column_anchors,||合计
中银三星2022年报__业务及管理费__20260722T090304,中银三星,2022,业务及管理费,91e001708c2b_中银三星2022年报.pdf,业务及管理费,,六、 财务报表附注(续)40. 业务及管理费,20,TOTAL,0,,合计,合计,,UNMAPPED,1.0,2.0,2021||ORIGINAL,2021.0,,False,2021,"769,267,289.95",769267289.95,769267289.95,元,元,94,,spatial_roi+column_anchors,||合计
中银三星2023年报__业务及管理费__20260722T090301,中银三星,2023,业务及管理费,cb203ed177ce_中银三星2023年报.pdf,业务及管理费,,七、 财务报表附注(续)39. 业务及管理费,1,DETAIL,0,,职工工资及福利费,职工工资及福利费,,UNMAPPED,0.0,1.0,2023|本集团|ORIGINAL,2023.0,本集团,False,本集团及本公司 | 2023,"419,512,944.32",419512944.32,419512944.32,元,元,102,,spatial_roi+column_anchors,||职工工资及福利费
中银三星2023年报__业务及管理费__20260722T090301,中银三星,2023,业务及管理费,cb203ed177ce_中银三星2023年报.pdf,业务及管理费,,七、 财务报表附注(续)39. 业务及管理费,1,DETAIL,0,,职工工资及福利费,职工工资及福利费,,UNMAPPED,1.0,2.0,2022|本公司|ORIGINAL,2022.0,本公司,False,本公司 | 2022,"421,679,613.34",421679613.34,421679613.34,元,元,102,,spatial_roi+column_anchors,||职工工资及福利费
中银三星2023年报__业务及管理费__20260722T090301,中银三星,2023,业务及管理费,cb203ed177ce_中银三星2023年报.pdf,业务及管理费,,七、 财务报表附注(续)39. 业务及管理费,2,DETAIL,0,,保险保障基金(注),保险保障基金,,UNMAPPED,0.0,1.0,2023|本集团|ORIGINAL,2023.0,本集团,False,本集团及本公司 | 2023,"82,717,386.01",82717386.01,82717386.01,元,元,102,,spatial_roi+column_anchors,||保险保障基金
中银三星2023年报__业务及管理费__20260722T090301,中银三星,2023,业务及管理费,cb203ed177ce_中银三星2023年报.pdf,业务及管理费,,七、 财务报表附注(续)39. 业务及管理费,2,DETAIL,0,,保险保障基金(注),保险保障基金,,UNMAPPED,1.0,2.0,2022|本公司|ORIGINAL,2022.0,本公司,False,本公司 | 2022,"32,773,167.19",32773167.19,32773167.19,元,元,102,,spatial_roi+column_anchors,||保险保障基金
中银三星2023年报__业务及管理费__20260722T090301,中银三星,2023,业务及管理费,cb203ed177ce_中银三星2023年报.pdf,业务及管理费,,七、 财务报表附注(续)39. 业务及管理费,3,DETAIL,0,,社会统筹保险费,社会统筹保险费,,UNMAPPED,0.0,1.0,2023|本集团|ORIGINAL,2023.0,本集团,False,本集团及本公司 | 2023,"73,994,768.46",73994768.46,73994768.46,元,元,102,,spatial_roi+column_anchors,||社会统筹保险费
中银三星2023年报__业务及管理费__20260722T090301,中银三星,2023,业务及管理费,cb203ed177ce_中银三星2023年报.pdf,业务及管理费,,七、 财务报表附注(续)39. 业务及管理费,3,DETAIL,0,,社会统筹保险费,社会统筹保险费,,UNMAPPED,1.0,2.0,2022|本公司|ORIGINAL,2022.0,本公司,False,本公司 | 2022,"67,330,294.17",67330294.17,67330294.17,元,元,102,,spatial_roi+column_anchors,||社会统筹保险费
中银三星2023年报__业务及管理费__20260722T090301,中银三星,2023,业务及管理费,cb203ed177ce_中银三星2023年报.pdf,业务及管理费,,七、 财务报表附注(续)39. 业务及管理费,4,DETAIL,0,,使用权资产折旧费,使用权资产折旧费,,UNMAPPED,0.0,1.0,2023|本集团|ORIGINAL,2023.0,本集团,False,本集团及本公司 | 2023,"64,532,850.43",64532850.43,64532850.43,元,元,102,,spatial_roi+column_anchors,||使用权资产折旧费
中银三星2023年报__业务及管理费__20260722T090301,中银三星,2023,业务及管理费,cb203ed177ce_中银三星2023年报.pdf,业务及管理费,,七、 财务报表附注(续)39. 业务及管理费,4,DETAIL,0,,使用权资产折旧费,使用权资产折旧费,,UNMAPPED,1.0,2.0,2022|本公司|ORIGINAL,2022.0,本公司,False,本公司 | 2022,"67,853,129.62",67853129.62,67853129.62,元,元,102,,spatial_roi+column_anchors,||使用权资产折旧费
中银三星2023年报__业务及管理费__20260722T090301,中银三星,2023,业务及管理费,cb203ed177ce_中银三星2023年报.pdf,业务及管理费,,七、 财务报表附注(续)39. 业务及管理费,5,DETAIL,0,,专业外包服务费,专业外包服务费,,UNMAPPED,0.0,1.0,2023|本集团|ORIGINAL,2023.0,本集团,False,本集团及本公司 | 2023,"38,173,944.02",38173944.02,38173944.02,元,元,102,,spatial_roi+column_anchors,||专业外包服务费
中银三星2023年报__业务及管理费__20260722T090301,中银三星,2023,业务及管理费,cb203ed177ce_中银三星2023年报.pdf,业务及管理费,,七、 财务报表附注(续)39. 业务及管理费,5,DETAIL,0,,专业外包服务费,专业外包服务费,,UNMAPPED,1.0,2.0,2022|本公司|ORIGINAL,2022.0,本公司,False,本公司 | 2022,"41,116,618.32",41116618.32,41116618.32,元,元,102,,spatial_roi+column_anchors,||专业外包服务费
中银三星2023年报__业务及管理费__20260722T090301,中银三星,2023,业务及管理费,cb203ed177ce_中银三星2023年报.pdf,业务及管理费,,七、 财务报表附注(续)39. 业务及管理费,6,DETAIL,0,,电子设备运转费,电子设备运转费,,UNMAPPED,0.0,1.0,2023|本集团|ORIGINAL,2023.0,本集团,False,本集团及本公司 | 2023,"34,906,757.34",34906757.34,34906757.34,元,元,102,,spatial_roi+column_anchors,||电子设备运转费
中银三星2023年报__业务及管理费__20260722T090301,中银三星,2023,业务及管理费,cb203ed177ce_中银三星2023年报.pdf,业务及管理费,,七、 财务报表附注(续)39. 业务及管理费,6,DETAIL,0,,电子设备运转费,电子设备运转费,,UNMAPPED,1.0,2.0,2022|本公司|ORIGINAL,2022.0,本公司,False,本公司 | 2022,"41,063,741.08",41063741.08,41063741.08,元,元,102,,spatial_roi+column_anchors,||电子设备运转费
中银三星2023年报__业务及管理费__20260722T090301,中银三星,2023,业务及管理费,cb203ed177ce_中银三星2023年报.pdf,业务及管理费,,七、 财务报表附注(续)39. 业务及管理费,7,DETAIL,0,,营销培训费,营销培训费,,UNMAPPED,0.0,1.0,2023|本集团|ORIGINAL,2023.0,本集团,False,本集团及本公司 | 2023,"34,710,649.94",34710649.94,34710649.94,元,元,102,,spatial_roi+column_anchors,||营销培训费
中银三星2023年报__业务及管理费__20260722T090301,中银三星,2023,业务及管理费,cb203ed177ce_中银三星2023年报.pdf,业务及管理费,,七、 财务报表附注(续)39. 业务及管理费,7,DETAIL,0,,营销培训费,营销培训费,,UNMAPPED,1.0,2.0,2022|本公司|ORIGINAL,2022.0,本公司,False,本公司 | 2022,"20,641,852.75",20641852.75,20641852.75,元,元,102,,spatial_roi+column_anchors,||营销培训费
中银三星2023年报__业务及管理费__20260722T090301,中银三星,2023,业务及管理费,cb203ed177ce_中银三星2023年报.pdf,业务及管理费,,七、 财务报表附注(续)39. 业务及管理费,8,DETAIL,0,,租赁费,租赁费,,UNMAPPED,0.0,1.0,2023|本集团|ORIGINAL,2023.0,本集团,False,本集团及本公司 | 2023,"34,335,921.90",34335921.9,34335921.9,元,元,102,,spatial_roi+column_anchors,||租赁费
中银三星2023年报__业务及管理费__20260722T090301,中银三星,2023,业务及管理费,cb203ed177ce_中银三星2023年报.pdf,业务及管理费,,七、 财务报表附注(续)39. 业务及管理费,8,DETAIL,0,,租赁费,租赁费,,UNMAPPED,1.0,2.0,2022|本公司|ORIGINAL,2022.0,本公司,False,本公司 | 2022,"38,577,517.66",38577517.66,38577517.66,元,元,102,,spatial_roi+column_anchors,||租赁费
中银三星2023年报__业务及管理费__20260722T090301,中银三星,2023,业务及管理费,cb203ed177ce_中银三星2023年报.pdf,业务及管理费,,七、 财务报表附注(续)39. 业务及管理费,9,DETAIL,0,,无形资产摊销,无形资产摊销,,UNMAPPED,0.0,1.0,2023|本集团|ORIGINAL,2023.0,本集团,False,本集团及本公司 | 2023,"26,016,594.70",26016594.7,26016594.7,元,元,102,,spatial_roi+column_anchors,||无形资产摊销
中银三星2023年报__业务及管理费__20260722T090301,中银三星,2023,业务及管理费,cb203ed177ce_中银三星2023年报.pdf,业务及管理费,,七、 财务报表附注(续)39. 业务及管理费,9,DETAIL,0,,无形资产摊销,无形资产摊销,,UNMAPPED,1.0,2.0,2022|本公司|ORIGINAL,2022.0,本公司,False,本公司 | 2022,"19,575,301.07",19575301.07,19575301.07,元,元,102,,spatial_roi+column_anchors,||无形资产摊销
中银三星2023年报__业务及管理费__20260722T090301,中银三星,2023,业务及管理费,cb203ed177ce_中银三星2023年报.pdf,业务及管理费,,七、 财务报表附注(续)39. 业务及管理费,10,DETAIL,0,,宣传费,宣传费,,UNMAPPED,0.0,1.0,2023|本集团|ORIGINAL,2023.0,本集团,False,本集团及本公司 | 2023,"24,592,403.77",24592403.77,24592403.77,元,元,102,,spatial_roi+column_anchors,||宣传费
中银三星2023年报__业务及管理费__20260722T090301,中银三星,2023,业务及管理费,cb203ed177ce_中银三星2023年报.pdf,业务及管理费,,七、 财务报表附注(续)39. 业务及管理费,10,DETAIL,0,,宣传费,宣传费,,UNMAPPED,1.0,2.0,2022|本公司|ORIGINAL,2022.0,本公司,False,本公司 | 2022,"22,288,783.54",22288783.54,22288783.54,元,元,102,,spatial_roi+column_anchors,||宣传费
中银三星2023年报__业务及管理费__20260722T090301,中银三星,2023,业务及管理费,cb203ed177ce_中银三星2023年报.pdf,业务及管理费,,七、 财务报表附注(续)39. 业务及管理费,11,DETAIL,0,,长期待摊费用摊销,长期待摊费用摊销,,UNMAPPED,0.0,1.0,2023|本集团|ORIGINAL,2023.0,本集团,False,本集团及本公司 | 2023,"15,117,997.14",15117997.14,15117997.14,元,元,102,,spatial_roi+column_anchors,||长期待摊费用摊销
中银三星2023年报__业务及管理费__20260722T090301,中银三星,2023,业务及管理费,cb203ed177ce_中银三星2023年报.pdf,业务及管理费,,七、 财务报表附注(续)39. 业务及管理费,11,DETAIL,0,,长期待摊费用摊销,长期待摊费用摊销,,UNMAPPED,1.0,2.0,2022|本公司|ORIGINAL,2022.0,本公司,False,本公司 | 2022,"11,758,841.33",11758841.33,11758841.33,元,元,102,,spatial_roi+column_anchors,||长期待摊费用摊销
中银三星2023年报__业务及管理费__20260722T090301,中银三星,2023,业务及管理费,cb203ed177ce_中银三星2023年报.pdf,业务及管理费,,七、 财务报表附注(续)39. 业务及管理费,12,DETAIL,0,,固定资产折旧费,固定资产折旧费,,UNMAPPED,0.0,1.0,2023|本集团|ORIGINAL,2023.0,本集团,False,本集团及本公司 | 2023,"14,858,412.44",14858412.44,14858412.44,元,元,102,,spatial_roi+column_anchors,||固定资产折旧费
中银三星2023年报__业务及管理费__20260722T090301,中银三星,2023,业务及管理费,cb203ed177ce_中银三星2023年报.pdf,业务及管理费,,七、 财务报表附注(续)39. 业务及管理费,12,DETAIL,0,,固定资产折旧费,固定资产折旧费,,UNMAPPED,1.0,2.0,2022|本公司|ORIGINAL,2022.0,本公司,False,本公司 | 2022,"11,290,659.29",11290659.29,11290659.29,元,元,102,,spatial_roi+column_anchors,||固定资产折旧费
中银三星2023年报__业务及管理费__20260722T090301,中银三星,2023,业务及管理费,cb203ed177ce_中银三星2023年报.pdf,业务及管理费,,七、 财务报表附注(续)39. 业务及管理费,13,DETAIL,0,,业务招待费,业务招待费,,UNMAPPED,0.0,1.0,2023|本集团|ORIGINAL,2023.0,本集团,False,本集团及本公司 | 2023,"12,891,076.05",12891076.05,12891076.05,元,元,102,,spatial_roi+column_anchors,||业务招待费
中银三星2023年报__业务及管理费__20260722T090301,中银三星,2023,业务及管理费,cb203ed177ce_中银三星2023年报.pdf,业务及管理费,,七、 财务报表附注(续)39. 业务及管理费,13,DETAIL,0,,业务招待费,业务招待费,,UNMAPPED,1.0,2.0,2022|本公司|ORIGINAL,2022.0,本公司,False,本公司 | 2022,"13,100,801.70",13100801.7,13100801.7,元,元,102,,spatial_roi+column_anchors,||业务招待费
中银三星2023年报__业务及管理费__20260722T090301,中银三星,2023,业务及管理费,cb203ed177ce_中银三星2023年报.pdf,业务及管理费,,七、 财务报表附注(续)39. 业务及管理费,14,DETAIL,0,,邮电费,邮电费,,UNMAPPED,0.0,1.0,2023|本集团|ORIGINAL,2023.0,本集团,False,本集团及本公司 | 2023,"11,239,583.90",11239583.9,11239583.9,元,元,102,,spatial_roi+column_anchors,||邮电费
中银三星2023年报__业务及管理费__20260722T090301,中银三星,2023,业务及管理费,cb203ed177ce_中银三星2023年报.pdf,业务及管理费,,七、 财务报表附注(续)39. 业务及管理费,14,DETAIL,0,,邮电费,邮电费,,UNMAPPED,1.0,2.0,2022|本公司|ORIGINAL,2022.0,本公司,False,本公司 | 2022,"10,104,387.96",10104387.96,10104387.96,元,元,102,,spatial_roi+column_anchors,||邮电费
中银三星2023年报__业务及管理费__20260722T090301,中银三星,2023,业务及管理费,cb203ed177ce_中银三星2023年报.pdf,业务及管理费,,七、 财务报表附注(续)39. 业务及管理费,15,DETAIL,0,,研究费用,研究费用,,UNMAPPED,0.0,1.0,2023|本集团|ORIGINAL,2023.0,本集团,False,本集团及本公司 | 2023,"10,417,714.24",10417714.24,10417714.24,元,元,102,,spatial_roi+column_anchors,||研究费用
中银三星2023年报__业务及管理费__20260722T090301,中银三星,2023,业务及管理费,cb203ed177ce_中银三星2023年报.pdf,业务及管理费,,七、 财务报表附注(续)39. 业务及管理费,15,DETAIL,0,,研究费用,研究费用,,UNMAPPED,1.0,2.0,2022|本公司|ORIGINAL,2022.0,本公司,False,本公司 | 2022,"3,542,227.68",3542227.68,3542227.68,元,元,102,,spatial_roi+column_anchors,||研究费用
中银三星2023年报__业务及管理费__20260722T090301,中银三星,2023,业务及管理费,cb203ed177ce_中银三星2023年报.pdf,业务及管理费,,七、 财务报表附注(续)39. 业务及管理费,16,DETAIL,0,,差旅费,差旅费,,UNMAPPED,0.0,1.0,2023|本集团|ORIGINAL,2023.0,本集团,False,本集团及本公司 | 2023,"9,205,112.12",9205112.12,9205112.12,元,元,102,,spatial_roi+column_anchors,||差旅费
中银三星2023年报__业务及管理费__20260722T090301,中银三星,2023,业务及管理费,cb203ed177ce_中银三星2023年报.pdf,业务及管理费,,七、 财务报表附注(续)39. 业务及管理费,16,DETAIL,0,,差旅费,差旅费,,UNMAPPED,1.0,2.0,2022|本公司|ORIGINAL,2022.0,本公司,False,本公司 | 2022,"3,398,704.75",3398704.75,3398704.75,元,元,102,,spatial_roi+column_anchors,||差旅费
中银三星2023年报__业务及管理费__20260722T090301,中银三星,2023,业务及管理费,cb203ed177ce_中银三星2023年报.pdf,业务及管理费,,七、 财务报表附注(续)39. 业务及管理费,17,DETAIL,0,,会议费,会议费,,UNMAPPED,0.0,1.0,2023|本集团|ORIGINAL,2023.0,本集团,False,本集团及本公司 | 2023,"5,964,049.45",5964049.45,5964049.45,元,元,102,,spatial_roi+column_anchors,||会议费
中银三星2023年报__业务及管理费__20260722T090301,中银三星,2023,业务及管理费,cb203ed177ce_中银三星2023年报.pdf,业务及管理费,,七、 财务报表附注(续)39. 业务及管理费,17,DETAIL,0,,会议费,会议费,,UNMAPPED,1.0,2.0,2022|本公司|ORIGINAL,2022.0,本公司,False,本公司 | 2022,"4,535,473.50",4535473.5,4535473.5,元,元,102,,spatial_roi+column_anchors,||会议费
中银三星2023年报__业务及管理费__20260722T090301,中银三星,2023,业务及管理费,cb203ed177ce_中银三星2023年报.pdf,业务及管理费,,七、 财务报表附注(续)39. 业务及管理费,18,DETAIL,0,,公杂费,公杂费,,UNMAPPED,0.0,1.0,2023|本集团|ORIGINAL,2023.0,本集团,False,本集团及本公司 | 2023,"4,306,634.16",4306634.16,4306634.16,元,元,102,,spatial_roi+column_anchors,||公杂费
中银三星2023年报__业务及管理费__20260722T090301,中银三星,2023,业务及管理费,cb203ed177ce_中银三星2023年报.pdf,业务及管理费,,七、 财务报表附注(续)39. 业务及管理费,18,DETAIL,0,,公杂费,公杂费,,UNMAPPED,1.0,2.0,2022|本公司|ORIGINAL,2022.0,本公司,False,本公司 | 2022,"4,864,077.44",4864077.44,4864077.44,元,元,102,,spatial_roi+column_anchors,||公杂费
中银三星2023年报__业务及管理费__20260722T090301,中银三星,2023,业务及管理费,cb203ed177ce_中银三星2023年报.pdf,业务及管理费,,七、 财务报表附注(续)39. 业务及管理费,19,DETAIL,0,,咨询费,咨询费,,UNMAPPED,0.0,1.0,2023|本集团|ORIGINAL,2023.0,本集团,False,本集团及本公司 | 2023,"3,504,346.81",3504346.81,3504346.81,元,元,102,,spatial_roi+column_anchors,||咨询费
中银三星2023年报__业务及管理费__20260722T090301,中银三星,2023,业务及管理费,cb203ed177ce_中银三星2023年报.pdf,业务及管理费,,七、 财务报表附注(续)39. 业务及管理费,19,DETAIL,0,,咨询费,咨询费,,UNMAPPED,1.0,2.0,2022|本公司|ORIGINAL,2022.0,本公司,False,本公司 | 2022,"3,810,258.07",3810258.07,3810258.07,元,元,102,,spatial_roi+column_anchors,||咨询费
中银三星2023年报__业务及管理费__20260722T090301,中银三星,2023,业务及管理费,cb203ed177ce_中银三星2023年报.pdf,业务及管理费,,七、 财务报表附注(续)39. 业务及管理费,20,DETAIL,0,,其他费用,其他费用,,UNMAPPED,0.0,1.0,2023|本集团|ORIGINAL,2023.0,本集团,False,本集团及本公司 | 2023,"91,716,513.07",91716513.07,91716513.07,元,元,102,,spatial_roi+column_anchors,||其他费用
中银三星2023年报__业务及管理费__20260722T090301,中银三星,2023,业务及管理费,cb203ed177ce_中银三星2023年报.pdf,业务及管理费,,七、 财务报表附注(续)39. 业务及管理费,20,DETAIL,0,,其他费用,其他费用,,UNMAPPED,1.0,2.0,2022|本公司|ORIGINAL,2022.0,本公司,False,本公司 | 2022,"92,539,265.17",92539265.17,92539265.17,元,元,102,,spatial_roi+column_anchors,||其他费用
中银三星2023年报__业务及管理费__20260722T090301,中银三星,2023,业务及管理费,cb203ed177ce_中银三星2023年报.pdf,业务及管理费,,七、 财务报表附注(续)39. 业务及管理费,21,TOTAL,0,,合计,合计,,UNMAPPED,0.0,1.0,2023|本集团|ORIGINAL,2023.0,本集团,False,本集团及本公司 | 2023,"1,012,715,660.27",1012715660.27,1012715660.27,元,元,102,,spatial_roi+column_anchors,||合计
中银三星2023年报__业务及管理费__20260722T090301,中银三星,2023,业务及管理费,cb203ed177ce_中银三星2023年报.pdf,业务及管理费,,七、 财务报表附注(续)39. 业务及管理费,21,TOTAL,0,,合计,合计,,UNMAPPED,1.0,2.0,2022|本公司|ORIGINAL,2022.0,本公司,False,本公司 | 2022,"931,844,715.63",931844715.63,931844715.63,元,元,102,,spatial_roi+column_anchors,||合计
中银三星2024年报__43_业务及管理费__20260722T090819,中银三星,2024,业务及管理费,d5b6dbbe98d6_中银三星2024年报.pdf,业务及管理费,43.0,43. 业务及管理费,1,DETAIL,0,,职工工资及福利费,职工工资及福利费,,UNMAPPED,0.0,1.0,2024|本集团|ORIGINAL,2024.0,本集团,False,本集团及本公司 | 2024,"436,431,450.93",436431450.93,436431450.93,元,元,137,,spatial_roi+column_anchors,||职工工资及福利费
中银三星2024年报__43_业务及管理费__20260722T090819,中银三星,2024,业务及管理费,d5b6dbbe98d6_中银三星2024年报.pdf,业务及管理费,43.0,43. 业务及管理费,1,DETAIL,0,,职工工资及福利费,职工工资及福利费,,UNMAPPED,1.0,2.0,2023|本集团|ORIGINAL,2023.0,本集团,False,本集团及本公司 | 2023,"419,512,944.32",419512944.32,419512944.32,元,元,137,,spatial_roi+column_anchors,||职工工资及福利费
中银三星2024年报__43_业务及管理费__20260722T090819,中银三星,2024,业务及管理费,d5b6dbbe98d6_中银三星2024年报.pdf,业务及管理费,43.0,43. 业务及管理费,2,DETAIL,0,,保险保障基金(注),保险保障基金,,UNMAPPED,0.0,1.0,2024|本集团|ORIGINAL,2024.0,本集团,False,本集团及本公司 | 2024,"92,425,918.33",92425918.33,92425918.33,元,元,137,,spatial_roi+column_anchors,||保险保障基金
中银三星2024年报__43_业务及管理费__20260722T090819,中银三星,2024,业务及管理费,d5b6dbbe98d6_中银三星2024年报.pdf,业务及管理费,43.0,43. 业务及管理费,2,DETAIL,0,,保险保障基金(注),保险保障基金,,UNMAPPED,1.0,2.0,2023|本集团|ORIGINAL,2023.0,本集团,False,本集团及本公司 | 2023,"82,717,386.01",82717386.01,82717386.01,元,元,137,,spatial_roi+column_anchors,||保险保障基金
中银三星2024年报__43_业务及管理费__20260722T090819,中银三星,2024,业务及管理费,d5b6dbbe98d6_中银三星2024年报.pdf,业务及管理费,43.0,43. 业务及管理费,3,DETAIL,0,,社会统筹保险费,社会统筹保险费,,UNMAPPED,0.0,1.0,2024|本集团|ORIGINAL,2024.0,本集团,False,本集团及本公司 | 2024,"78,392,576.95",78392576.95,78392576.95,元,元,137,,spatial_roi+column_anchors,||社会统筹保险费
中银三星2024年报__43_业务及管理费__20260722T090819,中银三星,2024,业务及管理费,d5b6dbbe98d6_中银三星2024年报.pdf,业务及管理费,43.0,43. 业务及管理费,3,DETAIL,0,,社会统筹保险费,社会统筹保险费,,UNMAPPED,1.0,2.0,2023|本集团|ORIGINAL,2023.0,本集团,False,本集团及本公司 | 2023,"73,994,768.46",73994768.46,73994768.46,元,元,137,,spatial_roi+column_anchors,||社会统筹保险费
中银三星2024年报__43_业务及管理费__20260722T090819,中银三星,2024,业务及管理费,d5b6dbbe98d6_中银三星2024年报.pdf,业务及管理费,43.0,43. 业务及管理费,4,DETAIL,0,,营销培训费,营销培训费,,UNMAPPED,0.0,1.0,2024|本集团|ORIGINAL,2024.0,本集团,False,本集团及本公司 | 2024,"78,331,657.09",78331657.09,78331657.09,元,元,137,,spatial_roi+column_anchors,||营销培训费
中银三星2024年报__43_业务及管理费__20260722T090819,中银三星,2024,业务及管理费,d5b6dbbe98d6_中银三星2024年报.pdf,业务及管理费,43.0,43. 业务及管理费,4,DETAIL,0,,营销培训费,营销培训费,,UNMAPPED,1.0,2.0,2023|本集团|ORIGINAL,2023.0,本集团,False,本集团及本公司 | 2023,"34,710,649.94",34710649.94,34710649.94,元,元,137,,spatial_roi+column_anchors,||营销培训费
中银三星2024年报__43_业务及管理费__20260722T090819,中银三星,2024,业务及管理费,d5b6dbbe98d6_中银三星2024年报.pdf,业务及管理费,43.0,43. 业务及管理费,5,DETAIL,0,,宣传费,宣传费,,UNMAPPED,0.0,1.0,2024|本集团|ORIGINAL,2024.0,本集团,False,本集团及本公司 | 2024,"61,250,365.68",61250365.68,61250365.68,元,元,137,,spatial_roi+column_anchors,||宣传费
中银三星2024年报__43_业务及管理费__20260722T090819,中银三星,2024,业务及管理费,d5b6dbbe98d6_中银三星2024年报.pdf,业务及管理费,43.0,43. 业务及管理费,5,DETAIL,0,,宣传费,宣传费,,UNMAPPED,1.0,2.0,2023|本集团|ORIGINAL,2023.0,本集团,False,本集团及本公司 | 2023,"24,592,403.77",24592403.77,24592403.77,元,元,137,,spatial_roi+column_anchors,||宣传费
中银三星2024年报__43_业务及管理费__20260722T090819,中银三星,2024,业务及管理费,d5b6dbbe98d6_中银三星2024年报.pdf,业务及管理费,43.0,43. 业务及管理费,6,DETAIL,0,,使用权资产折旧费,使用权资产折旧费,,UNMAPPED,0.0,1.0,2024|本集团|ORIGINAL,2024.0,本集团,False,本集团及本公司 | 2024,"58,405,985.40",58405985.4,58405985.4,元,元,137,,spatial_roi+column_anchors,||使用权资产折旧费
中银三星2024年报__43_业务及管理费__20260722T090819,中银三星,2024,业务及管理费,d5b6dbbe98d6_中银三星2024年报.pdf,业务及管理费,43.0,43. 业务及管理费,6,DETAIL,0,,使用权资产折旧费,使用权资产折旧费,,UNMAPPED,1.0,2.0,2023|本集团|ORIGINAL,2023.0,本集团,False,本集团及本公司 | 2023,"64,532,850.43",64532850.43,64532850.43,元,元,137,,spatial_roi+column_anchors,||使用权资产折旧费
中银三星2024年报__43_业务及管理费__20260722T090819,中银三星,2024,业务及管理费,d5b6dbbe98d6_中银三星2024年报.pdf,业务及管理费,43.0,43. 业务及管理费,7,DETAIL,0,,租赁费,租赁费,,UNMAPPED,0.0,1.0,2024|本集团|ORIGINAL,2024.0,本集团,False,本集团及本公司 | 2024,"34,719,568.93",34719568.93,34719568.93,元,元,137,,spatial_roi+column_anchors,||租赁费
中银三星2024年报__43_业务及管理费__20260722T090819,中银三星,2024,业务及管理费,d5b6dbbe98d6_中银三星2024年报.pdf,业务及管理费,43.0,43. 业务及管理费,7,DETAIL,0,,租赁费,租赁费,,UNMAPPED,1.0,2.0,2023|本集团|ORIGINAL,2023.0,本集团,False,本集团及本公司 | 2023,"34,335,921.90",34335921.9,34335921.9,元,元,137,,spatial_roi+column_anchors,||租赁费
中银三星2024年报__43_业务及管理费__20260722T090819,中银三星,2024,业务及管理费,d5b6dbbe98d6_中银三星2024年报.pdf,业务及管理费,43.0,43. 业务及管理费,8,DETAIL,0,,电子设备运转费,电子设备运转费,,UNMAPPED,0.0,1.0,2024|本集团|ORIGINAL,2024.0,本集团,False,本集团及本公司 | 2024,"31,117,265.47",31117265.47,31117265.47,元,元,137,,spatial_roi+column_anchors,||电子设备运转费
中银三星2024年报__43_业务及管理费__20260722T090819,中银三星,2024,业务及管理费,d5b6dbbe98d6_中银三星2024年报.pdf,业务及管理费,43.0,43. 业务及管理费,8,DETAIL,0,,电子设备运转费,电子设备运转费,,UNMAPPED,1.0,2.0,2023|本集团|ORIGINAL,2023.0,本集团,False,本集团及本公司 | 2023,"34,906,757.34",34906757.34,34906757.34,元,元,137,,spatial_roi+column_anchors,||电子设备运转费
中银三星2024年报__43_业务及管理费__20260722T090819,中银三星,2024,业务及管理费,d5b6dbbe98d6_中银三星2024年报.pdf,业务及管理费,43.0,43. 业务及管理费,9,DETAIL,0,,研究费用,研究费用,,UNMAPPED,0.0,1.0,2024|本集团|ORIGINAL,2024.0,本集团,False,本集团及本公司 | 2024,"29,046,956.67",29046956.67,29046956.67,元,元,137,,spatial_roi+column_anchors,||研究费用
中银三星2024年报__43_业务及管理费__20260722T090819,中银三星,2024,业务及管理费,d5b6dbbe98d6_中银三星2024年报.pdf,业务及管理费,43.0,43. 业务及管理费,9,DETAIL,0,,研究费用,研究费用,,UNMAPPED,1.0,2.0,2023|本集团|ORIGINAL,2023.0,本集团,False,本集团及本公司 | 2023,"10,417,714.24",10417714.24,10417714.24,元,元,137,,spatial_roi+column_anchors,||研究费用
中银三星2024年报__43_业务及管理费__20260722T090819,中银三星,2024,业务及管理费,d5b6dbbe98d6_中银三星2024年报.pdf,业务及管理费,43.0,43. 业务及管理费,10,DETAIL,0,,无形资产摊销,无形资产摊销,,UNMAPPED,0.0,1.0,2024|本集团|ORIGINAL,2024.0,本集团,False,本集团及本公司 | 2024,"26,587,466.27",26587466.27,26587466.27,元,元,137,,spatial_roi+column_anchors,||无形资产摊销
中银三星2024年报__43_业务及管理费__20260722T090819,中银三星,2024,业务及管理费,d5b6dbbe98d6_中银三星2024年报.pdf,业务及管理费,43.0,43. 业务及管理费,10,DETAIL,0,,无形资产摊销,无形资产摊销,,UNMAPPED,1.0,2.0,2023|本集团|ORIGINAL,2023.0,本集团,False,本集团及本公司 | 2023,"26,016,594.70",26016594.7,26016594.7,元,元,137,,spatial_roi+column_anchors,||无形资产摊销
中银三星2024年报__43_业务及管理费__20260722T090819,中银三星,2024,业务及管理费,d5b6dbbe98d6_中银三星2024年报.pdf,业务及管理费,43.0,43. 业务及管理费,11,DETAIL,0,,业务招待费,业务招待费,,UNMAPPED,0.0,1.0,2024|本集团|ORIGINAL,2024.0,本集团,False,本集团及本公司 | 2024,"16,554,321.39",16554321.39,16554321.39,元,元,137,,spatial_roi+column_anchors,||业务招待费
中银三星2024年报__43_业务及管理费__20260722T090819,中银三星,2024,业务及管理费,d5b6dbbe98d6_中银三星2024年报.pdf,业务及管理费,43.0,43. 业务及管理费,11,DETAIL,0,,业务招待费,业务招待费,,UNMAPPED,1.0,2.0,2023|本集团|ORIGINAL,2023.0,本集团,False,本集团及本公司 | 2023,"12,891,076.05",12891076.05,12891076.05,元,元,137,,spatial_roi+column_anchors,||业务招待费
中银三星2024年报__43_业务及管理费__20260722T090819,中银三星,2024,业务及管理费,d5b6dbbe98d6_中银三星2024年报.pdf,业务及管理费,43.0,43. 业务及管理费,12,DETAIL,0,,固定资产折旧费,固定资产折旧费,,UNMAPPED,0.0,1.0,2024|本集团|ORIGINAL,2024.0,本集团,False,本集团及本公司 | 2024,"16,001,821.05",16001821.05,16001821.05,元,元,137,,spatial_roi+column_anchors,||固定资产折旧费
中银三星2024年报__43_业务及管理费__20260722T090819,中银三星,2024,业务及管理费,d5b6dbbe98d6_中银三星2024年报.pdf,业务及管理费,43.0,43. 业务及管理费,12,DETAIL,0,,固定资产折旧费,固定资产折旧费,,UNMAPPED,1.0,2.0,2023|本集团|ORIGINAL,2023.0,本集团,False,本集团及本公司 | 2023,"14,858,412.44",14858412.44,14858412.44,元,元,137,,spatial_roi+column_anchors,||固定资产折旧费
中银三星2024年报__43_业务及管理费__20260722T090819,中银三星,2024,业务及管理费,d5b6dbbe98d6_中银三星2024年报.pdf,业务及管理费,43.0,43. 业务及管理费,13,DETAIL,0,,专业外包服务费,专业外包服务费,,UNMAPPED,0.0,1.0,2024|本集团|ORIGINAL,2024.0,本集团,False,本集团及本公司 | 2024,"14,102,256.18",14102256.18,14102256.18,元,元,137,,spatial_roi+column_anchors,||专业外包服务费
中银三星2024年报__43_业务及管理费__20260722T090819,中银三星,2024,业务及管理费,d5b6dbbe98d6_中银三星2024年报.pdf,业务及管理费,43.0,43. 业务及管理费,13,DETAIL,0,,专业外包服务费,专业外包服务费,,UNMAPPED,1.0,2.0,2023|本集团|ORIGINAL,2023.0,本集团,False,本集团及本公司 | 2023,"38,173,944.02",38173944.02,38173944.02,元,元,137,,spatial_roi+column_anchors,||专业外包服务费
中银三星2024年报__43_业务及管理费__20260722T090819,中银三星,2024,业务及管理费,d5b6dbbe98d6_中银三星2024年报.pdf,业务及管理费,43.0,43. 业务及管理费,14,DETAIL,0,,差旅费,差旅费,,UNMAPPED,0.0,1.0,2024|本集团|ORIGINAL,2024.0,本集团,False,本集团及本公司 | 2024,"13,083,127.89",13083127.89,13083127.89,元,元,137,,spatial_roi+column_anchors,||差旅费
中银三星2024年报__43_业务及管理费__20260722T090819,中银三星,2024,业务及管理费,d5b6dbbe98d6_中银三星2024年报.pdf,业务及管理费,43.0,43. 业务及管理费,14,DETAIL,0,,差旅费,差旅费,,UNMAPPED,1.0,2.0,2023|本集团|ORIGINAL,2023.0,本集团,False,本集团及本公司 | 2023,"9,205,112.12",9205112.12,9205112.12,元,元,137,,spatial_roi+column_anchors,||差旅费
中银三星2024年报__43_业务及管理费__20260722T090819,中银三星,2024,业务及管理费,d5b6dbbe98d6_中银三星2024年报.pdf,业务及管理费,43.0,43. 业务及管理费,15,DETAIL,0,,长期待摊费用摊销,长期待摊费用摊销,,UNMAPPED,0.0,1.0,2024|本集团|ORIGINAL,2024.0,本集团,False,本集团及本公司 | 2024,"12,290,583.05",12290583.05,12290583.05,元,元,137,,spatial_roi+column_anchors,||长期待摊费用摊销
中银三星2024年报__43_业务及管理费__20260722T090819,中银三星,2024,业务及管理费,d5b6dbbe98d6_中银三星2024年报.pdf,业务及管理费,43.0,43. 业务及管理费,15,DETAIL,0,,长期待摊费用摊销,长期待摊费用摊销,,UNMAPPED,1.0,2.0,2023|本集团|ORIGINAL,2023.0,本集团,False,本集团及本公司 | 2023,"15,117,997.14",15117997.14,15117997.14,元,元,137,,spatial_roi+column_anchors,||长期待摊费用摊销
中银三星2024年报__43_业务及管理费__20260722T090819,中银三星,2024,业务及管理费,d5b6dbbe98d6_中银三星2024年报.pdf,业务及管理费,43.0,43. 业务及管理费,16,DETAIL,0,,邮电费,邮电费,,UNMAPPED,0.0,1.0,2024|本集团|ORIGINAL,2024.0,本集团,False,本集团及本公司 | 2024,"12,270,314.61",12270314.61,12270314.61,元,元,137,,spatial_roi+column_anchors,||邮电费
中银三星2024年报__43_业务及管理费__20260722T090819,中银三星,2024,业务及管理费,d5b6dbbe98d6_中银三星2024年报.pdf,业务及管理费,43.0,43. 业务及管理费,16,DETAIL,0,,邮电费,邮电费,,UNMAPPED,1.0,2.0,2023|本集团|ORIGINAL,2023.0,本集团,False,本集团及本公司 | 2023,"11,239,583.90",11239583.9,11239583.9,元,元,137,,spatial_roi+column_anchors,||邮电费
中银三星2024年报__43_业务及管理费__20260722T090819,中银三星,2024,业务及管理费,d5b6dbbe98d6_中银三星2024年报.pdf,业务及管理费,43.0,43. 业务及管理费,17,DETAIL,0,,会议费,会议费,,UNMAPPED,0.0,1.0,2024|本集团|ORIGINAL,2024.0,本集团,False,本集团及本公司 | 2024,"10,972,890.68",10972890.68,10972890.68,元,元,137,,spatial_roi+column_anchors,||会议费
中银三星2024年报__43_业务及管理费__20260722T090819,中银三星,2024,业务及管理费,d5b6dbbe98d6_中银三星2024年报.pdf,业务及管理费,43.0,43. 业务及管理费,17,DETAIL,0,,会议费,会议费,,UNMAPPED,1.0,2.0,2023|本集团|ORIGINAL,2023.0,本集团,False,本集团及本公司 | 2023,"5,964,049.45",5964049.45,5964049.45,元,元,137,,spatial_roi+column_anchors,||会议费
中银三星2024年报__43_业务及管理费__20260722T090819,中银三星,2024,业务及管理费,d5b6dbbe98d6_中银三星2024年报.pdf,业务及管理费,43.0,43. 业务及管理费,18,DETAIL,0,,咨询费,咨询费,,UNMAPPED,0.0,1.0,2024|本集团|ORIGINAL,2024.0,本集团,False,本集团及本公司 | 2024,"6,139,190.97",6139190.97,6139190.97,元,元,137,,spatial_roi+column_anchors,||咨询费
中银三星2024年报__43_业务及管理费__20260722T090819,中银三星,2024,业务及管理费,d5b6dbbe98d6_中银三星2024年报.pdf,业务及管理费,43.0,43. 业务及管理费,18,DETAIL,0,,咨询费,咨询费,,UNMAPPED,1.0,2.0,2023|本集团|ORIGINAL,2023.0,本集团,False,本集团及本公司 | 2023,"3,504,346.81",3504346.81,3504346.81,元,元,137,,spatial_roi+column_anchors,||咨询费
中银三星2024年报__43_业务及管理费__20260722T090819,中银三星,2024,业务及管理费,d5b6dbbe98d6_中银三星2024年报.pdf,业务及管理费,43.0,43. 业务及管理费,19,DETAIL,0,,公杂费,公杂费,,UNMAPPED,0.0,1.0,2024|本集团|ORIGINAL,2024.0,本集团,False,本集团及本公司 | 2024,"2,729,721.46",2729721.46,2729721.46,元,元,137,,spatial_roi+column_anchors,||公杂费
中银三星2024年报__43_业务及管理费__20260722T090819,中银三星,2024,业务及管理费,d5b6dbbe98d6_中银三星2024年报.pdf,业务及管理费,43.0,43. 业务及管理费,19,DETAIL,0,,公杂费,公杂费,,UNMAPPED,1.0,2.0,2023|本集团|ORIGINAL,2023.0,本集团,False,本集团及本公司 | 2023,"4,306,634.16",4306634.16,4306634.16,元,元,137,,spatial_roi+column_anchors,||公杂费
中银三星2024年报__43_业务及管理费__20260722T090819,中银三星,2024,业务及管理费,d5b6dbbe98d6_中银三星2024年报.pdf,业务及管理费,43.0,43. 业务及管理费,20,DETAIL,0,,其他费用,其他费用,,UNMAPPED,0.0,1.0,2024|本集团|ORIGINAL,2024.0,本集团,False,本集团及本公司 | 2024,"98,354,123.13",98354123.13,98354123.13,元,元,137,,spatial_roi+column_anchors,||其他费用
中银三星2024年报__43_业务及管理费__20260722T090819,中银三星,2024,业务及管理费,d5b6dbbe98d6_中银三星2024年报.pdf,业务及管理费,43.0,43. 业务及管理费,20,DETAIL,0,,其他费用,其他费用,,UNMAPPED,1.0,2.0,2023|本集团|ORIGINAL,2023.0,本集团,False,本集团及本公司 | 2023,"91,716,513.07",91716513.07,91716513.07,元,元,137,,spatial_roi+column_anchors,||其他费用
中银三星2024年报__43_业务及管理费__20260722T090819,中银三星,2024,业务及管理费,d5b6dbbe98d6_中银三星2024年报.pdf,业务及管理费,43.0,43. 业务及管理费,21,TOTAL,0,,合计,合计,,UNMAPPED,0.0,1.0,2024|本集团|ORIGINAL,2024.0,本集团,False,本集团及本公司 | 2024,"1,129,207,562.13",1129207562.13,1129207562.13,元,元,137,,spatial_roi+column_anchors,||合计
中银三星2024年报__43_业务及管理费__20260722T090819,中银三星,2024,业务及管理费,d5b6dbbe98d6_中银三星2024年报.pdf,业务及管理费,43.0,43. 业务及管理费,21,TOTAL,0,,合计,合计,,UNMAPPED,1.0,2.0,2023|本集团|ORIGINAL,2023.0,本集团,False,本集团及本公司 | 2023,"1,012,715,660.27",1012715660.27,1012715660.27,元,元,137,,spatial_roi+column_anchors,||合计
中银三星2024年报__43_业务及管理费__20260722T090819,中银三星,2024,业务及管理费,d5b6dbbe98d6_中银三星2024年报.pdf,业务及管理费,43.0,43. 业务及管理费,22,SECTION_HEADER,0,,"95,417,113.41元，本年抵扣的进项税为2,991,195.08元。","95,417,113.41元，本年抵扣的进项税为2,991,195.08元。",,UNMAPPED,,,,,,,,,,,,,137,,spatial_roi,"||95,417,113.41元，本年抵扣的进项税为2,991,195.08元。"
中银三星2025年报__业务及管理费__20260722T090230,中银三星,2025,业务及管理费,e115146901c4_中银三星2025年报.pdf,业务及管理费,,六、 财务报表附注（续）34. 业务及管理费和其他业务成本,1,SECTION_HEADER,0,,按费用项目：,按费用项目,,UNMAPPED,,,,,,,,,,,,,133,,spatial_roi,||按费用项目
中银三星2025年报__业务及管理费__20260722T090230,中银三星,2025,业务及管理费,e115146901c4_中银三星2025年报.pdf,业务及管理费,,六、 财务报表附注（续）34. 业务及管理费和其他业务成本,2,DETAIL,1,按费用项目,手续费及佣金支出,手续费及佣金支出,,UNMAPPED,0.0,1.0,2025|本集团|ORIGINAL,2025.0,本集团,False,本集团 | 2025,"1,052,437,858.39",1052437858.39,1052437858.39,元,元,133,,spatial_roi+column_anchors,按费用项目||手续费及佣金支出
中银三星2025年报__业务及管理费__20260722T090230,中银三星,2025,业务及管理费,e115146901c4_中银三星2025年报.pdf,业务及管理费,,六、 财务报表附注（续）34. 业务及管理费和其他业务成本,2,DETAIL,1,按费用项目,手续费及佣金支出,手续费及佣金支出,,UNMAPPED,1.0,2.0,2025|本公司|ORIGINAL,2025.0,本公司,False,本公司 | 2025,"1,052,437,858.39",1052437858.39,1052437858.39,元,元,133,,spatial_roi+column_anchors,按费用项目||手续费及佣金支出
中银三星2025年报__业务及管理费__20260722T090230,中银三星,2025,业务及管理费,e115146901c4_中银三星2025年报.pdf,业务及管理费,,六、 财务报表附注（续）34. 业务及管理费和其他业务成本,2,DETAIL,1,按费用项目,手续费及佣金支出,手续费及佣金支出,,UNMAPPED,2.0,3.0,2024|本集团|RESTATED,2024.0,本集团,True,本集团 | 2024 | （已重述）,"1,050,107,575.54",1050107575.54,1050107575.54,元,元,133,,spatial_roi+column_anchors,按费用项目||手续费及佣金支出
中银三星2025年报__业务及管理费__20260722T090230,中银三星,2025,业务及管理费,e115146901c4_中银三星2025年报.pdf,业务及管理费,,六、 财务报表附注（续）34. 业务及管理费和其他业务成本,2,DETAIL,1,按费用项目,手续费及佣金支出,手续费及佣金支出,,UNMAPPED,3.0,4.0,2024|本公司|RESTATED,2024.0,本公司,True,本公司 | 2024 | （已重述）,"1,050,107,575.54",1050107575.54,1050107575.54,元,元,133,,spatial_roi+column_anchors,按费用项目||手续费及佣金支出
中银三星2025年报__业务及管理费__20260722T090230,中银三星,2025,业务及管理费,e115146901c4_中银三星2025年报.pdf,业务及管理费,,六、 财务报表附注（续）34. 业务及管理费和其他业务成本,3,DETAIL,1,按费用项目,职工工资及福利费,职工工资及福利费,,UNMAPPED,0.0,1.0,2025|本集团|ORIGINAL,2025.0,本集团,False,本集团 | 2025,"453,061,173.13",453061173.13,453061173.13,元,元,133,,spatial_roi+column_anchors,按费用项目||职工工资及福利费
中银三星2025年报__业务及管理费__20260722T090230,中银三星,2025,业务及管理费,e115146901c4_中银三星2025年报.pdf,业务及管理费,,六、 财务报表附注（续）34. 业务及管理费和其他业务成本,3,DETAIL,1,按费用项目,职工工资及福利费,职工工资及福利费,,UNMAPPED,1.0,2.0,2025|本公司|ORIGINAL,2025.0,本公司,False,本公司 | 2025,"453,061,173.13",453061173.13,453061173.13,元,元,133,,spatial_roi+column_anchors,按费用项目||职工工资及福利费
中银三星2025年报__业务及管理费__20260722T090230,中银三星,2025,业务及管理费,e115146901c4_中银三星2025年报.pdf,业务及管理费,,六、 财务报表附注（续）34. 业务及管理费和其他业务成本,3,DETAIL,1,按费用项目,职工工资及福利费,职工工资及福利费,,UNMAPPED,2.0,3.0,2024|本集团|RESTATED,2024.0,本集团,True,本集团 | 2024 | （已重述）,"436,431,450.93",436431450.93,436431450.93,元,元,133,,spatial_roi+column_anchors,按费用项目||职工工资及福利费
中银三星2025年报__业务及管理费__20260722T090230,中银三星,2025,业务及管理费,e115146901c4_中银三星2025年报.pdf,业务及管理费,,六、 财务报表附注（续）34. 业务及管理费和其他业务成本,3,DETAIL,1,按费用项目,职工工资及福利费,职工工资及福利费,,UNMAPPED,3.0,4.0,2024|本公司|RESTATED,2024.0,本公司,True,本公司 | 2024 | （已重述）,"436,431,450.93",436431450.93,436431450.93,元,元,133,,spatial_roi+column_anchors,按费用项目||职工工资及福利费
中银三星2025年报__业务及管理费__20260722T090230,中银三星,2025,业务及管理费,e115146901c4_中银三星2025年报.pdf,业务及管理费,,六、 财务报表附注（续）34. 业务及管理费和其他业务成本,4,DETAIL,1,按费用项目,保险保障基金(注),保险保障基金,,UNMAPPED,0.0,1.0,2025|本集团|ORIGINAL,2025.0,本集团,False,本集团 | 2025,"90,167,189.61",90167189.61,90167189.61,元,元,133,,spatial_roi+column_anchors,按费用项目||保险保障基金
中银三星2025年报__业务及管理费__20260722T090230,中银三星,2025,业务及管理费,e115146901c4_中银三星2025年报.pdf,业务及管理费,,六、 财务报表附注（续）34. 业务及管理费和其他业务成本,4,DETAIL,1,按费用项目,保险保障基金(注),保险保障基金,,UNMAPPED,1.0,2.0,2025|本公司|ORIGINAL,2025.0,本公司,False,本公司 | 2025,"90,167,189.61",90167189.61,90167189.61,元,元,133,,spatial_roi+column_anchors,按费用项目||保险保障基金
中银三星2025年报__业务及管理费__20260722T090230,中银三星,2025,业务及管理费,e115146901c4_中银三星2025年报.pdf,业务及管理费,,六、 财务报表附注（续）34. 业务及管理费和其他业务成本,4,DETAIL,1,按费用项目,保险保障基金(注),保险保障基金,,UNMAPPED,2.0,3.0,2024|本集团|RESTATED,2024.0,本集团,True,本集团 | 2024 | （已重述）,"92,425,918.33",92425918.33,92425918.33,元,元,133,,spatial_roi+column_anchors,按费用项目||保险保障基金
中银三星2025年报__业务及管理费__20260722T090230,中银三星,2025,业务及管理费,e115146901c4_中银三星2025年报.pdf,业务及管理费,,六、 财务报表附注（续）34. 业务及管理费和其他业务成本,4,DETAIL,1,按费用项目,保险保障基金(注),保险保障基金,,UNMAPPED,3.0,4.0,2024|本公司|RESTATED,2024.0,本公司,True,本公司 | 2024 | （已重述）,"92,425,918.33",92425918.33,92425918.33,元,元,133,,spatial_roi+column_anchors,按费用项目||保险保障基金
中银三星2025年报__业务及管理费__20260722T090230,中银三星,2025,业务及管理费,e115146901c4_中银三星2025年报.pdf,业务及管理费,,六、 财务报表附注（续）34. 业务及管理费和其他业务成本,5,DETAIL,1,按费用项目,社会统筹保险费,社会统筹保险费,,UNMAPPED,0.0,1.0,2025|本集团|ORIGINAL,2025.0,本集团,False,本集团 | 2025,"79,538,043.85",79538043.85,79538043.85,元,元,133,,spatial_roi+column_anchors,按费用项目||社会统筹保险费
中银三星2025年报__业务及管理费__20260722T090230,中银三星,2025,业务及管理费,e115146901c4_中银三星2025年报.pdf,业务及管理费,,六、 财务报表附注（续）34. 业务及管理费和其他业务成本,5,DETAIL,1,按费用项目,社会统筹保险费,社会统筹保险费,,UNMAPPED,1.0,2.0,2025|本公司|ORIGINAL,2025.0,本公司,False,本公司 | 2025,"79,538,043.85",79538043.85,79538043.85,元,元,133,,spatial_roi+column_anchors,按费用项目||社会统筹保险费
中银三星2025年报__业务及管理费__20260722T090230,中银三星,2025,业务及管理费,e115146901c4_中银三星2025年报.pdf,业务及管理费,,六、 财务报表附注（续）34. 业务及管理费和其他业务成本,5,DETAIL,1,按费用项目,社会统筹保险费,社会统筹保险费,,UNMAPPED,2.0,3.0,2024|本集团|RESTATED,2024.0,本集团,True,本集团 | 2024 | （已重述）,"78,392,576.95",78392576.95,78392576.95,元,元,133,,spatial_roi+column_anchors,按费用项目||社会统筹保险费
中银三星2025年报__业务及管理费__20260722T090230,中银三星,2025,业务及管理费,e115146901c4_中银三星2025年报.pdf,业务及管理费,,六、 财务报表附注（续）34. 业务及管理费和其他业务成本,5,DETAIL,1,按费用项目,社会统筹保险费,社会统筹保险费,,UNMAPPED,3.0,4.0,2024|本公司|RESTATED,2024.0,本公司,True,本公司 | 2024 | （已重述）,"78,392,576.95",78392576.95,78392576.95,元,元,133,,spatial_roi+column_anchors,按费用项目||社会统筹保险费
中银三星2025年报__业务及管理费__20260722T090230,中银三星,2025,业务及管理费,e115146901c4_中银三星2025年报.pdf,业务及管理费,,六、 财务报表附注（续）34. 业务及管理费和其他业务成本,6,DETAIL,1,按费用项目,使用权资产折旧费,使用权资产折旧费,,UNMAPPED,0.0,1.0,2025|本集团|ORIGINAL,2025.0,本集团,False,本集团 | 2025,"59,630,432.44",59630432.44,59630432.44,元,元,133,,spatial_roi+column_anchors,按费用项目||使用权资产折旧费
中银三星2025年报__业务及管理费__20260722T090230,中银三星,2025,业务及管理费,e115146901c4_中银三星2025年报.pdf,业务及管理费,,六、 财务报表附注（续）34. 业务及管理费和其他业务成本,6,DETAIL,1,按费用项目,使用权资产折旧费,使用权资产折旧费,,UNMAPPED,1.0,2.0,2025|本公司|ORIGINAL,2025.0,本公司,False,本公司 | 2025,"59,630,432.44",59630432.44,59630432.44,元,元,133,,spatial_roi+column_anchors,按费用项目||使用权资产折旧费
中银三星2025年报__业务及管理费__20260722T090230,中银三星,2025,业务及管理费,e115146901c4_中银三星2025年报.pdf,业务及管理费,,六、 财务报表附注（续）34. 业务及管理费和其他业务成本,6,DETAIL,1,按费用项目,使用权资产折旧费,使用权资产折旧费,,UNMAPPED,2.0,3.0,2024|本集团|RESTATED,2024.0,本集团,True,本集团 | 2024 | （已重述）,"58,405,985.40",58405985.4,58405985.4,元,元,133,,spatial_roi+column_anchors,按费用项目||使用权资产折旧费
中银三星2025年报__业务及管理费__20260722T090230,中银三星,2025,业务及管理费,e115146901c4_中银三星2025年报.pdf,业务及管理费,,六、 财务报表附注（续）34. 业务及管理费和其他业务成本,6,DETAIL,1,按费用项目,使用权资产折旧费,使用权资产折旧费,,UNMAPPED,3.0,4.0,2024|本公司|RESTATED,2024.0,本公司,True,本公司 | 2024 | （已重述）,"58,405,985.40",58405985.4,58405985.4,元,元,133,,spatial_roi+column_anchors,按费用项目||使用权资产折旧费
中银三星2025年报__业务及管理费__20260722T090230,中银三星,2025,业务及管理费,e115146901c4_中银三星2025年报.pdf,业务及管理费,,六、 财务报表附注（续）34. 业务及管理费和其他业务成本,7,DETAIL,1,按费用项目,营销培训费,营销培训费,,UNMAPPED,0.0,1.0,2025|本集团|ORIGINAL,2025.0,本集团,False,本集团 | 2025,"52,565,868.17",52565868.17,52565868.17,元,元,133,,spatial_roi+column_anchors,按费用项目||营销培训费
中银三星2025年报__业务及管理费__20260722T090230,中银三星,2025,业务及管理费,e115146901c4_中银三星2025年报.pdf,业务及管理费,,六、 财务报表附注（续）34. 业务及管理费和其他业务成本,7,DETAIL,1,按费用项目,营销培训费,营销培训费,,UNMAPPED,1.0,2.0,2025|本公司|ORIGINAL,2025.0,本公司,False,本公司 | 2025,"52,565,868.17",52565868.17,52565868.17,元,元,133,,spatial_roi+column_anchors,按费用项目||营销培训费
中银三星2025年报__业务及管理费__20260722T090230,中银三星,2025,业务及管理费,e115146901c4_中银三星2025年报.pdf,业务及管理费,,六、 财务报表附注（续）34. 业务及管理费和其他业务成本,7,DETAIL,1,按费用项目,营销培训费,营销培训费,,UNMAPPED,2.0,3.0,2024|本集团|RESTATED,2024.0,本集团,True,本集团 | 2024 | （已重述）,"78,331,657.09",78331657.09,78331657.09,元,元,133,,spatial_roi+column_anchors,按费用项目||营销培训费
中银三星2025年报__业务及管理费__20260722T090230,中银三星,2025,业务及管理费,e115146901c4_中银三星2025年报.pdf,业务及管理费,,六、 财务报表附注（续）34. 业务及管理费和其他业务成本,7,DETAIL,1,按费用项目,营销培训费,营销培训费,,UNMAPPED,3.0,4.0,2024|本公司|RESTATED,2024.0,本公司,True,本公司 | 2024 | （已重述）,"78,331,657.09",78331657.09,78331657.09,元,元,133,,spatial_roi+column_anchors,按费用项目||营销培训费
中银三星2025年报__业务及管理费__20260722T090230,中银三星,2025,业务及管理费,e115146901c4_中银三星2025年报.pdf,业务及管理费,,六、 财务报表附注（续）34. 业务及管理费和其他业务成本,8,DETAIL,1,按费用项目,研究费用,研究费用,,UNMAPPED,0.0,1.0,2025|本集团|ORIGINAL,2025.0,本集团,False,本集团 | 2025,"48,843,215.61",48843215.61,48843215.61,元,元,133,,spatial_roi+column_anchors,按费用项目||研究费用
中银三星2025年报__业务及管理费__20260722T090230,中银三星,2025,业务及管理费,e115146901c4_中银三星2025年报.pdf,业务及管理费,,六、 财务报表附注（续）34. 业务及管理费和其他业务成本,8,DETAIL,1,按费用项目,研究费用,研究费用,,UNMAPPED,1.0,2.0,2025|本公司|ORIGINAL,2025.0,本公司,False,本公司 | 2025,"48,843,215.61",48843215.61,48843215.61,元,元,133,,spatial_roi+column_anchors,按费用项目||研究费用
中银三星2025年报__业务及管理费__20260722T090230,中银三星,2025,业务及管理费,e115146901c4_中银三星2025年报.pdf,业务及管理费,,六、 财务报表附注（续）34. 业务及管理费和其他业务成本,8,DETAIL,1,按费用项目,研究费用,研究费用,,UNMAPPED,2.0,3.0,2024|本集团|RESTATED,2024.0,本集团,True,本集团 | 2024 | （已重述）,"29,046,956.67",29046956.67,29046956.67,元,元,133,,spatial_roi+column_anchors,按费用项目||研究费用
中银三星2025年报__业务及管理费__20260722T090230,中银三星,2025,业务及管理费,e115146901c4_中银三星2025年报.pdf,业务及管理费,,六、 财务报表附注（续）34. 业务及管理费和其他业务成本,8,DETAIL,1,按费用项目,研究费用,研究费用,,UNMAPPED,3.0,4.0,2024|本公司|RESTATED,2024.0,本公司,True,本公司 | 2024 | （已重述）,"29,046,956.67",29046956.67,29046956.67,元,元,133,,spatial_roi+column_anchors,按费用项目||研究费用
中银三星2025年报__业务及管理费__20260722T090230,中银三星,2025,业务及管理费,e115146901c4_中银三星2025年报.pdf,业务及管理费,,六、 财务报表附注（续）34. 业务及管理费和其他业务成本,9,DETAIL,1,按费用项目,宣传费,宣传费,,UNMAPPED,0.0,1.0,2025|本集团|ORIGINAL,2025.0,本集团,False,本集团 | 2025,"42,820,314.87",42820314.87,42820314.87,元,元,133,,spatial_roi+column_anchors,按费用项目||宣传费
中银三星2025年报__业务及管理费__20260722T090230,中银三星,2025,业务及管理费,e115146901c4_中银三星2025年报.pdf,业务及管理费,,六、 财务报表附注（续）34. 业务及管理费和其他业务成本,9,DETAIL,1,按费用项目,宣传费,宣传费,,UNMAPPED,1.0,2.0,2025|本公司|ORIGINAL,2025.0,本公司,False,本公司 | 2025,"42,820,314.87",42820314.87,42820314.87,元,元,133,,spatial_roi+column_anchors,按费用项目||宣传费
中银三星2025年报__业务及管理费__20260722T090230,中银三星,2025,业务及管理费,e115146901c4_中银三星2025年报.pdf,业务及管理费,,六、 财务报表附注（续）34. 业务及管理费和其他业务成本,9,DETAIL,1,按费用项目,宣传费,宣传费,,UNMAPPED,2.0,3.0,2024|本集团|RESTATED,2024.0,本集团,True,本集团 | 2024 | （已重述）,"61,250,365.68",61250365.68,61250365.68,元,元,133,,spatial_roi+column_anchors,按费用项目||宣传费
中银三星2025年报__业务及管理费__20260722T090230,中银三星,2025,业务及管理费,e115146901c4_中银三星2025年报.pdf,业务及管理费,,六、 财务报表附注（续）34. 业务及管理费和其他业务成本,9,DETAIL,1,按费用项目,宣传费,宣传费,,UNMAPPED,3.0,4.0,2024|本公司|RESTATED,2024.0,本公司,True,本公司 | 2024 | （已重述）,"61,250,365.68",61250365.68,61250365.68,元,元,133,,spatial_roi+column_anchors,按费用项目||宣传费
中银三星2025年报__业务及管理费__20260722T090230,中银三星,2025,业务及管理费,e115146901c4_中银三星2025年报.pdf,业务及管理费,,六、 财务报表附注（续）34. 业务及管理费和其他业务成本,10,DETAIL,1,按费用项目,无形资产摊销,无形资产摊销,,UNMAPPED,0.0,1.0,2025|本集团|ORIGINAL,2025.0,本集团,False,本集团 | 2025,"24,188,335.57",24188335.57,24188335.57,元,元,133,,spatial_roi+column_anchors,按费用项目||无形资产摊销
中银三星2025年报__业务及管理费__20260722T090230,中银三星,2025,业务及管理费,e115146901c4_中银三星2025年报.pdf,业务及管理费,,六、 财务报表附注（续）34. 业务及管理费和其他业务成本,10,DETAIL,1,按费用项目,无形资产摊销,无形资产摊销,,UNMAPPED,1.0,2.0,2025|本公司|ORIGINAL,2025.0,本公司,False,本公司 | 2025,"24,188,335.57",24188335.57,24188335.57,元,元,133,,spatial_roi+column_anchors,按费用项目||无形资产摊销
中银三星2025年报__业务及管理费__20260722T090230,中银三星,2025,业务及管理费,e115146901c4_中银三星2025年报.pdf,业务及管理费,,六、 财务报表附注（续）34. 业务及管理费和其他业务成本,10,DETAIL,1,按费用项目,无形资产摊销,无形资产摊销,,UNMAPPED,2.0,3.0,2024|本集团|RESTATED,2024.0,本集团,True,本集团 | 2024 | （已重述）,"26,587,466.27",26587466.27,26587466.27,元,元,133,,spatial_roi+column_anchors,按费用项目||无形资产摊销
中银三星2025年报__业务及管理费__20260722T090230,中银三星,2025,业务及管理费,e115146901c4_中银三星2025年报.pdf,业务及管理费,,六、 财务报表附注（续）34. 业务及管理费和其他业务成本,10,DETAIL,1,按费用项目,无形资产摊销,无形资产摊销,,UNMAPPED,3.0,4.0,2024|本公司|RESTATED,2024.0,本公司,True,本公司 | 2024 | （已重述）,"26,587,466.27",26587466.27,26587466.27,元,元,133,,spatial_roi+column_anchors,按费用项目||无形资产摊销
中银三星2025年报__业务及管理费__20260722T090230,中银三星,2025,业务及管理费,e115146901c4_中银三星2025年报.pdf,业务及管理费,,六、 财务报表附注（续）34. 业务及管理费和其他业务成本,11,DETAIL,1,按费用项目,租赁费,租赁费,,UNMAPPED,0.0,1.0,2025|本集团|ORIGINAL,2025.0,本集团,False,本集团 | 2025,"21,641,139.06",21641139.06,21641139.06,元,元,133,,spatial_roi+column_anchors,按费用项目||租赁费
中银三星2025年报__业务及管理费__20260722T090230,中银三星,2025,业务及管理费,e115146901c4_中银三星2025年报.pdf,业务及管理费,,六、 财务报表附注（续）34. 业务及管理费和其他业务成本,11,DETAIL,1,按费用项目,租赁费,租赁费,,UNMAPPED,1.0,2.0,2025|本公司|ORIGINAL,2025.0,本公司,False,本公司 | 2025,"21,641,139.06",21641139.06,21641139.06,元,元,133,,spatial_roi+column_anchors,按费用项目||租赁费
中银三星2025年报__业务及管理费__20260722T090230,中银三星,2025,业务及管理费,e115146901c4_中银三星2025年报.pdf,业务及管理费,,六、 财务报表附注（续）34. 业务及管理费和其他业务成本,11,DETAIL,1,按费用项目,租赁费,租赁费,,UNMAPPED,2.0,3.0,2024|本集团|RESTATED,2024.0,本集团,True,本集团 | 2024 | （已重述）,"34,719,568.93",34719568.93,34719568.93,元,元,133,,spatial_roi+column_anchors,按费用项目||租赁费
中银三星2025年报__业务及管理费__20260722T090230,中银三星,2025,业务及管理费,e115146901c4_中银三星2025年报.pdf,业务及管理费,,六、 财务报表附注（续）34. 业务及管理费和其他业务成本,11,DETAIL,1,按费用项目,租赁费,租赁费,,UNMAPPED,3.0,4.0,2024|本公司|RESTATED,2024.0,本公司,True,本公司 | 2024 | （已重述）,"34,719,568.93",34719568.93,34719568.93,元,元,133,,spatial_roi+column_anchors,按费用项目||租赁费
中银三星2025年报__业务及管理费__20260722T090230,中银三星,2025,业务及管理费,e115146901c4_中银三星2025年报.pdf,业务及管理费,,六、 财务报表附注（续）34. 业务及管理费和其他业务成本,12,DETAIL,1,按费用项目,电子设备运转费,电子设备运转费,,UNMAPPED,0.0,1.0,2025|本集团|ORIGINAL,2025.0,本集团,False,本集团 | 2025,"20,068,017.92",20068017.92,20068017.92,元,元,133,,spatial_roi+column_anchors,按费用项目||电子设备运转费
中银三星2025年报__业务及管理费__20260722T090230,中银三星,2025,业务及管理费,e115146901c4_中银三星2025年报.pdf,业务及管理费,,六、 财务报表附注（续）34. 业务及管理费和其他业务成本,12,DETAIL,1,按费用项目,电子设备运转费,电子设备运转费,,UNMAPPED,1.0,2.0,2025|本公司|ORIGINAL,2025.0,本公司,False,本公司 | 2025,"20,068,017.92",20068017.92,20068017.92,元,元,133,,spatial_roi+column_anchors,按费用项目||电子设备运转费
中银三星2025年报__业务及管理费__20260722T090230,中银三星,2025,业务及管理费,e115146901c4_中银三星2025年报.pdf,业务及管理费,,六、 财务报表附注（续）34. 业务及管理费和其他业务成本,12,DETAIL,1,按费用项目,电子设备运转费,电子设备运转费,,UNMAPPED,2.0,3.0,2024|本集团|RESTATED,2024.0,本集团,True,本集团 | 2024 | （已重述）,"31,117,265.47",31117265.47,31117265.47,元,元,133,,spatial_roi+column_anchors,按费用项目||电子设备运转费
中银三星2025年报__业务及管理费__20260722T090230,中银三星,2025,业务及管理费,e115146901c4_中银三星2025年报.pdf,业务及管理费,,六、 财务报表附注（续）34. 业务及管理费和其他业务成本,12,DETAIL,1,按费用项目,电子设备运转费,电子设备运转费,,UNMAPPED,3.0,4.0,2024|本公司|RESTATED,2024.0,本公司,True,本公司 | 2024 | （已重述）,"31,117,265.47",31117265.47,31117265.47,元,元,133,,spatial_roi+column_anchors,按费用项目||电子设备运转费
中银三星2025年报__业务及管理费__20260722T090230,中银三星,2025,业务及管理费,e115146901c4_中银三星2025年报.pdf,业务及管理费,,六、 财务报表附注（续）34. 业务及管理费和其他业务成本,13,DETAIL,1,按费用项目,长期待摊费用摊销,长期待摊费用摊销,,UNMAPPED,0.0,1.0,2025|本集团|ORIGINAL,2025.0,本集团,False,本集团 | 2025,"16,274,733.23",16274733.23,16274733.23,元,元,133,,spatial_roi+column_anchors,按费用项目||长期待摊费用摊销
中银三星2025年报__业务及管理费__20260722T090230,中银三星,2025,业务及管理费,e115146901c4_中银三星2025年报.pdf,业务及管理费,,六、 财务报表附注（续）34. 业务及管理费和其他业务成本,13,DETAIL,1,按费用项目,长期待摊费用摊销,长期待摊费用摊销,,UNMAPPED,1.0,2.0,2025|本公司|ORIGINAL,2025.0,本公司,False,本公司 | 2025,"16,274,733.23",16274733.23,16274733.23,元,元,133,,spatial_roi+column_anchors,按费用项目||长期待摊费用摊销
中银三星2025年报__业务及管理费__20260722T090230,中银三星,2025,业务及管理费,e115146901c4_中银三星2025年报.pdf,业务及管理费,,六、 财务报表附注（续）34. 业务及管理费和其他业务成本,13,DETAIL,1,按费用项目,长期待摊费用摊销,长期待摊费用摊销,,UNMAPPED,2.0,3.0,2024|本集团|RESTATED,2024.0,本集团,True,本集团 | 2024 | （已重述）,"12,290,583.05",12290583.05,12290583.05,元,元,133,,spatial_roi+column_anchors,按费用项目||长期待摊费用摊销
中银三星2025年报__业务及管理费__20260722T090230,中银三星,2025,业务及管理费,e115146901c4_中银三星2025年报.pdf,业务及管理费,,六、 财务报表附注（续）34. 业务及管理费和其他业务成本,13,DETAIL,1,按费用项目,长期待摊费用摊销,长期待摊费用摊销,,UNMAPPED,3.0,4.0,2024|本公司|RESTATED,2024.0,本公司,True,本公司 | 2024 | （已重述）,"12,290,583.05",12290583.05,12290583.05,元,元,133,,spatial_roi+column_anchors,按费用项目||长期待摊费用摊销
中银三星2025年报__业务及管理费__20260722T090230,中银三星,2025,业务及管理费,e115146901c4_中银三星2025年报.pdf,业务及管理费,,六、 财务报表附注（续）34. 业务及管理费和其他业务成本,14,DETAIL,1,按费用项目,固定资产折旧费,固定资产折旧费,,UNMAPPED,0.0,1.0,2025|本集团|ORIGINAL,2025.0,本集团,False,本集团 | 2025,"16,230,582.03",16230582.03,16230582.03,元,元,133,,spatial_roi+column_anchors,按费用项目||固定资产折旧费
中银三星2025年报__业务及管理费__20260722T090230,中银三星,2025,业务及管理费,e115146901c4_中银三星2025年报.pdf,业务及管理费,,六、 财务报表附注（续）34. 业务及管理费和其他业务成本,14,DETAIL,1,按费用项目,固定资产折旧费,固定资产折旧费,,UNMAPPED,1.0,2.0,2025|本公司|ORIGINAL,2025.0,本公司,False,本公司 | 2025,"16,230,582.03",16230582.03,16230582.03,元,元,133,,spatial_roi+column_anchors,按费用项目||固定资产折旧费
中银三星2025年报__业务及管理费__20260722T090230,中银三星,2025,业务及管理费,e115146901c4_中银三星2025年报.pdf,业务及管理费,,六、 财务报表附注（续）34. 业务及管理费和其他业务成本,14,DETAIL,1,按费用项目,固定资产折旧费,固定资产折旧费,,UNMAPPED,2.0,3.0,2024|本集团|RESTATED,2024.0,本集团,True,本集团 | 2024 | （已重述）,"16,001,821.05",16001821.05,16001821.05,元,元,133,,spatial_roi+column_anchors,按费用项目||固定资产折旧费
中银三星2025年报__业务及管理费__20260722T090230,中银三星,2025,业务及管理费,e115146901c4_中银三星2025年报.pdf,业务及管理费,,六、 财务报表附注（续）34. 业务及管理费和其他业务成本,14,DETAIL,1,按费用项目,固定资产折旧费,固定资产折旧费,,UNMAPPED,3.0,4.0,2024|本公司|RESTATED,2024.0,本公司,True,本公司 | 2024 | （已重述）,"16,001,821.05",16001821.05,16001821.05,元,元,133,,spatial_roi+column_anchors,按费用项目||固定资产折旧费
中银三星2025年报__业务及管理费__20260722T090230,中银三星,2025,业务及管理费,e115146901c4_中银三星2025年报.pdf,业务及管理费,,六、 财务报表附注（续）34. 业务及管理费和其他业务成本,15,DETAIL,1,按费用项目,监管费,监管费,,UNMAPPED,0.0,1.0,2025|本集团|ORIGINAL,2025.0,本集团,False,本集团 | 2025,"14,944,651.36",14944651.36,14944651.36,元,元,133,,spatial_roi+column_anchors,按费用项目||监管费
中银三星2025年报__业务及管理费__20260722T090230,中银三星,2025,业务及管理费,e115146901c4_中银三星2025年报.pdf,业务及管理费,,六、 财务报表附注（续）34. 业务及管理费和其他业务成本,15,DETAIL,1,按费用项目,监管费,监管费,,UNMAPPED,1.0,2.0,2025|本公司|ORIGINAL,2025.0,本公司,False,本公司 | 2025,"14,944,651.36",14944651.36,14944651.36,元,元,133,,spatial_roi+column_anchors,按费用项目||监管费
中银三星2025年报__业务及管理费__20260722T090230,中银三星,2025,业务及管理费,e115146901c4_中银三星2025年报.pdf,业务及管理费,,六、 财务报表附注（续）34. 业务及管理费和其他业务成本,15,DETAIL,1,按费用项目,监管费,监管费,,UNMAPPED,2.0,3.0,2024|本集团|RESTATED,2024.0,本集团,True,本集团 | 2024 | （已重述）,"13,569,909.12",13569909.12,13569909.12,元,元,133,,spatial_roi+column_anchors,按费用项目||监管费
中银三星2025年报__业务及管理费__20260722T090230,中银三星,2025,业务及管理费,e115146901c4_中银三星2025年报.pdf,业务及管理费,,六、 财务报表附注（续）34. 业务及管理费和其他业务成本,15,DETAIL,1,按费用项目,监管费,监管费,,UNMAPPED,3.0,4.0,2024|本公司|RESTATED,2024.0,本公司,True,本公司 | 2024 | （已重述）,"13,569,909.12",13569909.12,13569909.12,元,元,133,,spatial_roi+column_anchors,按费用项目||监管费
中银三星2025年报__业务及管理费__20260722T090230,中银三星,2025,业务及管理费,e115146901c4_中银三星2025年报.pdf,业务及管理费,,六、 财务报表附注（续）34. 业务及管理费和其他业务成本,16,DETAIL,1,按费用项目,专业外包服务费,专业外包服务费,,UNMAPPED,0.0,1.0,2025|本集团|ORIGINAL,2025.0,本集团,False,本集团 | 2025,"14,628,427.91",14628427.91,14628427.91,元,元,133,,spatial_roi+column_anchors,按费用项目||专业外包服务费
中银三星2025年报__业务及管理费__20260722T090230,中银三星,2025,业务及管理费,e115146901c4_中银三星2025年报.pdf,业务及管理费,,六、 财务报表附注（续）34. 业务及管理费和其他业务成本,16,DETAIL,1,按费用项目,专业外包服务费,专业外包服务费,,UNMAPPED,1.0,2.0,2025|本公司|ORIGINAL,2025.0,本公司,False,本公司 | 2025,"14,628,427.91",14628427.91,14628427.91,元,元,133,,spatial_roi+column_anchors,按费用项目||专业外包服务费
中银三星2025年报__业务及管理费__20260722T090230,中银三星,2025,业务及管理费,e115146901c4_中银三星2025年报.pdf,业务及管理费,,六、 财务报表附注（续）34. 业务及管理费和其他业务成本,16,DETAIL,1,按费用项目,专业外包服务费,专业外包服务费,,UNMAPPED,2.0,3.0,2024|本集团|RESTATED,2024.0,本集团,True,本集团 | 2024 | （已重述）,"14,102,256.18",14102256.18,14102256.18,元,元,133,,spatial_roi+column_anchors,按费用项目||专业外包服务费
中银三星2025年报__业务及管理费__20260722T090230,中银三星,2025,业务及管理费,e115146901c4_中银三星2025年报.pdf,业务及管理费,,六、 财务报表附注（续）34. 业务及管理费和其他业务成本,16,DETAIL,1,按费用项目,专业外包服务费,专业外包服务费,,UNMAPPED,3.0,4.0,2024|本公司|RESTATED,2024.0,本公司,True,本公司 | 2024 | （已重述）,"14,102,256.18",14102256.18,14102256.18,元,元,133,,spatial_roi+column_anchors,按费用项目||专业外包服务费
中银三星2025年报__业务及管理费__20260722T090230,中银三星,2025,业务及管理费,e115146901c4_中银三星2025年报.pdf,业务及管理费,,六、 财务报表附注（续）34. 业务及管理费和其他业务成本,17,DETAIL,1,按费用项目,邮电费,邮电费,,UNMAPPED,0.0,1.0,2025|本集团|ORIGINAL,2025.0,本集团,False,本集团 | 2025,"11,376,178.19",11376178.19,11376178.19,元,元,133,,spatial_roi+column_anchors,按费用项目||邮电费
中银三星2025年报__业务及管理费__20260722T090230,中银三星,2025,业务及管理费,e115146901c4_中银三星2025年报.pdf,业务及管理费,,六、 财务报表附注（续）34. 业务及管理费和其他业务成本,17,DETAIL,1,按费用项目,邮电费,邮电费,,UNMAPPED,1.0,2.0,2025|本公司|ORIGINAL,2025.0,本公司,False,本公司 | 2025,"11,376,178.19",11376178.19,11376178.19,元,元,133,,spatial_roi+column_anchors,按费用项目||邮电费
中银三星2025年报__业务及管理费__20260722T090230,中银三星,2025,业务及管理费,e115146901c4_中银三星2025年报.pdf,业务及管理费,,六、 财务报表附注（续）34. 业务及管理费和其他业务成本,17,DETAIL,1,按费用项目,邮电费,邮电费,,UNMAPPED,2.0,3.0,2024|本集团|RESTATED,2024.0,本集团,True,本集团 | 2024 | （已重述）,"12,270,314.61",12270314.61,12270314.61,元,元,133,,spatial_roi+column_anchors,按费用项目||邮电费
中银三星2025年报__业务及管理费__20260722T090230,中银三星,2025,业务及管理费,e115146901c4_中银三星2025年报.pdf,业务及管理费,,六、 财务报表附注（续）34. 业务及管理费和其他业务成本,17,DETAIL,1,按费用项目,邮电费,邮电费,,UNMAPPED,3.0,4.0,2024|本公司|RESTATED,2024.0,本公司,True,本公司 | 2024 | （已重述）,"12,270,314.61",12270314.61,12270314.61,元,元,133,,spatial_roi+column_anchors,按费用项目||邮电费
中银三星2025年报__业务及管理费__20260722T090230,中银三星,2025,业务及管理费,e115146901c4_中银三星2025年报.pdf,业务及管理费,,六、 财务报表附注（续）34. 业务及管理费和其他业务成本,18,DETAIL,1,按费用项目,差旅费,差旅费,,UNMAPPED,0.0,1.0,2025|本集团|ORIGINAL,2025.0,本集团,False,本集团 | 2025,"11,173,754.36",11173754.36,11173754.36,元,元,133,,spatial_roi+column_anchors,按费用项目||差旅费
中银三星2025年报__业务及管理费__20260722T090230,中银三星,2025,业务及管理费,e115146901c4_中银三星2025年报.pdf,业务及管理费,,六、 财务报表附注（续）34. 业务及管理费和其他业务成本,18,DETAIL,1,按费用项目,差旅费,差旅费,,UNMAPPED,1.0,2.0,2025|本公司|ORIGINAL,2025.0,本公司,False,本公司 | 2025,"11,173,754.36",11173754.36,11173754.36,元,元,133,,spatial_roi+column_anchors,按费用项目||差旅费
中银三星2025年报__业务及管理费__20260722T090230,中银三星,2025,业务及管理费,e115146901c4_中银三星2025年报.pdf,业务及管理费,,六、 财务报表附注（续）34. 业务及管理费和其他业务成本,18,DETAIL,1,按费用项目,差旅费,差旅费,,UNMAPPED,2.0,3.0,2024|本集团|RESTATED,2024.0,本集团,True,本集团 | 2024 | （已重述）,"13,083,127.89",13083127.89,13083127.89,元,元,133,,spatial_roi+column_anchors,按费用项目||差旅费
中银三星2025年报__业务及管理费__20260722T090230,中银三星,2025,业务及管理费,e115146901c4_中银三星2025年报.pdf,业务及管理费,,六、 财务报表附注（续）34. 业务及管理费和其他业务成本,18,DETAIL,1,按费用项目,差旅费,差旅费,,UNMAPPED,3.0,4.0,2024|本公司|RESTATED,2024.0,本公司,True,本公司 | 2024 | （已重述）,"13,083,127.89",13083127.89,13083127.89,元,元,133,,spatial_roi+column_anchors,按费用项目||差旅费
中银三星2025年报__业务及管理费__20260722T090230,中银三星,2025,业务及管理费,e115146901c4_中银三星2025年报.pdf,业务及管理费,,六、 财务报表附注（续）34. 业务及管理费和其他业务成本,19,DETAIL,1,按费用项目,会议费,会议费,,UNMAPPED,0.0,1.0,2025|本集团|ORIGINAL,2025.0,本集团,False,本集团 | 2025,"10,706,832.19",10706832.19,10706832.19,元,元,133,,spatial_roi+column_anchors,按费用项目||会议费
中银三星2025年报__业务及管理费__20260722T090230,中银三星,2025,业务及管理费,e115146901c4_中银三星2025年报.pdf,业务及管理费,,六、 财务报表附注（续）34. 业务及管理费和其他业务成本,19,DETAIL,1,按费用项目,会议费,会议费,,UNMAPPED,1.0,2.0,2025|本公司|ORIGINAL,2025.0,本公司,False,本公司 | 2025,"10,706,832.19",10706832.19,10706832.19,元,元,133,,spatial_roi+column_anchors,按费用项目||会议费
中银三星2025年报__业务及管理费__20260722T090230,中银三星,2025,业务及管理费,e115146901c4_中银三星2025年报.pdf,业务及管理费,,六、 财务报表附注（续）34. 业务及管理费和其他业务成本,19,DETAIL,1,按费用项目,会议费,会议费,,UNMAPPED,2.0,3.0,2024|本集团|RESTATED,2024.0,本集团,True,本集团 | 2024 | （已重述）,"10,972,890.68",10972890.68,10972890.68,元,元,133,,spatial_roi+column_anchors,按费用项目||会议费
中银三星2025年报__业务及管理费__20260722T090230,中银三星,2025,业务及管理费,e115146901c4_中银三星2025年报.pdf,业务及管理费,,六、 财务报表附注（续）34. 业务及管理费和其他业务成本,19,DETAIL,1,按费用项目,会议费,会议费,,UNMAPPED,3.0,4.0,2024|本公司|RESTATED,2024.0,本公司,True,本公司 | 2024 | （已重述）,"10,972,890.68",10972890.68,10972890.68,元,元,133,,spatial_roi+column_anchors,按费用项目||会议费
中银三星2025年报__业务及管理费__20260722T090230,中银三星,2025,业务及管理费,e115146901c4_中银三星2025年报.pdf,业务及管理费,,六、 财务报表附注（续）34. 业务及管理费和其他业务成本,20,DETAIL,1,按费用项目,业务招待费,业务招待费,,UNMAPPED,0.0,1.0,2025|本集团|ORIGINAL,2025.0,本集团,False,本集团 | 2025,"8,326,374.01",8326374.01,8326374.01,元,元,133,,spatial_roi+column_anchors,按费用项目||业务招待费
中银三星2025年报__业务及管理费__20260722T090230,中银三星,2025,业务及管理费,e115146901c4_中银三星2025年报.pdf,业务及管理费,,六、 财务报表附注（续）34. 业务及管理费和其他业务成本,20,DETAIL,1,按费用项目,业务招待费,业务招待费,,UNMAPPED,1.0,2.0,2025|本公司|ORIGINAL,2025.0,本公司,False,本公司 | 2025,"8,326,374.01",8326374.01,8326374.01,元,元,133,,spatial_roi+column_anchors,按费用项目||业务招待费
中银三星2025年报__业务及管理费__20260722T090230,中银三星,2025,业务及管理费,e115146901c4_中银三星2025年报.pdf,业务及管理费,,六、 财务报表附注（续）34. 业务及管理费和其他业务成本,20,DETAIL,1,按费用项目,业务招待费,业务招待费,,UNMAPPED,2.0,3.0,2024|本集团|RESTATED,2024.0,本集团,True,本集团 | 2024 | （已重述）,"16,554,321.39",16554321.39,16554321.39,元,元,133,,spatial_roi+column_anchors,按费用项目||业务招待费
中银三星2025年报__业务及管理费__20260722T090230,中银三星,2025,业务及管理费,e115146901c4_中银三星2025年报.pdf,业务及管理费,,六、 财务报表附注（续）34. 业务及管理费和其他业务成本,20,DETAIL,1,按费用项目,业务招待费,业务招待费,,UNMAPPED,3.0,4.0,2024|本公司|RESTATED,2024.0,本公司,True,本公司 | 2024 | （已重述）,"16,554,321.39",16554321.39,16554321.39,元,元,133,,spatial_roi+column_anchors,按费用项目||业务招待费
中银三星2025年报__业务及管理费__20260722T090230,中银三星,2025,业务及管理费,e115146901c4_中银三星2025年报.pdf,业务及管理费,,六、 财务报表附注（续）34. 业务及管理费和其他业务成本,21,DETAIL,1,按费用项目,税金及附加,税金及附加,,UNMAPPED,0.0,1.0,2025|本集团|ORIGINAL,2025.0,本集团,False,本集团 | 2025,"7,940,695.60",7940695.6,7940695.6,元,元,133,,spatial_roi+column_anchors,按费用项目||税金及附加
中银三星2025年报__业务及管理费__20260722T090230,中银三星,2025,业务及管理费,e115146901c4_中银三星2025年报.pdf,业务及管理费,,六、 财务报表附注（续）34. 业务及管理费和其他业务成本,21,DETAIL,1,按费用项目,税金及附加,税金及附加,,UNMAPPED,1.0,2.0,2025|本公司|ORIGINAL,2025.0,本公司,False,本公司 | 2025,"7,909,097.66",7909097.66,7909097.66,元,元,133,,spatial_roi+column_anchors,按费用项目||税金及附加
中银三星2025年报__业务及管理费__20260722T090230,中银三星,2025,业务及管理费,e115146901c4_中银三星2025年报.pdf,业务及管理费,,六、 财务报表附注（续）34. 业务及管理费和其他业务成本,21,DETAIL,1,按费用项目,税金及附加,税金及附加,,UNMAPPED,2.0,3.0,2024|本集团|RESTATED,2024.0,本集团,True,本集团 | 2024 | （已重述）,"12,256,458.61",12256458.61,12256458.61,元,元,133,,spatial_roi+column_anchors,按费用项目||税金及附加
中银三星2025年报__业务及管理费__20260722T090230,中银三星,2025,业务及管理费,e115146901c4_中银三星2025年报.pdf,业务及管理费,,六、 财务报表附注（续）34. 业务及管理费和其他业务成本,21,DETAIL,1,按费用项目,税金及附加,税金及附加,,UNMAPPED,3.0,4.0,2024|本公司|RESTATED,2024.0,本公司,True,本公司 | 2024 | （已重述）,"12,256,458.61",12256458.61,12256458.61,元,元,133,,spatial_roi+column_anchors,按费用项目||税金及附加
中银三星2025年报__业务及管理费__20260722T090230,中银三星,2025,业务及管理费,e115146901c4_中银三星2025年报.pdf,业务及管理费,,六、 财务报表附注（续）34. 业务及管理费和其他业务成本,22,DETAIL,1,按费用项目,咨询费,咨询费,,UNMAPPED,0.0,1.0,2025|本集团|ORIGINAL,2025.0,本集团,False,本集团 | 2025,"2,832,066.51",2832066.51,2832066.51,元,元,133,,spatial_roi+column_anchors,按费用项目||咨询费
中银三星2025年报__业务及管理费__20260722T090230,中银三星,2025,业务及管理费,e115146901c4_中银三星2025年报.pdf,业务及管理费,,六、 财务报表附注（续）34. 业务及管理费和其他业务成本,22,DETAIL,1,按费用项目,咨询费,咨询费,,UNMAPPED,1.0,2.0,2025|本公司|ORIGINAL,2025.0,本公司,False,本公司 | 2025,"2,832,066.51",2832066.51,2832066.51,元,元,133,,spatial_roi+column_anchors,按费用项目||咨询费
中银三星2025年报__业务及管理费__20260722T090230,中银三星,2025,业务及管理费,e115146901c4_中银三星2025年报.pdf,业务及管理费,,六、 财务报表附注（续）34. 业务及管理费和其他业务成本,22,DETAIL,1,按费用项目,咨询费,咨询费,,UNMAPPED,2.0,3.0,2024|本集团|RESTATED,2024.0,本集团,True,本集团 | 2024 | （已重述）,"6,139,190.97",6139190.97,6139190.97,元,元,133,,spatial_roi+column_anchors,按费用项目||咨询费
中银三星2025年报__业务及管理费__20260722T090230,中银三星,2025,业务及管理费,e115146901c4_中银三星2025年报.pdf,业务及管理费,,六、 财务报表附注（续）34. 业务及管理费和其他业务成本,22,DETAIL,1,按费用项目,咨询费,咨询费,,UNMAPPED,3.0,4.0,2024|本公司|RESTATED,2024.0,本公司,True,本公司 | 2024 | （已重述）,"6,139,190.97",6139190.97,6139190.97,元,元,133,,spatial_roi+column_anchors,按费用项目||咨询费
中银三星2025年报__业务及管理费__20260722T090230,中银三星,2025,业务及管理费,e115146901c4_中银三星2025年报.pdf,业务及管理费,,六、 财务报表附注（续）34. 业务及管理费和其他业务成本,23,DETAIL,1,按费用项目,公杂费,公杂费,,UNMAPPED,0.0,1.0,2025|本集团|ORIGINAL,2025.0,本集团,False,本集团 | 2025,"2,557,968.65",2557968.65,2557968.65,元,元,133,,spatial_roi+column_anchors,按费用项目||公杂费
中银三星2025年报__业务及管理费__20260722T090230,中银三星,2025,业务及管理费,e115146901c4_中银三星2025年报.pdf,业务及管理费,,六、 财务报表附注（续）34. 业务及管理费和其他业务成本,23,DETAIL,1,按费用项目,公杂费,公杂费,,UNMAPPED,1.0,2.0,2025|本公司|ORIGINAL,2025.0,本公司,False,本公司 | 2025,"2,557,968.65",2557968.65,2557968.65,元,元,133,,spatial_roi+column_anchors,按费用项目||公杂费
中银三星2025年报__业务及管理费__20260722T090230,中银三星,2025,业务及管理费,e115146901c4_中银三星2025年报.pdf,业务及管理费,,六、 财务报表附注（续）34. 业务及管理费和其他业务成本,23,DETAIL,1,按费用项目,公杂费,公杂费,,UNMAPPED,2.0,3.0,2024|本集团|RESTATED,2024.0,本集团,True,本集团 | 2024 | （已重述）,"2,729,721.46",2729721.46,2729721.46,元,元,133,,spatial_roi+column_anchors,按费用项目||公杂费
中银三星2025年报__业务及管理费__20260722T090230,中银三星,2025,业务及管理费,e115146901c4_中银三星2025年报.pdf,业务及管理费,,六、 财务报表附注（续）34. 业务及管理费和其他业务成本,23,DETAIL,1,按费用项目,公杂费,公杂费,,UNMAPPED,3.0,4.0,2024|本公司|RESTATED,2024.0,本公司,True,本公司 | 2024 | （已重述）,"2,729,721.46",2729721.46,2729721.46,元,元,133,,spatial_roi+column_anchors,按费用项目||公杂费
中银三星2025年报__业务及管理费__20260722T090230,中银三星,2025,业务及管理费,e115146901c4_中银三星2025年报.pdf,业务及管理费,,六、 财务报表附注（续）34. 业务及管理费和其他业务成本,24,DETAIL,1,按费用项目,其他业务成本,其他业务成本,,UNMAPPED,0.0,1.0,2025|本集团|ORIGINAL,2025.0,本集团,False,本集团 | 2025,"(327,784,696.41)",-327784696.41,-327784696.41,元,元,133,,spatial_roi+column_anchors,按费用项目||其他业务成本
中银三星2025年报__业务及管理费__20260722T090230,中银三星,2025,业务及管理费,e115146901c4_中银三星2025年报.pdf,业务及管理费,,六、 财务报表附注（续）34. 业务及管理费和其他业务成本,24,DETAIL,1,按费用项目,其他业务成本,其他业务成本,,UNMAPPED,1.0,2.0,2025|本公司|ORIGINAL,2025.0,本公司,False,本公司 | 2025,"(353,940,694.43)",-353940694.43,-353940694.43,元,元,133,,spatial_roi+column_anchors,按费用项目||其他业务成本
中银三星2025年报__业务及管理费__20260722T090230,中银三星,2025,业务及管理费,e115146901c4_中银三星2025年报.pdf,业务及管理费,,六、 财务报表附注（续）34. 业务及管理费和其他业务成本,24,DETAIL,1,按费用项目,其他业务成本,其他业务成本,,UNMAPPED,2.0,3.0,2024|本集团|RESTATED,2024.0,本集团,True,本集团 | 2024 | （已重述）,"(473,196,701.67)",-473196701.67,-473196701.67,元,元,133,,spatial_roi+column_anchors,按费用项目||其他业务成本
中银三星2025年报__业务及管理费__20260722T090230,中银三星,2025,业务及管理费,e115146901c4_中银三星2025年报.pdf,业务及管理费,,六、 财务报表附注（续）34. 业务及管理费和其他业务成本,24,DETAIL,1,按费用项目,其他业务成本,其他业务成本,,UNMAPPED,3.0,4.0,2024|本公司|RESTATED,2024.0,本公司,True,本公司 | 2024 | （已重述）,"(490,993,786.80)",-490993786.8,-490993786.8,元,元,133,,spatial_roi+column_anchors,按费用项目||其他业务成本
中银三星2025年报__业务及管理费__20260722T090230,中银三星,2025,业务及管理费,e115146901c4_中银三星2025年报.pdf,业务及管理费,,六、 财务报表附注（续）34. 业务及管理费和其他业务成本,25,DETAIL,1,按费用项目,其他费用,其他费用,,UNMAPPED,0.0,1.0,2025|本集团|ORIGINAL,2025.0,本集团,False,本集团 | 2025,"116,207,408.46",116207408.46,116207408.46,元,元,133,,spatial_roi+column_anchors,按费用项目||其他费用
中银三星2025年报__业务及管理费__20260722T090230,中银三星,2025,业务及管理费,e115146901c4_中银三星2025年报.pdf,业务及管理费,,六、 财务报表附注（续）34. 业务及管理费和其他业务成本,25,DETAIL,1,按费用项目,其他费用,其他费用,,UNMAPPED,1.0,2.0,2025|本公司|ORIGINAL,2025.0,本公司,False,本公司 | 2025,"116,006,408.46",116006408.46,116006408.46,元,元,133,,spatial_roi+column_anchors,按费用项目||其他费用
中银三星2025年报__业务及管理费__20260722T090230,中银三星,2025,业务及管理费,e115146901c4_中银三星2025年报.pdf,业务及管理费,,六、 财务报表附注（续）34. 业务及管理费和其他业务成本,25,DETAIL,1,按费用项目,其他费用,其他费用,,UNMAPPED,2.0,3.0,2024|本集团|RESTATED,2024.0,本集团,True,本集团 | 2024 | （已重述）,"86,589,156.12",86589156.12,86589156.12,元,元,133,,spatial_roi+column_anchors,按费用项目||其他费用
中银三星2025年报__业务及管理费__20260722T090230,中银三星,2025,业务及管理费,e115146901c4_中银三星2025年报.pdf,业务及管理费,,六、 财务报表附注（续）34. 业务及管理费和其他业务成本,25,DETAIL,1,按费用项目,其他费用,其他费用,,UNMAPPED,3.0,4.0,2024|本公司|RESTATED,2024.0,本公司,True,本公司 | 2024 | （已重述）,"86,589,156.12",86589156.12,86589156.12,元,元,133,,spatial_roi+column_anchors,按费用项目||其他费用
中银三星2025年报__业务及管理费__20260722T090230,中银三星,2025,业务及管理费,e115146901c4_中银三星2025年报.pdf,业务及管理费,,六、 财务报表附注（续）34. 业务及管理费和其他业务成本,26,TOTAL,1,按费用项目,合计,合计,,UNMAPPED,0.0,1.0,2025|本集团|ORIGINAL,2025.0,本集团,False,本集团 | 2025,"1,850,376,564.71",1850376564.71,1850376564.71,元,元,133,,spatial_roi+column_anchors,按费用项目||合计
中银三星2025年报__业务及管理费__20260722T090230,中银三星,2025,业务及管理费,e115146901c4_中银三星2025年报.pdf,业务及管理费,,六、 财务报表附注（续）34. 业务及管理费和其他业务成本,26,TOTAL,1,按费用项目,合计,合计,,UNMAPPED,1.0,2.0,2025|本公司|ORIGINAL,2025.0,本公司,False,本公司 | 2025,"1,823,987,968.75",1823987968.75,1823987968.75,元,元,133,,spatial_roi+column_anchors,按费用项目||合计
中银三星2025年报__业务及管理费__20260722T090230,中银三星,2025,业务及管理费,e115146901c4_中银三星2025年报.pdf,业务及管理费,,六、 财务报表附注（续）34. 业务及管理费和其他业务成本,26,TOTAL,1,按费用项目,合计,合计,,UNMAPPED,2.0,3.0,2024|本集团|RESTATED,2024.0,本集团,True,本集团 | 2024 | （已重述）,"1,720,179,836.72",1720179836.72,1720179836.72,元,元,133,,spatial_roi+column_anchors,按费用项目||合计
中银三星2025年报__业务及管理费__20260722T090230,中银三星,2025,业务及管理费,e115146901c4_中银三星2025年报.pdf,业务及管理费,,六、 财务报表附注（续）34. 业务及管理费和其他业务成本,26,TOTAL,1,按费用项目,合计,合计,,UNMAPPED,3.0,4.0,2024|本公司|RESTATED,2024.0,本公司,True,本公司 | 2024 | （已重述）,"1,702,382,751.59",1702382751.59,1702382751.59,元,元,133,,spatial_roi+column_anchors,按费用项目||合计
中银三星2025年报__业务及管理费__20260722T090230,中银三星,2025,业务及管理费,e115146901c4_中银三星2025年报.pdf,业务及管理费,,六、 财务报表附注（续）34. 业务及管理费和其他业务成本,27,CLASSIFICATION_TOTAL,1,按费用项目,可归属于保险合同组合的费用,可归属于保险合同组合的费用,,UNMAPPED,0.0,1.0,2025|本集团|ORIGINAL,2025.0,本集团,False,本集团 | 2025,"1,976,619,664.19",1976619664.19,1976619664.19,元,元,133,,spatial_roi+column_anchors,按费用项目||可归属于保险合同组合的费用
中银三星2025年报__业务及管理费__20260722T090230,中银三星,2025,业务及管理费,e115146901c4_中银三星2025年报.pdf,业务及管理费,,六、 财务报表附注（续）34. 业务及管理费和其他业务成本,27,CLASSIFICATION_TOTAL,1,按费用项目,可归属于保险合同组合的费用,可归属于保险合同组合的费用,,UNMAPPED,1.0,2.0,2025|本公司|ORIGINAL,2025.0,本公司,False,本公司 | 2025,"1,976,619,664.19",1976619664.19,1976619664.19,元,元,133,,spatial_roi+column_anchors,按费用项目||可归属于保险合同组合的费用
中银三星2025年报__业务及管理费__20260722T090230,中银三星,2025,业务及管理费,e115146901c4_中银三星2025年报.pdf,业务及管理费,,六、 财务报表附注（续）34. 业务及管理费和其他业务成本,27,CLASSIFICATION_TOTAL,1,按费用项目,可归属于保险合同组合的费用,可归属于保险合同组合的费用,,UNMAPPED,2.0,3.0,2024|本集团|RESTATED,2024.0,本集团,True,本集团 | 2024 | （已重述）,"2,001,866,734.36",2001866734.36,2001866734.36,元,元,133,,spatial_roi+column_anchors,按费用项目||可归属于保险合同组合的费用
中银三星2025年报__业务及管理费__20260722T090230,中银三星,2025,业务及管理费,e115146901c4_中银三星2025年报.pdf,业务及管理费,,六、 财务报表附注（续）34. 业务及管理费和其他业务成本,27,CLASSIFICATION_TOTAL,1,按费用项目,可归属于保险合同组合的费用,可归属于保险合同组合的费用,,UNMAPPED,3.0,4.0,2024|本公司|RESTATED,2024.0,本公司,True,本公司 | 2024 | （已重述）,"2,001,866,793.30",2001866793.3,2001866793.3,元,元,133,,spatial_roi+column_anchors,按费用项目||可归属于保险合同组合的费用
中银三星2025年报__业务及管理费__20260722T090230,中银三星,2025,业务及管理费,e115146901c4_中银三星2025年报.pdf,业务及管理费,,六、 财务报表附注（续）34. 业务及管理费和其他业务成本,28,SECTION_HEADER,0,,计入未到期责任负债的保险,计入未到期责任负债的保险,,UNMAPPED,,,,,,,,,,,,,133,,spatial_roi,||计入未到期责任负债的保险
中银三星2025年报__业务及管理费__20260722T090230,中银三星,2025,业务及管理费,e115146901c4_中银三星2025年报.pdf,业务及管理费,,六、 财务报表附注（续）34. 业务及管理费和其他业务成本,29,DETAIL,1,计入未到期责任负债的保险,获取现金流量,获取现金流量,,UNMAPPED,0.0,1.0,2025|本集团|ORIGINAL,2025.0,本集团,False,本集团 | 2025,"1,668,932,503.76",1668932503.76,1668932503.76,元,元,133,,spatial_roi+column_anchors,计入未到期责任负债的保险||获取现金流量
中银三星2025年报__业务及管理费__20260722T090230,中银三星,2025,业务及管理费,e115146901c4_中银三星2025年报.pdf,业务及管理费,,六、 财务报表附注（续）34. 业务及管理费和其他业务成本,29,DETAIL,1,计入未到期责任负债的保险,获取现金流量,获取现金流量,,UNMAPPED,1.0,2.0,2025|本公司|ORIGINAL,2025.0,本公司,False,本公司 | 2025,"1,668,932,503.76",1668932503.76,1668932503.76,元,元,133,,spatial_roi+column_anchors,计入未到期责任负债的保险||获取现金流量
中银三星2025年报__业务及管理费__20260722T090230,中银三星,2025,业务及管理费,e115146901c4_中银三星2025年报.pdf,业务及管理费,,六、 财务报表附注（续）34. 业务及管理费和其他业务成本,29,DETAIL,1,计入未到期责任负债的保险,获取现金流量,获取现金流量,,UNMAPPED,2.0,3.0,2024|本集团|RESTATED,2024.0,本集团,True,本集团 | 2024 | （已重述）,"1,697,906,210.24",1697906210.24,1697906210.24,元,元,133,,spatial_roi+column_anchors,计入未到期责任负债的保险||获取现金流量
中银三星2025年报__业务及管理费__20260722T090230,中银三星,2025,业务及管理费,e115146901c4_中银三星2025年报.pdf,业务及管理费,,六、 财务报表附注（续）34. 业务及管理费和其他业务成本,29,DETAIL,1,计入未到期责任负债的保险,获取现金流量,获取现金流量,,UNMAPPED,3.0,4.0,2024|本公司|RESTATED,2024.0,本公司,True,本公司 | 2024 | （已重述）,"1,697,906,210.24",1697906210.24,1697906210.24,元,元,133,,spatial_roi+column_anchors,计入未到期责任负债的保险||获取现金流量
中银三星2025年报__业务及管理费__20260722T090230,中银三星,2025,业务及管理费,e115146901c4_中银三星2025年报.pdf,业务及管理费,,六、 财务报表附注（续）34. 业务及管理费和其他业务成本,30,DETAIL,1,计入未到期责任负债的保险,计入保险服务费用的金额,计入保险服务费用的金额,,UNMAPPED,0.0,1.0,2025|本集团|ORIGINAL,2025.0,本集团,False,本集团 | 2025,"307,687,160.43",307687160.43,307687160.43,元,元,133,,spatial_roi+column_anchors,计入未到期责任负债的保险||计入保险服务费用的金额
中银三星2025年报__业务及管理费__20260722T090230,中银三星,2025,业务及管理费,e115146901c4_中银三星2025年报.pdf,业务及管理费,,六、 财务报表附注（续）34. 业务及管理费和其他业务成本,30,DETAIL,1,计入未到期责任负债的保险,计入保险服务费用的金额,计入保险服务费用的金额,,UNMAPPED,1.0,2.0,2025|本公司|ORIGINAL,2025.0,本公司,False,本公司 | 2025,"307,687,160.43",307687160.43,307687160.43,元,元,133,,spatial_roi+column_anchors,计入未到期责任负债的保险||计入保险服务费用的金额
中银三星2025年报__业务及管理费__20260722T090230,中银三星,2025,业务及管理费,e115146901c4_中银三星2025年报.pdf,业务及管理费,,六、 财务报表附注（续）34. 业务及管理费和其他业务成本,30,DETAIL,1,计入未到期责任负债的保险,计入保险服务费用的金额,计入保险服务费用的金额,,UNMAPPED,2.0,3.0,2024|本集团|RESTATED,2024.0,本集团,True,本集团 | 2024 | （已重述）,"303,960,524.12",303960524.12,303960524.12,元,元,133,,spatial_roi+column_anchors,计入未到期责任负债的保险||计入保险服务费用的金额
中银三星2025年报__业务及管理费__20260722T090230,中银三星,2025,业务及管理费,e115146901c4_中银三星2025年报.pdf,业务及管理费,,六、 财务报表附注（续）34. 业务及管理费和其他业务成本,30,DETAIL,1,计入未到期责任负债的保险,计入保险服务费用的金额,计入保险服务费用的金额,,UNMAPPED,3.0,4.0,2024|本公司|RESTATED,2024.0,本公司,True,本公司 | 2024 | （已重述）,"303,960,583.06",303960583.06,303960583.06,元,元,133,,spatial_roi+column_anchors,计入未到期责任负债的保险||计入保险服务费用的金额
中银三星2025年报__业务及管理费__20260722T090230,中银三星,2025,业务及管理费,e115146901c4_中银三星2025年报.pdf,业务及管理费,,六、 财务报表附注（续）34. 业务及管理费和其他业务成本,31,CLASSIFICATION_TOTAL,1,计入未到期责任负债的保险,不可归属于保险合同组合的费用,不可归属于保险合同组合的费用,,UNMAPPED,0.0,1.0,2025|本集团|ORIGINAL,2025.0,本集团,False,本集团 | 2025,"(126,243,099.48)",-126243099.48,-126243099.48,元,元,133,,spatial_roi+column_anchors,计入未到期责任负债的保险||不可归属于保险合同组合的费用
中银三星2025年报__业务及管理费__20260722T090230,中银三星,2025,业务及管理费,e115146901c4_中银三星2025年报.pdf,业务及管理费,,六、 财务报表附注（续）34. 业务及管理费和其他业务成本,31,CLASSIFICATION_TOTAL,1,计入未到期责任负债的保险,不可归属于保险合同组合的费用,不可归属于保险合同组合的费用,,UNMAPPED,1.0,2.0,2025|本公司|ORIGINAL,2025.0,本公司,False,本公司 | 2025,"(152,631,695.44)",-152631695.44,-152631695.44,元,元,133,,spatial_roi+column_anchors,计入未到期责任负债的保险||不可归属于保险合同组合的费用
中银三星2025年报__业务及管理费__20260722T090230,中银三星,2025,业务及管理费,e115146901c4_中银三星2025年报.pdf,业务及管理费,,六、 财务报表附注（续）34. 业务及管理费和其他业务成本,31,CLASSIFICATION_TOTAL,1,计入未到期责任负债的保险,不可归属于保险合同组合的费用,不可归属于保险合同组合的费用,,UNMAPPED,2.0,3.0,2024|本集团|RESTATED,2024.0,本集团,True,本集团 | 2024 | （已重述）,"(281,686,897.64)",-281686897.64,-281686897.64,元,元,133,,spatial_roi+column_anchors,计入未到期责任负债的保险||不可归属于保险合同组合的费用
中银三星2025年报__业务及管理费__20260722T090230,中银三星,2025,业务及管理费,e115146901c4_中银三星2025年报.pdf,业务及管理费,,六、 财务报表附注（续）34. 业务及管理费和其他业务成本,31,CLASSIFICATION_TOTAL,1,计入未到期责任负债的保险,不可归属于保险合同组合的费用,不可归属于保险合同组合的费用,,UNMAPPED,3.0,4.0,2024|本公司|RESTATED,2024.0,本公司,True,本公司 | 2024 | （已重述）,"(299,484,041.71)",-299484041.71,-299484041.71,元,元,133,,spatial_roi+column_anchors,计入未到期责任负债的保险||不可归属于保险合同组合的费用
