table_id,canonical_key,canonical_section,canonical_item,company,document_year,year,scope,restated,unit,source_count,mapping_status,conflict_status,final_value,source_rows,canonical_order,row_type,row_level,parent_section,order_source,reference_capture_run_id,reference_row_order
业务及管理费,CANON::业务及管理费::::职工薪酬,,职工薪酬,农银人寿,2022,2021.0,,False,,1,AUTO_EXACT_IDENTITY,OK,877505.1,农银人寿2022年报__业务及管理费__20260721T161445:p106:职工薪酬,1,DETAIL,0,nan,REFERENCE:农银人寿2022年报__业务及管理费__20260721T161445,农银人寿2022年报__业务及管理费__20260721T161445,1.0
业务及管理费,CANON::业务及管理费::::职工薪酬,,职工薪酬,农银人寿,2022,2022.0,,False,,1,AUTO_EXACT_IDENTITY,OK,902706.32,农银人寿2022年报__业务及管理费__20260721T161445:p106:职工薪酬,1,DETAIL,0,nan,REFERENCE:农银人寿2022年报__业务及管理费__20260721T161445,农银人寿2022年报__业务及管理费__20260721T161445,1.0
业务及管理费,CANON::业务及管理费::::职工薪酬,,职工薪酬,农银人寿,2023,2022.0,,False,,1,AUTO_EXACT_IDENTITY,OK,967078.47,农银人寿2023年报__业务及管理费__20260721T161604:p106:职工薪酬,1,DETAIL,0,nan,REFERENCE:农银人寿2022年报__业务及管理费__20260721T161445,农银人寿2022年报__业务及管理费__20260721T161445,1.0
业务及管理费,CANON::业务及管理费::::职工薪酬,,职工薪酬,农银人寿,2023,2023.0,,False,,1,AUTO_EXACT_IDENTITY,OK,993802.5,农银人寿2023年报__业务及管理费__20260721T161604:p106:职工薪酬,1,DETAIL,0,nan,REFERENCE:农银人寿2022年报__业务及管理费__20260721T161445,农银人寿2022年报__业务及管理费__20260721T161445,1.0
业务及管理费,RAW::业务及管理费::::社会保险费,,社会保险费,农银人寿,2022,2021.0,,False,,1,UNMAPPED_PRESERVED,OK,261593.51,农银人寿2022年报__业务及管理费__20260721T161445:p106:社会保险费,2,DETAIL,0,nan,REFERENCE:农银人寿2022年报__业务及管理费__20260721T161445,农银人寿2022年报__业务及管理费__20260721T161445,2.0
业务及管理费,RAW::业务及管理费::::社会保险费,,社会保险费,农银人寿,2022,2022.0,,False,,1,UNMAPPED_PRESERVED,OK,293919.25,农银人寿2022年报__业务及管理费__20260721T161445:p106:社会保险费,2,DETAIL,0,nan,REFERENCE:农银人寿2022年报__业务及管理费__20260721T161445,农银人寿2022年报__业务及管理费__20260721T161445,2.0
业务及管理费,RAW::业务及管理费::::社会保险费和住房公积金,,社会保险费和住房公积金,农银人寿,2023,2022.0,,False,,1,UNMAPPED_PRESERVED,OK,293919.25,农银人寿2023年报__业务及管理费__20260721T161604:p106:社会保险费和住房公积金,3,DETAIL,0,nan,INSERTED_FROM:农银人寿2023年报__业务及管理费__20260721T161604,农银人寿2022年报__业务及管理费__20260721T161445,
业务及管理费,RAW::业务及管理费::::社会保险费和住房公积金,,社会保险费和住房公积金,农银人寿,2023,2023.0,,False,,1,UNMAPPED_PRESERVED,OK,293189.24,农银人寿2023年报__业务及管理费__20260721T161604:p106:社会保险费和住房公积金,3,DETAIL,0,nan,INSERTED_FROM:农银人寿2023年报__业务及管理费__20260721T161604,农银人寿2022年报__业务及管理费__20260721T161445,
业务及管理费,CANON::业务及管理费::::折旧和摊销费,,折旧和摊销费,农银人寿,2022,2021.0,,False,,1,AUTO_EXACT_IDENTITY,OK,204498.59,农银人寿2022年报__业务及管理费__20260721T161445:p106:折旧和摊销费,4,DETAIL,0,nan,REFERENCE:农银人寿2022年报__业务及管理费__20260721T161445,农银人寿2022年报__业务及管理费__20260721T161445,3.0
业务及管理费,CANON::业务及管理费::::折旧和摊销费,,折旧和摊销费,农银人寿,2022,2022.0,,False,,1,AUTO_EXACT_IDENTITY,OK,231361.65,农银人寿2022年报__业务及管理费__20260721T161445:p106:折旧和摊销费,4,DETAIL,0,nan,REFERENCE:农银人寿2022年报__业务及管理费__20260721T161445,农银人寿2022年报__业务及管理费__20260721T161445,3.0
业务及管理费,CANON::业务及管理费::::折旧和摊销费,,折旧和摊销费,农银人寿,2023,2022.0,,False,,1,AUTO_EXACT_IDENTITY,OK,231361.65,农银人寿2023年报__业务及管理费__20260721T161604:p106:折旧和摊销费,4,DETAIL,0,nan,REFERENCE:农银人寿2022年报__业务及管理费__20260721T161445,农银人寿2022年报__业务及管理费__20260721T161445,3.0
业务及管理费,CANON::业务及管理费::::折旧和摊销费,,折旧和摊销费,农银人寿,2023,2023.0,,False,,1,AUTO_EXACT_IDENTITY,OK,203068.18,农银人寿2023年报__业务及管理费__20260721T161604:p106:折旧和摊销费,4,DETAIL,0,nan,REFERENCE:农银人寿2022年报__业务及管理费__20260721T161445,农银人寿2022年报__业务及管理费__20260721T161445,3.0
业务及管理费,CANON::业务及管理费::::行政办公支出,,行政办公支出,农银人寿,2022,2021.0,,False,,1,AUTO_EXACT_IDENTITY,OK,159913.01,农银人寿2022年报__业务及管理费__20260721T161445:p106:行政办公支出,5,DETAIL,0,nan,REFERENCE:农银人寿2022年报__业务及管理费__20260721T161445,农银人寿2022年报__业务及管理费__20260721T161445,4.0
业务及管理费,CANON::业务及管理费::::行政办公支出,,行政办公支出,农银人寿,2022,2022.0,,False,,1,AUTO_EXACT_IDENTITY,OK,125801.71,农银人寿2022年报__业务及管理费__20260721T161445:p106:行政办公支出,5,DETAIL,0,nan,REFERENCE:农银人寿2022年报__业务及管理费__20260721T161445,农银人寿2022年报__业务及管理费__20260721T161445,4.0
业务及管理费,CANON::业务及管理费::::行政办公支出,,行政办公支出,农银人寿,2023,2022.0,,False,,1,AUTO_EXACT_IDENTITY,OK,125801.71,农银人寿2023年报__业务及管理费__20260721T161604:p106:行政办公支出,5,DETAIL,0,nan,REFERENCE:农银人寿2022年报__业务及管理费__20260721T161445,农银人寿2022年报__业务及管理费__20260721T161445,4.0
业务及管理费,CANON::业务及管理费::::行政办公支出,,行政办公支出,农银人寿,2023,2023.0,,False,,1,AUTO_EXACT_IDENTITY,OK,149446.87,农银人寿2023年报__业务及管理费__20260721T161604:p106:行政办公支出,5,DETAIL,0,nan,REFERENCE:农银人寿2022年报__业务及管理费__20260721T161445,农银人寿2022年报__业务及管理费__20260721T161445,4.0
业务及管理费,RAW::业务及管理费::::劳动保险费,,劳动保险费,农银人寿,2022,2021.0,,False,,1,UNMAPPED_PRESERVED,OK,55962.92,农银人寿2022年报__业务及管理费__20260721T161445:p106:劳动保险费,6,DETAIL,0,nan,REFERENCE:农银人寿2022年报__业务及管理费__20260721T161445,农银人寿2022年报__业务及管理费__20260721T161445,5.0
业务及管理费,RAW::业务及管理费::::劳动保险费,,劳动保险费,农银人寿,2022,2022.0,,False,,1,UNMAPPED_PRESERVED,OK,64372.15,农银人寿2022年报__业务及管理费__20260721T161445:p106:劳动保险费,6,DETAIL,0,nan,REFERENCE:农银人寿2022年报__业务及管理费__20260721T161445,农银人寿2022年报__业务及管理费__20260721T161445,5.0
业务及管理费,CANON::业务及管理费::::保险保障基金,,保险保障基金,农银人寿,2022,2021.0,,False,,1,AUTO_EXACT_IDENTITY,OK,46687.24,农银人寿2022年报__业务及管理费__20260721T161445:p106:保险保障基金,7,DETAIL,0,nan,REFERENCE:农银人寿2022年报__业务及管理费__20260721T161445,农银人寿2022年报__业务及管理费__20260721T161445,6.0
业务及管理费,CANON::业务及管理费::::保险保障基金,,保险保障基金,农银人寿,2022,2022.0,,False,,1,AUTO_EXACT_IDENTITY,OK,55077.7,农银人寿2022年报__业务及管理费__20260721T161445:p106:保险保障基金,7,DETAIL,0,nan,REFERENCE:农银人寿2022年报__业务及管理费__20260721T161445,农银人寿2022年报__业务及管理费__20260721T161445,6.0
业务及管理费,CANON::业务及管理费::::保险保障基金,,保险保障基金,农银人寿,2023,2022.0,,False,,1,AUTO_EXACT_IDENTITY,OK,55077.7,农银人寿2023年报__业务及管理费__20260721T161604:p106:保险保障基金,7,DETAIL,0,nan,REFERENCE:农银人寿2022年报__业务及管理费__20260721T161445,农银人寿2022年报__业务及管理费__20260721T161445,6.0
业务及管理费,CANON::业务及管理费::::保险保障基金,,保险保障基金,农银人寿,2023,2023.0,,False,,1,AUTO_EXACT_IDENTITY,OK,89744.97,农银人寿2023年报__业务及管理费__20260721T161604:p106:保险保障基金,7,DETAIL,0,nan,REFERENCE:农银人寿2022年报__业务及管理费__20260721T161445,农银人寿2022年报__业务及管理费__20260721T161445,6.0
业务及管理费,CANON::业务及管理费::::广告及宣传费,,广告及宣传费,农银人寿,2022,2021.0,,False,,1,AUTO_EXACT_IDENTITY,OK,39055.91,农银人寿2022年报__业务及管理费__20260721T161445:p106:广告及宣传费,8,DETAIL,0,nan,REFERENCE:农银人寿2022年报__业务及管理费__20260721T161445,农银人寿2022年报__业务及管理费__20260721T161445,7.0
业务及管理费,CANON::业务及管理费::::广告及宣传费,,广告及宣传费,农银人寿,2022,2022.0,,False,,1,AUTO_EXACT_IDENTITY,OK,49877.52,农银人寿2022年报__业务及管理费__20260721T161445:p106:广告及宣传费,8,DETAIL,0,nan,REFERENCE:农银人寿2022年报__业务及管理费__20260721T161445,农银人寿2022年报__业务及管理费__20260721T161445,7.0
业务及管理费,CANON::业务及管理费::::广告及宣传费,,广告及宣传费,农银人寿,2023,2022.0,,False,,1,AUTO_EXACT_IDENTITY,OK,49877.52,农银人寿2023年报__业务及管理费__20260721T161604:p106:广告及宣传费,8,DETAIL,0,nan,REFERENCE:农银人寿2022年报__业务及管理费__20260721T161445,农银人寿2022年报__业务及管理费__20260721T161445,7.0
业务及管理费,CANON::业务及管理费::::广告及宣传费,,广告及宣传费,农银人寿,2023,2023.0,,False,,1,AUTO_EXACT_IDENTITY,OK,59859.04,农银人寿2023年报__业务及管理费__20260721T161604:p106:广告及宣传费,8,DETAIL,0,nan,REFERENCE:农银人寿2022年报__业务及管理费__20260721T161445,农银人寿2022年报__业务及管理费__20260721T161445,7.0
业务及管理费,CANON::业务及管理费::::电子设备运转费,,电子设备运转费,农银人寿,2022,2021.0,,False,,1,AUTO_EXACT_IDENTITY,OK,31050.87,农银人寿2022年报__业务及管理费__20260721T161445:p106:电子设备运转费,9,DETAIL,0,nan,REFERENCE:农银人寿2022年报__业务及管理费__20260721T161445,农银人寿2022年报__业务及管理费__20260721T161445,8.0
业务及管理费,CANON::业务及管理费::::电子设备运转费,,电子设备运转费,农银人寿,2022,2022.0,,False,,1,AUTO_EXACT_IDENTITY,OK,36314.97,农银人寿2022年报__业务及管理费__20260721T161445:p106:电子设备运转费,9,DETAIL,0,nan,REFERENCE:农银人寿2022年报__业务及管理费__20260721T161445,农银人寿2022年报__业务及管理费__20260721T161445,8.0
业务及管理费,CANON::业务及管理费::::电子设备运转费,,电子设备运转费,农银人寿,2023,2022.0,,False,,1,AUTO_EXACT_IDENTITY,OK,36314.97,农银人寿2023年报__业务及管理费__20260721T161604:p106:电子设备运转费,9,DETAIL,0,nan,REFERENCE:农银人寿2022年报__业务及管理费__20260721T161445,农银人寿2022年报__业务及管理费__20260721T161445,8.0
业务及管理费,CANON::业务及管理费::::电子设备运转费,,电子设备运转费,农银人寿,2023,2023.0,,False,,1,AUTO_EXACT_IDENTITY,OK,62795.24,农银人寿2023年报__业务及管理费__20260721T161604:p106:电子设备运转费,9,DETAIL,0,nan,REFERENCE:农银人寿2022年报__业务及管理费__20260721T161445,农银人寿2022年报__业务及管理费__20260721T161445,8.0
业务及管理费,CANON::业务及管理费::::租赁费,,租赁费,农银人寿,2022,2021.0,,False,,1,AUTO_EXACT_IDENTITY,OK,28256.84,农银人寿2022年报__业务及管理费__20260721T161445:p106:租赁费,10,DETAIL,0,nan,REFERENCE:农银人寿2022年报__业务及管理费__20260721T161445,农银人寿2022年报__业务及管理费__20260721T161445,9.0
业务及管理费,CANON::业务及管理费::::租赁费,,租赁费,农银人寿,2022,2022.0,,False,,1,AUTO_EXACT_IDENTITY,OK,23508.17,农银人寿2022年报__业务及管理费__20260721T161445:p106:租赁费,10,DETAIL,0,nan,REFERENCE:农银人寿2022年报__业务及管理费__20260721T161445,农银人寿2022年报__业务及管理费__20260721T161445,9.0
业务及管理费,CANON::业务及管理费::::租赁费,,租赁费,农银人寿,2023,2022.0,,False,,1,AUTO_EXACT_IDENTITY,OK,23508.17,农银人寿2023年报__业务及管理费__20260721T161604:p106:租赁费,10,DETAIL,0,nan,REFERENCE:农银人寿2022年报__业务及管理费__20260721T161445,农银人寿2022年报__业务及管理费__20260721T161445,9.0
业务及管理费,CANON::业务及管理费::::租赁费,,租赁费,农银人寿,2023,2023.0,,False,,1,AUTO_EXACT_IDENTITY,OK,21362.96,农银人寿2023年报__业务及管理费__20260721T161604:p106:租赁费,10,DETAIL,0,nan,REFERENCE:农银人寿2022年报__业务及管理费__20260721T161445,农银人寿2022年报__业务及管理费__20260721T161445,9.0
业务及管理费,CANON::业务及管理费::::监管费,,监管费,农银人寿,2022,2021.0,,False,,1,AUTO_EXACT_IDENTITY,OK,12466.15,农银人寿2022年报__业务及管理费__20260721T161445:p106:监管费,11,DETAIL,0,nan,REFERENCE:农银人寿2022年报__业务及管理费__20260721T161445,农银人寿2022年报__业务及管理费__20260721T161445,10.0
业务及管理费,CANON::业务及管理费::::监管费,,监管费,农银人寿,2022,2022.0,,False,,1,AUTO_EXACT_IDENTITY,OK,13692.9,农银人寿2022年报__业务及管理费__20260721T161445:p106:监管费,11,DETAIL,0,nan,REFERENCE:农银人寿2022年报__业务及管理费__20260721T161445,农银人寿2022年报__业务及管理费__20260721T161445,10.0
业务及管理费,CANON::业务及管理费::::监管费,,监管费,农银人寿,2023,2022.0,,False,,1,AUTO_EXACT_IDENTITY,OK,13692.9,农银人寿2023年报__业务及管理费__20260721T161604:p106:监管费,11,DETAIL,0,nan,REFERENCE:农银人寿2022年报__业务及管理费__20260721T161445,农银人寿2022年报__业务及管理费__20260721T161445,10.0
业务及管理费,CANON::业务及管理费::::监管费,,监管费,农银人寿,2023,2023.0,,False,,1,AUTO_EXACT_IDENTITY,OK,15134.3,农银人寿2023年报__业务及管理费__20260721T161604:p106:监管费,11,DETAIL,0,nan,REFERENCE:农银人寿2022年报__业务及管理费__20260721T161445,农银人寿2022年报__业务及管理费__20260721T161445,10.0
业务及管理费,CANON::业务及管理费::::车船使用费,,车船使用费,农银人寿,2022,2021.0,,False,,1,AUTO_EXACT_IDENTITY,OK,3259.73,农银人寿2022年报__业务及管理费__20260721T161445:p106:车船使用费,12,DETAIL,0,nan,REFERENCE:农银人寿2022年报__业务及管理费__20260721T161445,农银人寿2022年报__业务及管理费__20260721T161445,11.0
业务及管理费,CANON::业务及管理费::::车船使用费,,车船使用费,农银人寿,2022,2022.0,,False,,1,AUTO_EXACT_IDENTITY,OK,2880.27,农银人寿2022年报__业务及管理费__20260721T161445:p106:车船使用费,12,DETAIL,0,nan,REFERENCE:农银人寿2022年报__业务及管理费__20260721T161445,农银人寿2022年报__业务及管理费__20260721T161445,11.0
业务及管理费,CANON::业务及管理费::::车船使用费,,车船使用费,农银人寿,2023,2022.0,,False,,1,AUTO_EXACT_IDENTITY,OK,2880.27,农银人寿2023年报__业务及管理费__20260721T161604:p106:车船使用费,12,DETAIL,0,nan,REFERENCE:农银人寿2022年报__业务及管理费__20260721T161445,农银人寿2022年报__业务及管理费__20260721T161445,11.0
业务及管理费,CANON::业务及管理费::::车船使用费,,车船使用费,农银人寿,2023,2023.0,,False,,1,AUTO_EXACT_IDENTITY,OK,3012.62,农银人寿2023年报__业务及管理费__20260721T161604:p106:车船使用费,12,DETAIL,0,nan,REFERENCE:农银人寿2022年报__业务及管理费__20260721T161445,农银人寿2022年报__业务及管理费__20260721T161445,11.0
业务及管理费,CANON::业务及管理费::::其他,,其他,农银人寿,2022,2021.0,,False,,1,AUTO_EXACT_IDENTITY,OK,103903.67,农银人寿2022年报__业务及管理费__20260721T161445:p106:其他,13,DETAIL,0,nan,REFERENCE:农银人寿2022年报__业务及管理费__20260721T161445,农银人寿2022年报__业务及管理费__20260721T161445,12.0
业务及管理费,CANON::业务及管理费::::其他,,其他,农银人寿,2022,2022.0,,False,,1,AUTO_EXACT_IDENTITY,OK,99003.59,农银人寿2022年报__业务及管理费__20260721T161445:p106:其他,13,DETAIL,0,nan,REFERENCE:农银人寿2022年报__业务及管理费__20260721T161445,农银人寿2022年报__业务及管理费__20260721T161445,12.0
业务及管理费,CANON::业务及管理费::::其他,,其他,农银人寿,2023,2022.0,,False,,1,AUTO_EXACT_IDENTITY,OK,99003.59,农银人寿2023年报__业务及管理费__20260721T161604:p106:其他,13,DETAIL,0,nan,REFERENCE:农银人寿2022年报__业务及管理费__20260721T161445,农银人寿2022年报__业务及管理费__20260721T161445,12.0
业务及管理费,CANON::业务及管理费::::其他,,其他,农银人寿,2023,2023.0,,False,,1,AUTO_EXACT_IDENTITY,OK,97452.32,农银人寿2023年报__业务及管理费__20260721T161604:p106:其他,13,DETAIL,0,nan,REFERENCE:农银人寿2022年报__业务及管理费__20260721T161445,农银人寿2022年报__业务及管理费__20260721T161445,12.0
业务及管理费,CANON::业务及管理费::::合计,,合计,农银人寿,2022,2021.0,,False,,1,AUTO_EXACT_IDENTITY,OK,1824153.54,农银人寿2022年报__业务及管理费__20260721T161445:p106:合计,14,TOTAL,0,nan,REFERENCE:农银人寿2022年报__业务及管理费__20260721T161445,农银人寿2022年报__业务及管理费__20260721T161445,13.0
业务及管理费,CANON::业务及管理费::::合计,,合计,农银人寿,2022,2022.0,,False,,1,AUTO_EXACT_IDENTITY,OK,1898516.2,农银人寿2022年报__业务及管理费__20260721T161445:p106:合计,14,TOTAL,0,nan,REFERENCE:农银人寿2022年报__业务及管理费__20260721T161445,农银人寿2022年报__业务及管理费__20260721T161445,13.0
业务及管理费,CANON::业务及管理费::::合计,,合计,农银人寿,2023,2022.0,,False,,1,AUTO_EXACT_IDENTITY,OK,1898516.2,农银人寿2023年报__业务及管理费__20260721T161604:p106:合计,14,TOTAL,0,nan,REFERENCE:农银人寿2022年报__业务及管理费__20260721T161445,农银人寿2022年报__业务及管理费__20260721T161445,13.0
业务及管理费,CANON::业务及管理费::::合计,,合计,农银人寿,2023,2023.0,,False,,1,AUTO_EXACT_IDENTITY,OK,1988868.24,农银人寿2023年报__业务及管理费__20260721T161604:p106:合计,14,TOTAL,0,nan,REFERENCE:农银人寿2022年报__业务及管理费__20260721T161445,农银人寿2022年报__业务及管理费__20260721T161445,13.0
业务及管理费,CANON::业务及管理费::按费用项目::手续费及佣金,按费用项目,手续费及佣金,农银人寿,2024,2023.0,,True,,1,AUTO_EXACT_IDENTITY,OK,2547501.92,农银人寿2024年报__业务及管理费__20260721T161644:p140:手续费及佣金,16,DETAIL,1,按费用项目,INSERTED_FROM:农银人寿2024年报__业务及管理费__20260721T161644,农银人寿2022年报__业务及管理费__20260721T161445,
业务及管理费,CANON::业务及管理费::按费用项目::手续费及佣金,按费用项目,手续费及佣金,农银人寿,2024,2024.0,,False,,1,AUTO_EXACT_IDENTITY,OK,2117405.27,农银人寿2024年报__业务及管理费__20260721T161644:p140:手续费及佣金,16,DETAIL,1,按费用项目,INSERTED_FROM:农银人寿2024年报__业务及管理费__20260721T161644,农银人寿2022年报__业务及管理费__20260721T161445,
业务及管理费,CANON::业务及管理费::按费用项目::手续费及佣金,按费用项目,手续费及佣金,农银人寿,2025,2024.0,,False,,1,AUTO_EXACT_IDENTITY,OK,2117405.27,农银人寿2025年报__业务及管理费__20260721T161648:p122:手续费及佣金,16,DETAIL,1,按费用项目,INSERTED_FROM:农银人寿2024年报__业务及管理费__20260721T161644,农银人寿2022年报__业务及管理费__20260721T161445,
业务及管理费,CANON::业务及管理费::按费用项目::手续费及佣金,按费用项目,手续费及佣金,农银人寿,2025,2025.0,,False,,1,AUTO_EXACT_IDENTITY,OK,2011583.45,农银人寿2025年报__业务及管理费__20260721T161648:p122:手续费及佣金,16,DETAIL,1,按费用项目,INSERTED_FROM:农银人寿2024年报__业务及管理费__20260721T161644,农银人寿2022年报__业务及管理费__20260721T161445,
业务及管理费,CANON::业务及管理费::按费用项目::职工薪酬,按费用项目,职工薪酬,农银人寿,2024,2023.0,,True,,1,AUTO_EXACT_IDENTITY,OK,925567.65,农银人寿2024年报__业务及管理费__20260721T161644:p140:职工薪酬,17,DETAIL,1,按费用项目,INSERTED_FROM:农银人寿2024年报__业务及管理费__20260721T161644,农银人寿2022年报__业务及管理费__20260721T161445,
业务及管理费,CANON::业务及管理费::按费用项目::职工薪酬,按费用项目,职工薪酬,农银人寿,2024,2024.0,,False,,1,AUTO_EXACT_IDENTITY,OK,903525.94,农银人寿2024年报__业务及管理费__20260721T161644:p140:职工薪酬,17,DETAIL,1,按费用项目,INSERTED_FROM:农银人寿2024年报__业务及管理费__20260721T161644,农银人寿2022年报__业务及管理费__20260721T161445,
业务及管理费,CANON::业务及管理费::按费用项目::职工薪酬,按费用项目,职工薪酬,农银人寿,2025,2024.0,,False,,1,AUTO_EXACT_IDENTITY,OK,903525.94,农银人寿2025年报__业务及管理费__20260721T161648:p122:职工薪酬,17,DETAIL,1,按费用项目,INSERTED_FROM:农银人寿2024年报__业务及管理费__20260721T161644,农银人寿2022年报__业务及管理费__20260721T161445,
业务及管理费,CANON::业务及管理费::按费用项目::职工薪酬,按费用项目,职工薪酬,农银人寿,2025,2025.0,,False,,1,AUTO_EXACT_IDENTITY,OK,949839.99,农银人寿2025年报__业务及管理费__20260721T161648:p122:职工薪酬,17,DETAIL,1,按费用项目,INSERTED_FROM:农银人寿2024年报__业务及管理费__20260721T161644,农银人寿2022年报__业务及管理费__20260721T161445,
业务及管理费,CANON::业务及管理费::按费用项目::其他业务成本,按费用项目,其他业务成本,农银人寿,2024,2023.0,,True,,1,AUTO_EXACT_IDENTITY,OK,382701.34,农银人寿2024年报__业务及管理费__20260721T161644:p140:其他业务成本,18,DETAIL,1,按费用项目,INSERTED_FROM:农银人寿2024年报__业务及管理费__20260721T161644,农银人寿2022年报__业务及管理费__20260721T161445,
业务及管理费,CANON::业务及管理费::按费用项目::其他业务成本,按费用项目,其他业务成本,农银人寿,2024,2024.0,,False,,1,AUTO_EXACT_IDENTITY,OK,489702.23,农银人寿2024年报__业务及管理费__20260721T161644:p140:其他业务成本,18,DETAIL,1,按费用项目,INSERTED_FROM:农银人寿2024年报__业务及管理费__20260721T161644,农银人寿2022年报__业务及管理费__20260721T161445,
业务及管理费,CANON::业务及管理费::按费用项目::其他业务成本,按费用项目,其他业务成本,农银人寿,2025,2024.0,,False,,1,AUTO_EXACT_IDENTITY,OK,489702.23,农银人寿2025年报__业务及管理费__20260721T161648:p122:其他业务成本,18,DETAIL,1,按费用项目,INSERTED_FROM:农银人寿2024年报__业务及管理费__20260721T161644,农银人寿2022年报__业务及管理费__20260721T161445,
业务及管理费,CANON::业务及管理费::按费用项目::其他业务成本,按费用项目,其他业务成本,农银人寿,2025,2025.0,,False,,1,AUTO_EXACT_IDENTITY,OK,342915.78,农银人寿2025年报__业务及管理费__20260721T161648:p122:其他业务成本,18,DETAIL,1,按费用项目,INSERTED_FROM:农银人寿2024年报__业务及管理费__20260721T161644,农银人寿2022年报__业务及管理费__20260721T161445,
业务及管理费,CANON::业务及管理费::按费用项目::社会保险费和住房公积金,按费用项目,社会保险费和住房公积金,农银人寿,2024,2023.0,,True,,1,AUTO_EXACT_IDENTITY,OK,293189.24,农银人寿2024年报__业务及管理费__20260721T161644:p140:社会保险费和住房公积金,19,DETAIL,1,按费用项目,INSERTED_FROM:农银人寿2024年报__业务及管理费__20260721T161644,农银人寿2022年报__业务及管理费__20260721T161445,
业务及管理费,CANON::业务及管理费::按费用项目::社会保险费和住房公积金,按费用项目,社会保险费和住房公积金,农银人寿,2024,2024.0,,False,,1,AUTO_EXACT_IDENTITY,OK,309872.43,农银人寿2024年报__业务及管理费__20260721T161644:p140:社会保险费和住房公积金,19,DETAIL,1,按费用项目,INSERTED_FROM:农银人寿2024年报__业务及管理费__20260721T161644,农银人寿2022年报__业务及管理费__20260721T161445,
业务及管理费,CANON::业务及管理费::按费用项目::社会保险费和住房公积金,按费用项目,社会保险费和住房公积金,农银人寿,2025,2024.0,,False,,1,AUTO_EXACT_IDENTITY,OK,309872.43,农银人寿2025年报__业务及管理费__20260721T161648:p122:社会保险费和住房公积金,19,DETAIL,1,按费用项目,INSERTED_FROM:农银人寿2024年报__业务及管理费__20260721T161644,农银人寿2022年报__业务及管理费__20260721T161445,
业务及管理费,CANON::业务及管理费::按费用项目::社会保险费和住房公积金,按费用项目,社会保险费和住房公积金,农银人寿,2025,2025.0,,False,,1,AUTO_EXACT_IDENTITY,OK,304769.51,农银人寿2025年报__业务及管理费__20260721T161648:p122:社会保险费和住房公积金,19,DETAIL,1,按费用项目,INSERTED_FROM:农银人寿2024年报__业务及管理费__20260721T161644,农银人寿2022年报__业务及管理费__20260721T161445,
业务及管理费,CANON::业务及管理费::按费用项目::折旧和摊销费,按费用项目,折旧和摊销费,农银人寿,2024,2023.0,,True,,1,AUTO_EXACT_IDENTITY,OK,203068.18,农银人寿2024年报__业务及管理费__20260721T161644:p140:折旧和摊销费,20,DETAIL,1,按费用项目,INSERTED_FROM:农银人寿2024年报__业务及管理费__20260721T161644,农银人寿2022年报__业务及管理费__20260721T161445,
业务及管理费,CANON::业务及管理费::按费用项目::折旧和摊销费,按费用项目,折旧和摊销费,农银人寿,2024,2024.0,,False,,1,AUTO_EXACT_IDENTITY,OK,209436.14,农银人寿2024年报__业务及管理费__20260721T161644:p140:折旧和摊销费,20,DETAIL,1,按费用项目,INSERTED_FROM:农银人寿2024年报__业务及管理费__20260721T161644,农银人寿2022年报__业务及管理费__20260721T161445,
业务及管理费,CANON::业务及管理费::按费用项目::折旧和摊销费,按费用项目,折旧和摊销费,农银人寿,2025,2024.0,,False,,1,AUTO_EXACT_IDENTITY,OK,209436.14,农银人寿2025年报__业务及管理费__20260721T161648:p122:折旧和摊销费,20,DETAIL,1,按费用项目,INSERTED_FROM:农银人寿2024年报__业务及管理费__20260721T161644,农银人寿2022年报__业务及管理费__20260721T161445,
业务及管理费,CANON::业务及管理费::按费用项目::折旧和摊销费,按费用项目,折旧和摊销费,农银人寿,2025,2025.0,,False,,1,AUTO_EXACT_IDENTITY,OK,196372.41,农银人寿2025年报__业务及管理费__20260721T161648:p122:折旧和摊销费,20,DETAIL,1,按费用项目,INSERTED_FROM:农银人寿2024年报__业务及管理费__20260721T161644,农银人寿2022年报__业务及管理费__20260721T161445,
业务及管理费,CANON::业务及管理费::按费用项目::行政办公支出,按费用项目,行政办公支出,农银人寿,2024,2023.0,,True,,1,AUTO_EXACT_IDENTITY,OK,149446.87,农银人寿2024年报__业务及管理费__20260721T161644:p140:行政办公支出,21,DETAIL,1,按费用项目,INSERTED_FROM:农银人寿2024年报__业务及管理费__20260721T161644,农银人寿2022年报__业务及管理费__20260721T161445,
业务及管理费,CANON::业务及管理费::按费用项目::行政办公支出,按费用项目,行政办公支出,农银人寿,2024,2024.0,,False,,1,AUTO_EXACT_IDENTITY,OK,116159.58,农银人寿2024年报__业务及管理费__20260721T161644:p140:行政办公支出,21,DETAIL,1,按费用项目,INSERTED_FROM:农银人寿2024年报__业务及管理费__20260721T161644,农银人寿2022年报__业务及管理费__20260721T161445,
业务及管理费,CANON::业务及管理费::按费用项目::行政办公支出,按费用项目,行政办公支出,农银人寿,2025,2024.0,,False,,1,AUTO_EXACT_IDENTITY,OK,116159.58,农银人寿2025年报__业务及管理费__20260721T161648:p122:行政办公支出,21,DETAIL,1,按费用项目,INSERTED_FROM:农银人寿2024年报__业务及管理费__20260721T161644,农银人寿2022年报__业务及管理费__20260721T161445,
业务及管理费,CANON::业务及管理费::按费用项目::行政办公支出,按费用项目,行政办公支出,农银人寿,2025,2025.0,,False,,1,AUTO_EXACT_IDENTITY,OK,96708.05,农银人寿2025年报__业务及管理费__20260721T161648:p122:行政办公支出,21,DETAIL,1,按费用项目,INSERTED_FROM:农银人寿2024年报__业务及管理费__20260721T161644,农银人寿2022年报__业务及管理费__20260721T161445,
业务及管理费,CANON::业务及管理费::按费用项目::劳动保险费,按费用项目,劳动保险费,农银人寿,2024,2023.0,,True,,1,AUTO_EXACT_IDENTITY,OK,68234.85,农银人寿2024年报__业务及管理费__20260721T161644:p140:劳动保险费,22,DETAIL,1,按费用项目,INSERTED_FROM:农银人寿2024年报__业务及管理费__20260721T161644,农银人寿2022年报__业务及管理费__20260721T161445,
业务及管理费,CANON::业务及管理费::按费用项目::劳动保险费,按费用项目,劳动保险费,农银人寿,2024,2024.0,,False,,1,AUTO_EXACT_IDENTITY,OK,68702.66,农银人寿2024年报__业务及管理费__20260721T161644:p140:劳动保险费,22,DETAIL,1,按费用项目,INSERTED_FROM:农银人寿2024年报__业务及管理费__20260721T161644,农银人寿2022年报__业务及管理费__20260721T161445,
业务及管理费,CANON::业务及管理费::按费用项目::劳动保险费,按费用项目,劳动保险费,农银人寿,2025,2024.0,,False,,1,AUTO_EXACT_IDENTITY,OK,68702.66,农银人寿2025年报__业务及管理费__20260721T161648:p122:劳动保险费,22,DETAIL,1,按费用项目,INSERTED_FROM:农银人寿2024年报__业务及管理费__20260721T161644,农银人寿2022年报__业务及管理费__20260721T161445,
业务及管理费,CANON::业务及管理费::按费用项目::劳动保险费,按费用项目,劳动保险费,农银人寿,2025,2025.0,,False,,1,AUTO_EXACT_IDENTITY,OK,86668.63,农银人寿2025年报__业务及管理费__20260721T161648:p122:劳动保险费,22,DETAIL,1,按费用项目,INSERTED_FROM:农银人寿2024年报__业务及管理费__20260721T161644,农银人寿2022年报__业务及管理费__20260721T161445,
业务及管理费,CANON::业务及管理费::按费用项目::保险保障基金,按费用项目,保险保障基金,农银人寿,2024,2023.0,,True,,1,AUTO_EXACT_IDENTITY,OK,89744.97,农银人寿2024年报__业务及管理费__20260721T161644:p140:保险保障基金,23,DETAIL,1,按费用项目,INSERTED_FROM:农银人寿2024年报__业务及管理费__20260721T161644,农银人寿2022年报__业务及管理费__20260721T161445,
业务及管理费,CANON::业务及管理费::按费用项目::保险保障基金,按费用项目,保险保障基金,农银人寿,2024,2024.0,,False,,1,AUTO_EXACT_IDENTITY,OK,118920.6,农银人寿2024年报__业务及管理费__20260721T161644:p140:保险保障基金,23,DETAIL,1,按费用项目,INSERTED_FROM:农银人寿2024年报__业务及管理费__20260721T161644,农银人寿2022年报__业务及管理费__20260721T161445,
业务及管理费,CANON::业务及管理费::按费用项目::保险保障基金,按费用项目,保险保障基金,农银人寿,2025,2024.0,,False,,1,AUTO_EXACT_IDENTITY,OK,118920.6,农银人寿2025年报__业务及管理费__20260721T161648:p122:保险保障基金,23,DETAIL,1,按费用项目,INSERTED_FROM:农银人寿2024年报__业务及管理费__20260721T161644,农银人寿2022年报__业务及管理费__20260721T161445,
业务及管理费,CANON::业务及管理费::按费用项目::保险保障基金,按费用项目,保险保障基金,农银人寿,2025,2025.0,,False,,1,AUTO_EXACT_IDENTITY,OK,139132.43,农银人寿2025年报__业务及管理费__20260721T161648:p122:保险保障基金,23,DETAIL,1,按费用项目,INSERTED_FROM:农银人寿2024年报__业务及管理费__20260721T161644,农银人寿2022年报__业务及管理费__20260721T161445,
业务及管理费,CANON::业务及管理费::按费用项目::电子设备运转费,按费用项目,电子设备运转费,农银人寿,2024,2023.0,,True,,1,AUTO_EXACT_IDENTITY,OK,62795.24,农银人寿2024年报__业务及管理费__20260721T161644:p140:电子设备运转费,24,DETAIL,1,按费用项目,INSERTED_FROM:农银人寿2024年报__业务及管理费__20260721T161644,农银人寿2022年报__业务及管理费__20260721T161445,
业务及管理费,CANON::业务及管理费::按费用项目::电子设备运转费,按费用项目,电子设备运转费,农银人寿,2024,2024.0,,False,,1,AUTO_EXACT_IDENTITY,OK,49389.33,农银人寿2024年报__业务及管理费__20260721T161644:p140:电子设备运转费,24,DETAIL,1,按费用项目,INSERTED_FROM:农银人寿2024年报__业务及管理费__20260721T161644,农银人寿2022年报__业务及管理费__20260721T161445,
业务及管理费,CANON::业务及管理费::按费用项目::电子设备运转费,按费用项目,电子设备运转费,农银人寿,2025,2024.0,,False,,1,AUTO_EXACT_IDENTITY,OK,49389.33,农银人寿2025年报__业务及管理费__20260721T161648:p122:电子设备运转费,24,DETAIL,1,按费用项目,INSERTED_FROM:农银人寿2024年报__业务及管理费__20260721T161644,农银人寿2022年报__业务及管理费__20260721T161445,
业务及管理费,CANON::业务及管理费::按费用项目::电子设备运转费,按费用项目,电子设备运转费,农银人寿,2025,2025.0,,False,,1,AUTO_EXACT_IDENTITY,OK,47392.68,农银人寿2025年报__业务及管理费__20260721T161648:p122:电子设备运转费,24,DETAIL,1,按费用项目,INSERTED_FROM:农银人寿2024年报__业务及管理费__20260721T161644,农银人寿2022年报__业务及管理费__20260721T161445,
业务及管理费,CANON::业务及管理费::按费用项目::租赁费,按费用项目,租赁费,农银人寿,2024,2023.0,,True,,1,AUTO_EXACT_IDENTITY,OK,21362.96,农银人寿2024年报__业务及管理费__20260721T161644:p140:租赁费,25,DETAIL,1,按费用项目,INSERTED_FROM:农银人寿2024年报__业务及管理费__20260721T161644,农银人寿2022年报__业务及管理费__20260721T161445,
业务及管理费,CANON::业务及管理费::按费用项目::租赁费,按费用项目,租赁费,农银人寿,2024,2024.0,,False,,1,AUTO_EXACT_IDENTITY,OK,23042.28,农银人寿2024年报__业务及管理费__20260721T161644:p140:租赁费,25,DETAIL,1,按费用项目,INSERTED_FROM:农银人寿2024年报__业务及管理费__20260721T161644,农银人寿2022年报__业务及管理费__20260721T161445,
业务及管理费,CANON::业务及管理费::按费用项目::租赁费,按费用项目,租赁费,农银人寿,2025,2024.0,,False,,1,AUTO_EXACT_IDENTITY,OK,23042.28,农银人寿2025年报__业务及管理费__20260721T161648:p122:租赁费,25,DETAIL,1,按费用项目,INSERTED_FROM:农银人寿2024年报__业务及管理费__20260721T161644,农银人寿2022年报__业务及管理费__20260721T161445,
业务及管理费,CANON::业务及管理费::按费用项目::租赁费,按费用项目,租赁费,农银人寿,2025,2025.0,,False,,1,AUTO_EXACT_IDENTITY,OK,28886.0,农银人寿2025年报__业务及管理费__20260721T161648:p122:租赁费,25,DETAIL,1,按费用项目,INSERTED_FROM:农银人寿2024年报__业务及管理费__20260721T161644,农银人寿2022年报__业务及管理费__20260721T161445,
业务及管理费,CANON::业务及管理费::按费用项目::广告及宣传费,按费用项目,广告及宣传费,农银人寿,2024,2023.0,,True,,1,AUTO_EXACT_IDENTITY,OK,59859.04,农银人寿2024年报__业务及管理费__20260721T161644:p140:广告及宣传费,26,DETAIL,1,按费用项目,INSERTED_FROM:农银人寿2024年报__业务及管理费__20260721T161644,农银人寿2022年报__业务及管理费__20260721T161445,
业务及管理费,CANON::业务及管理费::按费用项目::广告及宣传费,按费用项目,广告及宣传费,农银人寿,2024,2024.0,,False,,1,AUTO_EXACT_IDENTITY,OK,47629.42,农银人寿2024年报__业务及管理费__20260721T161644:p140:广告及宣传费,26,DETAIL,1,按费用项目,INSERTED_FROM:农银人寿2024年报__业务及管理费__20260721T161644,农银人寿2022年报__业务及管理费__20260721T161445,
业务及管理费,CANON::业务及管理费::按费用项目::广告及宣传费,按费用项目,广告及宣传费,农银人寿,2025,2024.0,,False,,1,AUTO_EXACT_IDENTITY,OK,47629.42,农银人寿2025年报__业务及管理费__20260721T161648:p122:广告及宣传费,26,DETAIL,1,按费用项目,INSERTED_FROM:农银人寿2024年报__业务及管理费__20260721T161644,农银人寿2022年报__业务及管理费__20260721T161445,
业务及管理费,CANON::业务及管理费::按费用项目::广告及宣传费,按费用项目,广告及宣传费,农银人寿,2025,2025.0,,False,,1,AUTO_EXACT_IDENTITY,OK,42380.07,农银人寿2025年报__业务及管理费__20260721T161648:p122:广告及宣传费,26,DETAIL,1,按费用项目,INSERTED_FROM:农银人寿2024年报__业务及管理费__20260721T161644,农银人寿2022年报__业务及管理费__20260721T161445,
业务及管理费,CANON::业务及管理费::按费用项目::监管费,按费用项目,监管费,农银人寿,2024,2023.0,,True,,1,AUTO_EXACT_IDENTITY,OK,15134.3,农银人寿2024年报__业务及管理费__20260721T161644:p140:监管费,27,DETAIL,1,按费用项目,INSERTED_FROM:农银人寿2024年报__业务及管理费__20260721T161644,农银人寿2022年报__业务及管理费__20260721T161445,
业务及管理费,CANON::业务及管理费::按费用项目::监管费,按费用项目,监管费,农银人寿,2024,2024.0,,False,,1,AUTO_EXACT_IDENTITY,OK,13642.75,农银人寿2024年报__业务及管理费__20260721T161644:p140:监管费,27,DETAIL,1,按费用项目,INSERTED_FROM:农银人寿2024年报__业务及管理费__20260721T161644,农银人寿2022年报__业务及管理费__20260721T161445,
业务及管理费,CANON::业务及管理费::按费用项目::监管费,按费用项目,监管费,农银人寿,2025,2024.0,,False,,1,AUTO_EXACT_IDENTITY,OK,13642.75,农银人寿2025年报__业务及管理费__20260721T161648:p122:监管费,27,DETAIL,1,按费用项目,INSERTED_FROM:农银人寿2024年报__业务及管理费__20260721T161644,农银人寿2022年报__业务及管理费__20260721T161445,
业务及管理费,CANON::业务及管理费::按费用项目::监管费,按费用项目,监管费,农银人寿,2025,2025.0,,False,,1,AUTO_EXACT_IDENTITY,OK,17118.23,农银人寿2025年报__业务及管理费__20260721T161648:p122:监管费,27,DETAIL,1,按费用项目,INSERTED_FROM:农银人寿2024年报__业务及管理费__20260721T161644,农银人寿2022年报__业务及管理费__20260721T161445,
业务及管理费,CANON::业务及管理费::按费用项目::车船使用费,按费用项目,车船使用费,农银人寿,2024,2023.0,,True,,1,AUTO_EXACT_IDENTITY,OK,3012.62,农银人寿2024年报__业务及管理费__20260721T161644:p140:车船使用费,28,DETAIL,1,按费用项目,INSERTED_FROM:农银人寿2024年报__业务及管理费__20260721T161644,农银人寿2022年报__业务及管理费__20260721T161445,
业务及管理费,CANON::业务及管理费::按费用项目::车船使用费,按费用项目,车船使用费,农银人寿,2024,2024.0,,False,,1,AUTO_EXACT_IDENTITY,OK,2605.51,农银人寿2024年报__业务及管理费__20260721T161644:p140:车船使用费,28,DETAIL,1,按费用项目,INSERTED_FROM:农银人寿2024年报__业务及管理费__20260721T161644,农银人寿2022年报__业务及管理费__20260721T161445,
业务及管理费,CANON::业务及管理费::按费用项目::车船使用费,按费用项目,车船使用费,农银人寿,2025,2024.0,,False,,1,AUTO_EXACT_IDENTITY,OK,2605.51,农银人寿2025年报__业务及管理费__20260721T161648:p122:车船使用费,28,DETAIL,1,按费用项目,INSERTED_FROM:农银人寿2024年报__业务及管理费__20260721T161644,农银人寿2022年报__业务及管理费__20260721T161445,
业务及管理费,CANON::业务及管理费::按费用项目::车船使用费,按费用项目,车船使用费,农银人寿,2025,2025.0,,False,,1,AUTO_EXACT_IDENTITY,OK,2049.1,农银人寿2025年报__业务及管理费__20260721T161648:p122:车船使用费,28,DETAIL,1,按费用项目,INSERTED_FROM:农银人寿2024年报__业务及管理费__20260721T161644,农银人寿2022年报__业务及管理费__20260721T161445,
业务及管理费,CANON::业务及管理费::按费用项目::其他,按费用项目,其他,农银人寿,2024,2023.0,,True,,1,AUTO_EXACT_IDENTITY,OK,97452.32,农银人寿2024年报__业务及管理费__20260721T161644:p140:其他,29,DETAIL,1,按费用项目,INSERTED_FROM:农银人寿2024年报__业务及管理费__20260721T161644,农银人寿2022年报__业务及管理费__20260721T161445,
业务及管理费,CANON::业务及管理费::按费用项目::其他,按费用项目,其他,农银人寿,2024,2024.0,,False,,1,AUTO_EXACT_IDENTITY,OK,104735.89,农银人寿2024年报__业务及管理费__20260721T161644:p140:其他,29,DETAIL,1,按费用项目,INSERTED_FROM:农银人寿2024年报__业务及管理费__20260721T161644,农银人寿2022年报__业务及管理费__20260721T161445,
业务及管理费,CANON::业务及管理费::按费用项目::其他,按费用项目,其他,农银人寿,2025,2024.0,,False,,1,AUTO_EXACT_IDENTITY,OK,104735.89,农银人寿2025年报__业务及管理费__20260721T161648:p122:其他,29,DETAIL,1,按费用项目,INSERTED_FROM:农银人寿2024年报__业务及管理费__20260721T161644,农银人寿2022年报__业务及管理费__20260721T161445,
业务及管理费,CANON::业务及管理费::按费用项目::其他,按费用项目,其他,农银人寿,2025,2025.0,,False,,1,AUTO_EXACT_IDENTITY,OK,113208.95,农银人寿2025年报__业务及管理费__20260721T161648:p122:其他,29,DETAIL,1,按费用项目,INSERTED_FROM:农银人寿2024年报__业务及管理费__20260721T161644,农银人寿2022年报__业务及管理费__20260721T161445,
业务及管理费,CANON::业务及管理费::按费用项目::合计,按费用项目,合计,农银人寿,2024,2023.0,,True,,1,AUTO_EXACT_IDENTITY,OK,4919071.5,农银人寿2024年报__业务及管理费__20260721T161644:p140:合计,30,TOTAL,1,按费用项目,INSERTED_FROM:农银人寿2024年报__业务及管理费__20260721T161644,农银人寿2022年报__业务及管理费__20260721T161445,
业务及管理费,CANON::业务及管理费::按费用项目::合计,按费用项目,合计,农银人寿,2024,2024.0,,False,,1,AUTO_EXACT_IDENTITY,OK,4574770.03,农银人寿2024年报__业务及管理费__20260721T161644:p140:合计,30,TOTAL,1,按费用项目,INSERTED_FROM:农银人寿2024年报__业务及管理费__20260721T161644,农银人寿2022年报__业务及管理费__20260721T161445,
业务及管理费,CANON::业务及管理费::按费用项目::合计,按费用项目,合计,农银人寿,2025,2024.0,,False,,1,AUTO_EXACT_IDENTITY,OK,4574770.03,农银人寿2025年报__业务及管理费__20260721T161648:p122:合计,30,TOTAL,1,按费用项目,INSERTED_FROM:农银人寿2024年报__业务及管理费__20260721T161644,农银人寿2022年报__业务及管理费__20260721T161445,
业务及管理费,CANON::业务及管理费::按费用项目::合计,按费用项目,合计,农银人寿,2025,2025.0,,False,,1,AUTO_EXACT_IDENTITY,OK,4379025.28,农银人寿2025年报__业务及管理费__20260721T161648:p122:合计,30,TOTAL,1,按费用项目,INSERTED_FROM:农银人寿2024年报__业务及管理费__20260721T161644,农银人寿2022年报__业务及管理费__20260721T161445,
